market,code,active1,price,last_close,open,high,low,servertime,reversed_bytes0,reversed_bytes1,vol,cur_vol,amount,s_vol,b_vol,reversed_bytes2,reversed_bytes3,bid1,ask1,bid_vol1,ask_vol1,bid2,ask2,bid_vol2,ask_vol2,bid3,ask3,bid_vol3,ask_vol3,bid4,ask4,bid_vol4,ask_vol4,bid5,ask5,bid_vol5,ask_vol5,reversed_bytes4,reversed_bytes5,reversed_bytes6,reversed_bytes7,reversed_bytes8,reversed_bytes9,active2,liutongguben,province,industry,updated_date,ipo_date,zongguben,guojiagu,faqirenfarengu,farengu,bgu,hgu,zhigonggu,zongzichan,liudongzichan,gudingzichan,wuxingzichan,gudongrenshu,liudongfuzhai,changqifuzhai,zibengongjijin,jingzichan,zhuyingshouru,zhuyinglirun,yingshouzhangkuan,yingyelirun,touzishouyu,jingyingxianjinliu,zongxianjinliu,cunhuo,lirunzonghe,shuihoulirun,jinglirun,weifenpeilirun,meigujingzichan,baoliu2,liutongguben_raw,liutongguben_factor,流通盘,circulating,turnover_low_ratio,turnover_low_ok,chip_90,chip_70,chip_90_delta,chip_70_delta,chip_90_slope,chip_70_slope,chip_90_bounce,chip_70_bounce,chip_90_up_days,chip_70_up_days,ma20_support_ok,ma20_oscillation_ok
0,000488,1015,2.17,2.12,2.12,2.2,2.12,14:59:59.222,14999784,-217,279403,4272,60323892.0,88954,190449,-1,25444,2.17,2.18,14783,24547,2.16,2.19,6555,20406,2.15,2.2,5747,39859,2.14,2.21,3288,11558,2.13,2.22,3725,11174,"(22,)",0,0,0,0,0.0,1015,1681387343.75,15,38,20251031,20001120,2941456250.0,12220000.0,-7100985000.0,198247460000.0,706385234.375,528305195.3125,-20499.99952316284,528549760000.0,85279520000.0,297749800000.0,16165218750.0,109647.0,400892040000.0,21475597500.0,52412795000.0,31968895000.0,33478605000.0,54326125000.0,8824521250.0,-65228440000.0,-7154050000.0,7025893125.0,-405815000.0,26830045000.0,-65493170000.0,-64365090000.0,-60078160000.0,-53999990000.0,1.087000012397766,9.0,1681387343.75,1,3648610535.9375,3648610535.9375,1.0,True,0.07594183419092658,0.05882873913823866,-0.0010997319924760801,-0.0028317444176280127,-2.1517340504889165e-05,-0.00036370430976811335,-0.0038315170917822086,0.21650930126868256,2.0,1.0,True,True
0,000507,1417,5.46,5.47,5.5,5.5,5.43,14:59:58.038,14999455,-546,70908,590,38742824.0,39282,31627,1,2596,5.45,5.46,1128,692,5.44,5.47,2131,1759,5.43,5.48,1070,2296,5.42,5.49,640,3026,5.41,5.5,685,5285,"(3862,)",0,0,0,0,0.0,1417,902354531.25,12,16,20260202,19930326,919734921.875,16550000.0,2387892187.5,40335870000.0,0.0,0.0,2500.0,202266560000.0,57418140000.0,69174775000.0,13909947500.0,66552.0,43900485000.0,29694100000.0,13712315000.0,62724800000.0,32439140000.0,23354847500.0,13021222500.0,5420471250.0,1528277968.75,6926250000.0,-12811961250.0,2749243125.0,5137523125.0,3937955937.5,2483917031.25,25570240000.0,5.951000213623047,9.0,902354531.25,1,4926855740.625,4926855740.625,1.0,True,0.07298002119793492,0.04323733218609375,-0.01036890591818658,-0.01927646728831805,-0.0016082590583335402,-0.0028839105674882833,0.0635117467856312,-0.15910535809347728,2.0,0.0,True,True
0,000529,1792,6.26,6.27,6.29,6.31,6.23,14:59:57.750,14999375,-626,73061,321,45853392.0,36902,36159,0,3862,6.26,6.27,288,87,6.25,6.28,649,214,6.24,6.29,1010,851,6.23,6.3,422,1253,6.22,6.31,560,2628,"(22,)",0,0,0,0,0.0,1792,569884414.0625,12,14,20251029,19931118,583790312.5,12130000.0,850940703.125,18820298750.0,0.0,0.0,1199.99997317791,68169220000.0,27629350000.0,9594186250.0,2192811875.0,34215.0,18487120000.0,457473007.8125,4182455937.5,31694487500.0,16886547500.0,16074051250.0,460062031.25,722822031.25,578685000.0,-1419725000.0,-700045000.0,2821277812.5,806883984.375,681895000.0,671488984.375,14796442500.0,5.428999900817871,9.0,569884414.0625,1,3567476432.03125,3567476432.03125,1.0,True,0.04900385791327912,0.03821508467773687,-0.008735839252256447,-0.0019748400754069848,-0.00014349264463742184,2.7067568527939834e-05,-0.03524632280683416,-0.00633120404473929,0.0,4.0,True,True
0,000590,2038,12.39,12.28,12.29,12.55,12.2,14:59:55.543,14998762,-1239,72263,910,89470432.0,32990,39274,3,7313,12.39,12.4,32,212,12.38,12.41,136,835,12.37,12.42,36,570,12.36,12.43,222,147,12.35,12.44,332,183,"(5782,)",0,0,0,0,-0.15,2038,239371406.25,21,34,20251223,19960119,239471308.59375,12270000.0,-284544707.03125,2162311875.0,0.0,0.0,-599.9999865889549,9455893125.0,4312295000.0,2845903750.0,1261262968.75,17617.0,1624625000.0,24270000.0,4740643125.0,5834255000.0,2248157031.25,1198992031.25,32345000.0,-123868007.8125,922999.9542236328,331316992.1875,-195907988.28125,1149050937.5,-127360996.09375,-150629003.90625,-148206005.859375,-1760085000.0,2.436000108718872,9.0,239371406.25,1,2965811723.4375,2965811723.4375,1.0,True,0.08974895746811254,0.05431905389491293,-0.027927754412108943,-0.012145609481543404,0.0010472196995768822,0.00047012900559085846,0.011794580097376255,0.0700624178554321,5.0,5.0,True,True
0,000713,1423,6.81,6.85,6.83,6.85,6.79,14:59:57.552,14999320,-681,98576,1285,67077612.0,58598,39979,1,1229,6.8,6.81,871,54,6.79,6.82,11030,1145,6.78,6.83,6563,1888,6.77,6.84,2236,1940,6.76,6.85,2877,1073,"(5910,)",0,0,0,0,0.0,1423,614015000.0,24,17,20260202,19970422,798219531.25,10050000.0,-710513437.5,17204847500.0,0.0,0.0,-1500.0000596046448,35230580000.0,21051065000.0,5612451250.0,2605852968.75,67378.0,13275597500.0,758927031.25,4471451250.0,19058286250.0,15255948750.0,13858056250.0,2664196250.0,-958367031.25,18307000.732421875,1364962031.25,1204000000.0,9876150000.0,-973710000.0,-977200937.5,-907137968.75,7355656250.0,3.1040000915527344,9.0,614015000.0,1,4181442149.9999995,4181442149.9999995,0.85,True,0.10789147794064442,0.05026043921921745,0.043743052456340345,0.003563480977492331,0.004347093240020815,0.00046272142001123454,1.4523906327136984,0.7381533347929996,5.0,3.0,True,True
0,000789,1394,5.68,5.69,5.7,5.72,5.62,14:59:57.959,14999433,-568,76165,738,43267708.0,40815,35351,1,752,5.67,5.68,56,214,5.66,5.69,105,1436,5.65,5.7,964,1477,5.64,5.71,584,2205,5.63,5.72,532,2630,"(4182,)",0,0,0,0,0.0,1394,797407421.875,22,22,20251030,19970923,797407421.875,12300000.0,69781401.3671875,40180030000.0,0.0,0.0,99.99999776482582,157993820000.0,71804855000.0,60604180000.0,15273600000.0,46758.0,41172380000.0,33524947500.0,519483007.8125,65903920000.0,33277070000.0,28063987500.0,14790675000.0,696330000.0,173346992.1875,4155935000.0,1696203906.25,4626043125.0,749400937.5,170893984.375,74853999.0234375,53907990000.0,8.07699966430664,9.0,797407421.875,1,4529274156.25,4529274156.25,1.0,True,0.08843048495543572,0.05606518695129351,-0.016118603130664988,-0.026846602432683837,-0.002591706232965047,-0.0030189129387081987,-0.14842670864483043,-0.2784993089206527,2.0,1.0,True,True
0,000868,1204,4.94,4.92,4.92,4.95,4.9,14:59:58.225,14999507,-494,98089,1316,48407716.0,32226,65863,0,1663,4.93,4.94,2144,1237,4.92,4.95,11763,6846,4.91,4.96,579,4826,4.9,4.97,2982,3200,4.89,4.98,1010,2020,"(406,)",0,0,0,0,0.0,1204,733328437.5,24,7,20260202,19970725,939514765.625,12360000.0,-53590000.0,16942357500.0,0.0,0.0,-99.99999776482582,42529620000.0,31963450000.0,5798238125.0,1611162968.75,46856.0,33051490000.0,355196015.625,13122737500.0,8513180000.0,24459747500.0,22500055000.0,12694221250.0,-202545000.0,44962998.046875,-344330000.0,-503816992.1875,3739693125.0,-198098007.8125,-199336992.1875,-86578994.140625,-14780481250.0,0.906000018119812,9.0,733328437.5,1,3622642481.2500005,3622642481.2500005,1.0,True,0.10083604176403789,0.04517902121801159,0.0017256900422742416,-0.038655069796344914,-1.202798405990311e-05,-0.005511099768760492,0.017411804239367838,-0.4476248120528549,4.0,0.0,True,True
0,000906,1383,6.23,6.24,6.23,6.25,6.17,14:59:57.761,14999378,-623,49578,635,30879872.0,31072,18506,1,1146,6.23,6.24,1846,624,6.22,6.25,1714,3934,6.21,6.26,1202,1741,6.2,6.27,1054,1936,6.19,6.28,1183,2566,"(726,)",0,0,0,0,-0.15,1383,701239765.625,28,12,20251025,19990707,709663203.125,21720000.0,3620042500.0,1472104480000.0,0.0,0.0,2300.000041723252,533931960000.0,502259600000.0,14477731250.0,4572969062.5,28465.0,414844360000.0,37929427500.0,8543915625.0,57559240000.0,1706224320000.0,1692114400000.0,73461325000.0,6247128125.0,3002943125.0,-55241460000.0,-5369332500.0,200738780000.0,6235861250.0,4499994062.5,1900270000.0,28120740000.0,6.702000141143799,9.0,701239765.625,1,4368723739.84375,4368723739.84375,1.0,True,0.06673728063044079,0.042553266813775976,-0.0063333489082564864,-0.007633910227991696,-0.000916130187222144,-0.0009115332910185394,0.036246384310537276,-0.04599477580560112,3.0,0.0,True,True
0,000910,1256,7.81,7.85,7.87,7.92,7.8,14:59:57.192,14999220,-781,50380,373,39571660.0,25473,24907,-2,1070,7.81,7.82,1,5,7.8,7.83,215,207,7.79,7.84,215,702,7.78,7.85,152,1080,7.77,7.86,354,115,"(22,)",0,0,0,0,-0.12,1256,547184492.1875,26,4,20251030,19990630,547397500.0,12200000.0,1340603281.25,37723055000.0,0.0,0.0,1299.9999523162842,97451220000.0,71187340000.0,14824025000.0,4766975000.0,17629.0,27499312500.0,1489048125.0,2433890937.5,67172980000.0,34039287500.0,25232287500.0,15925348750.0,754133984.375,74832001.953125,-200743984.375,-449591015.625,18121395000.0,744452968.75,540000976.5625,731730000.0,55944305000.0,12.270999908447266,9.0,547184492.1875,1,4273510883.984375,4273510883.984375,1.0,True,0.06634757894957719,0.05034108730687649,-0.005737536557350126,0.000319955643343528,-0.0003292671589732986,0.0002649014035003329,-0.028704474633549314,0.032954535091661304,4.0,5.0,True,True
0,001201,1110,14.95,15.13,15.13,15.16,14.94,14:59:54.622,14998506,-1495,23418,681,35123628.0,15583,7835,-1,106,14.95,14.96,332,106,14.94,14.97,363,10,14.93,14.98,103,114,14.92,14.99,95,100,14.91,15.0,102,77,"(2326,)",0,0,0,0,0.07,1110,203134609.375,12,17,20251031,20210428,257784003.90625,10030000.0,-769769609.375,10658586250.0,0.0,0.0,399.9999910593033,62069500000.0,15217467500.0,39648027500.0,292557011.71875,17738.0,16126097500.0,34490000.0,27323735000.0,33970587500.0,15997973750.0,13086522500.0,59460000.0,149610996.09375,-22181000.9765625,1357055000.0,-111141005.859375,8924263125.0,131989003.90625,112746992.1875,114675000.0,3657101875.0,13.178000450134276,9.0,203134609.375,1,3036862410.15625,3036862410.15625,1.0,True,0.10140951043348431,0.04820977159414841,-0.012215621249141217,-0.039266682071791625,-0.0020758695674435563,-0.004703937387916278,-0.07762971769416968,-0.41282815691724106,1.0,0.0,True,True
0,001239,1813,16.83,16.98,16.94,17.04,16.81,14:59:53.945,14998318,-1683,31768,227,53784452.0,16099,15669,1,1271,16.83,16.84,88,128,16.82,16.85,86,735,16.81,16.86,230,57,16.8,16.87,130,56,16.79,16.88,36,13,"(1558,)",0,0,0,0,-0.11,1813,114000000.0,21,26,20260106,20231212,240000000.0,12330000.0,451594687.5,4276168437.5,0.0,0.0,3000.0001192092896,41345352500.0,31630185000.0,6489200000.0,1387754062.5,17977.0,12345295000.0,6756435000.0,7794892500.0,13781467500.0,15259387500.0,13019432500.0,8544400625.0,1479885000.0,46947001.953125,44796000.9765625,103350000.0,9106222500.0,1480117968.75,1299587031.25,719518984.375,3295787812.5,5.742000102996826,9.0,114000000.0,1,1918619999.9999998,1918619999.9999998,0.95,True,0.07216049872720352,0.04561250213712733,0.0030943327220059463,0.004225355771191895,4.216382605698454e-06,0.0006528418530466854,0.04480243947192729,0.10921837740398321,4.0,5.0,True,True
0,001256,1431,22.82,22.39,22.53,22.84,22.26,14:59:51.788,14997719,-2282,17541,439,39616100.0,6717,10824,3,406,22.81,22.82,2,77,22.8,22.83,11,43,22.79,22.84,25,105,22.77,22.85,88,475,22.74,22.86,21,105,"(22,)",0,0,0,0,0.0,1431,106912597.65625,28,26,20251230,20221205,142612597.65625,12350000.0,801469062.5,3821193125.0,0.0,0.0,5699.999928474426,15851830000.0,8290665625.0,2580215000.0,446477968.75,9526.0,3644715937.5,0.0,6984185000.0,12086705000.0,4095555937.5,2719830000.0,132250000.0,933717968.75,150687001.953125,650085000.0,-283720000.0,2062626875.0,933448046.875,811181953.125,811181953.125,3332685000.0,8.475000381469727,9.0,106912597.65625,1,2439745478.515625,2439745478.515625,1.0,True,0.0890001071026322,0.048006235907841435,-0.03632857551261823,-0.037033997709397484,-0.004631194571307294,-0.002155302704012757,-0.10204078570327231,-0.29370674760080184,0.0,0.0,True,True
0,001279,901,34.98,34.94,35.05,35.05,34.82,14:59:47.411,14996503,-3498,5049,53,17649894.0,2741,2308,-1,736,34.98,34.99,33,63,34.95,35.0,50,61,34.94,35.01,19,28,34.93,35.02,10,27,34.92,35.03,14,45,"(22,)",0,0,0,0,0.03,901,40000000.0,24,46,20251117,20241011,160000000.0,12230000.0,695181562.5,11172548750.0,0.0,0.0,2800.000011920929,16595897500.0,13280020000.0,1073801953.125,123543994.140625,17938.0,6392563125.0,-1630000.0,4915135937.5,10079125000.0,10711821250.0,9648822500.0,2487977968.75,488273007.8125,57100000.0,3593193125.0,2202525000.0,1559287031.25,486410976.5625,453977968.75,455608984.375,3233600000.0,6.298999786376953,9.0,40000000.0,1,1399199999.9999998,1399199999.9999998,1.0,True,0.10799095099002257,0.05076063354758766,-0.018454275955840066,-0.05910614106110448,-0.003128477749238361,-0.008104056858504068,-0.1040826149572264,-0.34606328021316507,0.0,0.0,True,True
0,001388,1218,44.97,44.89,44.89,45.38,44.63,14:59:43.814,14995504,-4497,7860,63,35391288.0,3955,3906,0,3142,44.97,44.98,1,29,44.96,44.99,16,19,44.95,45.0,18,15,44.94,45.01,2,2,44.93,45.02,64,8,"(5846,)",0,0,0,0,0.07,1218,31200000.0,15,16,20251231,20250701,156000000.0,12390000.0,0.0,0.0,0.0,0.0,5400.000214576721,20003281250.0,17756281250.0,1436227968.75,188700000.0,24901.0,6027211250.0,0.0,5386005625.0,13939167500.0,6678847500.0,4433140000.0,5348761250.0,760646015.625,46895000.0,-172829003.90625,355821015.625,2081798125.0,759060000.0,705600000.0,705600000.0,6362386250.0,8.9350004196167,9.0,31200000.0,1,1403064000.0,1403064000.0,0.7,True,0.07171976681292808,0.05813935613069689,-0.018627457887263388,-0.015987507791587155,-0.0028757264987648717,-0.0015463081080043795,-0.20613990120820588,-0.16961859708529614,0.0,0.0,True,True
0,001395,843,44.1,44.11,44.33,44.44,43.9,14:59:44.128,14995591,-4410,6275,107,27623840.0,3065,3210,0,310,44.1,44.11,8,3,44.09,44.13,64,7,44.08,44.14,21,24,44.07,44.15,31,15,44.06,44.16,2,13,"(1366,)",0,0,0,0,-0.01,843,46890000.0,3,26,20260202,20250127,87240000.0,12350000.0,1257572968.75,6175411250.0,0.0,0.0,16399.999856948853,21395622500.0,13120617500.0,2450235937.5,856660000.0,9736.0,9622943125.0,0.0,4220055000.0,11499713750.0,5392798125.0,3274943125.0,375753984.375,1555505000.0,124541005.859375,-270948007.8125,-1146528984.375,6399307500.0,1606411093.75,1393490937.5,1393490937.5,5786136250.0,13.720000267028809,9.0,46890000.0,1,2067849000.0,2067849000.0,0.95,True,0.059890277500402565,0.040331285120721296,-0.05501122615662606,-0.037298819763851736,-0.007222784945992425,-0.0015969656385838096,-0.44527433593860993,-0.26548941757447303,0.0,0.0,True,True
0,002035,1736,6.28,6.3,6.3,6.34,6.26,14:59:57.743,14999373,-628,78007,1251,49080152.0,38742,39265,1,2048,6.27,6.28,62,153,6.26,6.29,1457,1757,6.25,6.3,980,2430,6.24,6.31,971,3568,6.23,6.32,521,2647,"(22,)",0,0,0,0,0.0,1736,780017968.75,12,23,20260203,20040901,847653593.75,12380000.0,4037911250.0,45755815000.0,0.0,0.0,4300.000071525574,69929010000.0,47161940000.0,14115885000.0,3069165000.0,36734.0,29685375000.0,437387031.25,225320996.09375,38859060000.0,41576452500.0,23576952500.0,7159831250.0,4049076250.0,209817988.28125,2995363125.0,-5316453125.0,7180834375.0,4068680000.0,3549930000.0,3557596250.0,27923850000.0,4.584000110626221,9.0,780017968.75,1,4898512843.75,4898512843.75,1.0,True,0.06781093222592974,0.02685018965194074,-0.004511479167230895,-0.019045335878668766,-0.0007661367838243555,-0.002997163354522403,0.03821014516861669,-0.32277542705200135,4.0,0.0,True,True
0,002186,2169,12.32,12.35,12.35,12.39,12.17,14:59:55.568,14998769,-1232,81427,637,100074600.0,40757,40670,1,6311,12.32,12.33,39,1412,12.31,12.34,269,170,12.3,12.35,360,607,12.29,12.36,176,192,12.28,12.37,918,171,"(22,)",0,0,0,0,-0.15,2169,306511308.59375,7,10,20251022,20071120,306921601.5625,17620000.0,704516093.75,10843742500.0,0.0,0.0,900.0000357627869,15380640000.0,3581335000.0,2671909062.5,816750000.0,37011.0,4645045000.0,344887968.75,5344105000.0,8649863125.0,9583465625.0,7878427500.0,696725000.0,276855000.0,128855000.0,968637968.75,-13816000.9765625,891237031.25,279753007.8125,273282011.71875,261738984.375,-1322397031.25,2.818000078201294,9.0,306511308.59375,1,3776219321.875,3776219321.875,0.85,True,0.07759622927279744,0.049717435924279865,-0.024879839003779547,-0.02342743149450295,-0.0034787568415860226,-0.0030997131239498842,-0.21722278416542556,-0.28239662017111544,0.0,0.0,True,True
0,002224,1901,4.66,4.7,4.71,4.72,4.65,14:59:58.326,14999535,-466,192461,3219,90066144.0,99500,92962,0,1884,4.66,4.67,3046,4851,4.65,4.68,2511,4232,4.64,4.69,1414,5638,4.63,4.7,1572,2404,4.62,4.71,1173,4086,"(6038,)",0,0,0,0,0.0,1901,806380390.625,28,19,20260205,20080425,902116328.125,12290000.0,509791406.25,5867110000.0,0.0,0.0,399.9999910593033,42016405000.0,20693481250.0,8704384375.0,2444276875.0,47550.0,6870286250.0,12860000.0,10232468125.0,32412750000.0,7143036875.0,5595485000.0,1186207031.25,406380000.0,-17080999.755859375,-632928984.375,1216142031.25,4286764062.5,394321015.625,281974003.90625,276511015.625,11786132500.0,3.5929999351501465,9.0,806380390.625,1,3757732620.3125,3757732620.3125,1.0,True,0.08067241488775481,0.054664184971182805,0.007232217770245533,0.008121371973436174,0.0012391498826451002,0.0006993914477540902,0.10081596865447502,0.19615346430690445,5.0,5.0,True,True
0,002282,1513,7.84,7.85,7.86,7.88,7.8,14:59:57.181,14999217,-784,45522,298,35704100.0,25270,20252,0,1360,7.83,7.84,49,1016,7.82,7.85,266,1326,7.81,7.86,223,730,7.8,7.87,262,524,7.79,7.88,74,596,"(214,)",0,0,0,0,0.13,1513,505007695.3125,11,26,20260203,20090821,526838398.4375,12300000.0,1647512343.75,12476738750.0,0.0,0.0,3000.0001192092896,40022587500.0,21088505000.0,5371953125.0,1146041015.625,23347.0,3230940000.0,0.0,20456576250.0,36196080000.0,12737847500.0,9267061250.0,5058650000.0,1828413125.0,22320000.0,686007968.75,-400941992.1875,4737015000.0,1814948125.0,1556373125.0,1556373125.0,9199325000.0,6.869999885559082,9.0,505007695.3125,1,3959260331.25,3959260331.25,1.0,True,0.07750317914331298,0.058321623237621155,-0.006387405130109963,-0.013327108308600823,-0.0010402953128065343,-0.002200454465795558,-0.0748574605635718,-0.18487643344158794,1.0,0.0,True,True
0,002303,2414,4.22,4.2,4.2,4.25,4.2,14:59:58.484,14999579,-422,202454,1473,85653368.0,90628,111826,0,2268,4.22,4.23,478,6000,4.21,4.24,1247,12945,4.2,4.25,1458,15460,4.19,4.26,1198,9047,4.18,4.27,847,9876,"(22,)",0,0,0,0,0.0,2414,966937031.25,18,38,20251028,20091103,1531323750.0,12220000.0,2187366875.0,29436322500.0,0.0,0.0,1700.0000178813934,73153010000.0,34808977500.0,14996706250.0,2755070000.0,55554.0,24054630000.0,603195000.0,12425375000.0,45232910000.0,30002295000.0,21840565000.0,11826231250.0,3119671250.0,3136000.061035156,2222238125.0,1268087031.25,3634523750.0,3137406875.0,2622908125.0,2601340937.5,7781490000.0,2.9539999961853027,9.0,966937031.25,1,4080474271.8749995,4080474271.8749995,1.0,True,0.08473422507787581,0.04437954997081806,-0.011942556410610525,-0.015233358070691996,-0.0006368480299593684,-0.0010792570542574053,-0.043011923252310354,-0.15661880666219302,4.0,0.0,True,True
0,002480,1386,6.33,6.31,6.31,6.4,6.3,14:59:57.725,14999368,-633,77225,359,49066968.0,38661,38564,1,196,6.32,6.33,364,1062,6.31,6.34,1294,1331,6.3,6.35,798,637,6.29,6.36,62,1163,6.28,6.37,143,718,"(22,)",0,0,0,0,0.16,1386,767717968.75,23,26,20260203,20100921,769168671.875,12340000.0,-2545553125.0,16767145000.0,0.0,0.0,-500.0000074505806,139922600000.0,56802510000.0,66524420000.0,6993988125.0,28736.0,57459905000.0,12536385000.0,17155687500.0,9643756250.0,10568670000.0,6643017500.0,20462856250.0,330587968.75,1294207968.75,2627726875.0,2963664062.5,3830723750.0,348343984.375,119241005.859375,-422916992.1875,-15622086250.0,1.253999948501587,9.0,767717968.75,1,4859654742.1875,4859654742.1875,1.0,True,0.10766400073742972,0.045951465295448815,-0.08176396790016573,-0.10741090368346425,-0.013628780631823635,-0.013259196394470325,-0.34761833180769103,-0.627573084001777,0.0,0.0,True,True
0,002486,2589,3.27,3.26,3.25,3.3,3.24,14:59:58.826,14999674,-327,222582,1654,72889184.0,111200,111382,-1,3130,3.27,3.28,766,1450,3.26,3.29,2366,4477,3.25,3.3,985,10428,3.24,3.31,1281,4043,3.23,3.32,589,2589,"(22,)",0,0,0,0,-0.29,2589,820466875.0,16,41,20251031,20101015,824283125.0,12180000.0,170223808.59375,8871846875.0,0.0,0.0,599.9999865889549,12985813750.0,7193855000.0,2766435937.5,126805000.0,49540.0,1592125000.0,44922001.953125,0.0,10837613750.0,9181500000.0,7048772500.0,1172716015.625,635566015.625,71183002.9296875,1361105937.5,646800976.5625,2394907968.75,621085976.5625,568387968.75,519958007.8125,3236610000.0,1.315000057220459,9.0,820466875.0,1,2682926681.25,2682926681.25,1.0,True,0.08967659610790413,0.058335088270304425,-0.0027373177464187354,0.0008380674405201044,-0.0003633046099159228,6.090292997781623e-05,-0.02309442041162875,0.021219058476666535,3.0,5.0,True,True
0,002535,1359,3.96,3.96,3.96,3.98,3.94,14:59:58.578,14999605,-396,95039,2317,37659308.0,48690,46349,1,2289,3.95,3.96,247,7344,3.94,3.97,2966,3024,3.93,3.98,1147,12758,3.92,3.99,778,6184,3.91,4.0,940,2851,"(2390,)",0,0,0,0,0.25,1359,746338515.625,13,26,20251031,20110111,801682968.75,12350000.0,1405084531.25,13233920000.0,0.0,0.0,900.0000357627869,41206735000.0,18210062500.0,14109072500.0,1417805937.5,56405.0,28915230000.0,87455000.0,17957743750.0,7085506875.0,11696197500.0,9223618750.0,7790178125.0,825783984.375,-52996997.0703125,1727451875.0,-617993007.8125,4069439062.5,806838984.375,716477031.25,712487968.75,-19831168750.0,0.8840000033378601,9.0,746338515.625,1,2955500521.875,2955500521.875,0.95,True,0.1002511992993413,0.05458325918360389,-0.0034027551090995006,0.0029438323202959915,-0.00045856561102305726,0.0003969702991703979,-0.03182001650937445,0.1233093549004867,4.0,5.0,True,True
0,002551,1558,3.91,3.9,3.91,3.94,3.88,14:59:58.596,14999610,-391,104501,1092,40933736.0,55018,49484,-1,1122,3.91,3.92,184,4032,3.9,3.93,4350,6918,3.89,3.94,790,7311,3.88,3.95,1142,5552,3.87,3.96,593,5754,"(5142,)",0,0,0,0,-0.25,1558,611186718.75,18,9,20251028,20110225,845494609.375,12350000.0,147275996.09375,10026390625.0,0.0,0.0,-399.9999910593033,35601850000.0,16179748750.0,2837000000.0,2719041875.0,65472.0,7176477500.0,1382574062.5,14275392500.0,25919530000.0,7535215000.0,6453690000.0,4563831875.0,-316112988.28125,102047998.046875,1187486015.625,-1174892968.75,2387360000.0,-300690000.0,-346606015.625,-351251992.1875,4102081875.0,3.065999984741211,9.0,611186718.75,1,2389740070.3125,2389740070.3125,0.95,True,0.11331191668609134,0.05866810510774064,-0.005881057554388586,-0.017576797592671382,-0.001010141476530356,-0.0023943363012123332,0.010852078945045541,-0.16151246121497334,4.0,0.0,True,True
0,002587,2684,7.1,7.02,7.05,7.18,7.0,14:59:57.448,14999291,-710,187106,2881,132904672.0,83691,103416,-1,10815,7.1,7.11,944,1362,7.09,7.12,567,3759,7.08,7.13,369,788,7.07,7.14,241,1017,7.06,7.15,262,1659,"(3222,)",0,0,0,0,0.0,2684,532697695.3125,18,35,20260114,20110610,651544101.5625,12390000.0,-198205195.3125,4648426562.5,0.0,0.0,199.99999552965164,19551742500.0,15466435000.0,1451082031.25,244393984.375,49739.0,6024851250.0,87389003.90625,3717112812.5,13296676250.0,5296369375.0,3427796250.0,5565167500.0,126322998.046875,71705000.0,-499173007.8125,482476992.1875,2905950000.0,82405000.0,135756005.859375,158395000.0,2446505000.0,2.0409998893737797,9.0,532697695.3125,1,3782153636.71875,3782153636.71875,0.9,True,0.08272602215663158,0.05685106759124903,-0.012865189153017695,-0.009814867071153338,-0.000765029186325659,-0.0008825559836850514,-0.06322938487341412,-0.004002861946435992,1.0,1.0,True,True
0,002661,1304,9.58,9.62,9.64,9.65,9.54,14:59:56.555,14999043,-958,27013,114,25891400.0,14099,12914,-1,1109,9.57,9.58,3,4,9.56,9.59,490,547,9.55,9.6,85,441,9.54,9.61,239,176,9.53,9.62,71,565,"(22,)",0,0,0,0,0.0,1304,314571796.875,21,14,20260203,20120316,333137695.3125,12140000.0,1549591406.25,34752335000.0,0.0,0.0,4000.000059604645,61364345000.0,14853887500.0,29671905000.0,2743022187.5,26144.0,21825920000.0,3502006875.0,9771671250.0,23278495000.0,31946965000.0,25085527500.0,485810000.0,1557965000.0,29626999.51171875,5138319062.5,2082282968.75,7626735000.0,1496469062.5,1184762031.25,1237107031.25,11610251250.0,6.98799991607666,9.0,314571796.875,1,3013597814.0625,3013597814.0625,1.0,True,0.07357928293553903,0.0535322669592553,-0.0033834382053286732,-0.009585866078777157,-0.0005727639441753229,-0.0016049085607635315,0.1523690156761326,0.18244491418489073,2.0,1.0,True,True
0,002746,1820,6.44,6.43,6.53,6.54,6.42,14:59:57.685,14999357,-644,114543,609,74013464.0,72131,42413,-1,39298,6.44,6.45,684,498,6.43,6.46,1397,1296,6.42,6.47,1129,1072,6.41,6.48,723,1672,6.4,6.49,1089,491,"(5270,)",0,0,0,0,0.0,1820,709676328.125,15,14,20251117,20150216,860538828.125,12130000.0,1119685468.75,38073797500.0,0.0,0.0,2199.999988079071,77685820000.0,52861100000.0,20775145000.0,1192763984.375,28149.0,28810695000.0,1643925937.5,15413015000.0,45555830000.0,41394700000.0,38751075000.0,1369012031.25,2259582031.25,163243994.140625,5854926250.0,-1716322031.25,8432318125.0,2217242968.75,2104315937.5,1931243906.25,18537297500.0,5.294000148773193,9.0,709676328.125,1,4570315553.125,4570315553.125,1.0,True,0.09122855730315452,0.058419121759754,-0.006917751022435553,-0.00456069416600989,-0.0011419259476900256,-0.0008519364211540051,-0.022568718699060512,-0.04778618411871405,0.0,2.0,True,True
0,002818,1130,11.79,11.82,11.8,11.84,11.75,14:59:55.759,14998822,-1179,21819,131,25749748.0,12321,9499,0,956,11.79,11.8,262,66,11.78,11.81,189,66,11.77,11.82,93,378,11.76,11.83,288,413,11.75,11.84,96,357,"(3862,)",0,0,0,0,-0.07,1130,298357207.03125,23,12,20251127,20161109,748458906.25,21720000.0,5461285625.0,10790701250.0,0.0,0.0,6399.9998569488525,66307170000.0,23579972500.0,1443130000.0,12365030000.0,22142.0,8730450625.0,2277770000.0,7261828125.0,55110540000.0,9241925625.0,3201723125.0,665293984.375,5680460000.0,451391992.1875,10190827500.0,-791190000.0,4967643125.0,5690128125.0,4872656875.0,4773026250.0,36599412500.0,7.36299991607666,9.0,298357207.03125,1,3517631470.898437,3517631470.898437,0.95,True,0.07993301068072835,0.05765756572866414,0.014052424130718846,0.02248775434775127,-3.281282722647957e-05,0.001627730339077103,0.7160760595678535,0.8066670079637319,0.0,6.0,True,True
0,002884,1210,17.95,17.89,18.0,18.01,17.88,14:59:53.542,14998206,-1795,15335,121,27514192.0,7623,7712,0,13194,17.95,17.96,7,249,17.94,17.97,50,251,17.93,17.98,26,241,17.92,17.99,58,331,17.91,18.0,7,1268,"(22,)",0,0,0,0,0.0,1210,273072500.0,12,26,20251029,20170711,357682500.0,12340000.0,3300334375.0,11675455000.0,0.0,0.0,9800.000190734863,24824430000.0,18465262500.0,3023111875.0,72003999.0234375,22305.0,1375525000.0,0.0,6875580000.0,23123872500.0,12704395000.0,8095836875.0,1563747031.25,4066790000.0,18010000.0,2991319062.5,491799023.4375,2968866875.0,4063770000.0,3513831875.0,3513830937.5,8867499375.0,6.465000152587891,9.0,273072500.0,1,4901651375.0,4901651375.0,1.0,True,0.04663245321517298,0.02388432762903798,-6.820403056129881e-05,0.00022784145917506202,-1.6028053489794876e-06,0.00010538551458285673,-0.00040884257418581573,0.024118518146990224,1.0,5.0,True,True
0,002972,1219,12.76,12.79,12.79,12.87,12.71,14:59:56.490,14999025,-1276,25141,104,32183380.0,11025,14117,-3,883,12.76,12.77,87,8,12.75,12.78,170,99,12.74,12.79,5,112,12.73,12.8,25,193,12.72,12.81,2,125,"(5142,)",0,0,0,0,0.0,1219,134646699.21875,18,8,20251027,20191227,246008808.59375,12390000.0,688271718.75,2003495156.25,0.0,0.0,2500.0,14075610000.0,11550940000.0,1104146953.125,23586999.51171875,14722.0,1962788125.0,5497999.877929688,3870140937.5,12007377500.0,2075557031.25,802610000.0,4261730937.5,709371015.625,45235996.09375,970132968.75,-807452968.75,1617900937.5,709043984.375,600051992.1875,600435976.5625,4848290000.0,4.88100004196167,9.0,134646699.21875,1,1718091882.03125,1718091882.03125,1.0,True,0.07806803216211519,0.053562660869287106,-0.0008502327489369188,0.0010540234167548818,7.732364429249156e-05,0.0005889931354895553,0.000691937249602618,0.10565048300388497,3.0,5.0,True,True
0,003000,1018,11.52,11.57,11.58,11.59,11.48,14:59:55.856,14998849,-1152,22320,521,25700320.0,12832,9488,0,892,11.52,11.53,725,49,11.51,11.54,270,365,11.5,11.55,752,298,11.49,11.56,473,206,11.48,11.57,1007,350,"(22,)",0,0,0,0,-0.08,1018,308060292.96875,21,14,20260209,20200914,450894101.5625,12130000.0,2147034687.5,17720301250.0,0.0,0.0,3899.999856948853,22058030000.0,13063790000.0,5981485000.0,1195261015.625,29918.0,6874756250.0,111454003.90625,5184951875.0,13313556250.0,18084286250.0,12794597500.0,468100000.0,1978590937.5,80146997.0703125,2814681875.0,-2822299062.5,2705997187.5,1960381093.75,1729992968.75,1728214062.5,4077715937.5,2.953000068664551,9.0,308060292.96875,1,3548854575.0,3548854575.0,1.0,True,0.06845545123568965,0.032878440740925066,-0.001502770571989942,-0.022807697211981948,-0.0003755724082234989,-0.004415633786177767,-0.0202792623431744,-0.3069267358812577,3.0,1.0,True,True
0,003015,2519,16.85,16.66,16.76,16.96,16.67,14:59:53.938,14998316,-1685,81602,846,137426432.0,32997,48606,1,8346,16.84,16.85,278,818,16.83,16.86,125,328,16.82,16.87,208,108,16.81,16.88,105,351,16.8,16.89,65,84,"(5270,)",0,0,0,0,0.0,2519,247401699.21875,26,35,20251021,20201021,281066699.21875,12390000.0,563279101.5625,4434557812.5,0.0,0.0,2800.000011920929,12202207500.0,5309451250.0,5483418125.0,484697031.25,37474.0,1185792968.75,0.0,5224871250.0,10897836250.0,5006407812.5,3375160000.0,1510590000.0,824387968.75,2116000.061035156,1358869062.5,82569003.90625,1287215000.0,827244062.5,769097031.25,769097031.25,2756202812.5,3.877000093460083,9.0,247401699.21875,1,4168718631.835938,4168718631.835938,1.0,True,0.06678190246248047,0.03841234326116723,-0.03517934094595401,-0.011650750878689053,-0.0019525462802406472,-0.00027623383013114164,-0.20468921577285867,-0.07185129913463939,2.0,1.0,True,True
0,003025,1725,14.65,14.78,14.78,14.81,14.65,14:59:54.730,14998536,-1465,23335,377,34379576.0,12182,11154,-2,2202,14.64,14.65,56,37,14.63,14.67,26,59,14.62,14.68,30,753,14.61,14.69,60,398,14.6,14.7,86,135,"(5846,)",0,0,0,0,-0.19,1725,226415898.4375,28,26,20251030,20201211,283953593.75,12340000.0,1528852187.5,4662000312.5,0.0,0.0,4099.999964237213,15395462500.0,8485550625.0,4907689062.5,1009700937.5,20736.0,2816138125.0,0.0,2358682968.75,12410902500.0,5242053125.0,3266906875.0,438191015.625,1373775937.5,12925000.0,1773707968.75,684305000.0,3130176875.0,1367295937.5,1159987031.25,1159987031.25,6386628125.0,4.370999813079834,9.0,226415898.4375,1,3316992912.109375,3316992912.109375,1.0,True,0.10338370567372417,0.057713680375539075,0.011394815247372445,0.00990119798477894,0.001345892450445763,-4.597355876317932e-05,0.2718643842526255,0.2383293107737559,6.0,4.0,True,True
0,300105,1598,7.54,7.53,7.53,7.6,7.48,15:04:55.482,15049247,0,76543,297,57845224.0,40021,36522,0,904,0.0,0.0,0,0,0.0,0.0,0,0,0.0,0.0,0,0,0.0,0.0,0,0,0.0,0.0,0,0,"(30,)",0,0,0,0,0.0,1598,515814414.0625,15,39,20251024,20100820,515814414.0625,12380000.0,233166093.75,5739098750.0,0.0,0.0,700.0000029802322,27195427500.0,19654001250.0,3121552812.5,542547031.25,23508.0,7842165625.0,0.0,6856615000.0,19258720000.0,5205618125.0,3888370000.0,5562400000.0,343548007.8125,-13875999.755859377,459910000.0,-1592690000.0,4560396250.0,344181992.1875,376595000.0,376595000.0,5818540000.0,3.733999967575073,9.0,515814414.0625,1,3889240682.03125,3889240682.03125,1.0,True,0.12434220217236899,0.05955767085101429,-0.009671383810134854,-0.05173303192274797,-0.0017874801395753454,-0.008815374082928266,-0.048994356188142706,-0.4434199172166505,2.0,0.0,True,True
0,300135,1458,4.06,4.09,4.09,4.11,4.05,15:11:06.570,15111095,0,147333,1818,60083104.0,93240,54093,0,867,4.06,0.0,175,0,0.0,0.0,0,0,0.0,0.0,0,0,0.0,0.0,0,0,0.0,0.0,0,0,"(30,)",0,0,0,0,-0.24,1458,921600000.0,26,19,20251022,20101026,921600000.0,12250000.0,69746401.3671875,16775680000.0,0.0,0.0,-99.99999776482582,16066080000.0,12512727500.0,1197087031.25,688867031.25,38684.0,6778536250.0,-261107011.71875,352560000.0,9453200000.0,10665795000.0,10478992500.0,2866259062.5,-24648000.48828125,44047001.953125,-1849695000.0,-503148007.8125,2481670000.0,-25232001.953125,-116187998.046875,-101287001.953125,-583474023.4375,1.0260000228881836,9.0,921600000.0,1,3741695999.9999995,3741695999.9999995,1.0,True,0.12530979419885696,0.05607345817451289,-0.011469809649468143,-0.033586898501750055,-0.00135342733884516,-0.004583109027593297,-0.06639602726697252,-0.3523048649148572,3.0,0.0,True,True
0,300172,2035,5.84,5.85,5.85,5.9,5.8,15:04:56.502,15049417,0,171205,1290,100337624.0,93156,78049,0,4932,0.0,0.0,0,0,0.0,0.0,0,0,0.0,0.0,0,0,0.0,0.0,0,0,0.0,0.0,0,0,"(2142,)",0,0,0,0,-0.16,2035,523512382.8125,26,39,20251021,20110201,676710000.0,13460000.0,845254765.625,6011502500.0,0.0,0.0,1299.9999523162842,28196685000.0,20480305000.0,1391025937.5,5087326875.0,38603.0,7239593125.0,458148007.8125,435380000.0,19383598750.0,5234562812.5,3720350000.0,7624518125.0,1036782968.75,43328999.0234375,2288385000.0,4559178750.0,1045271953.125,1036720000.0,896080937.5,888744062.5,10923630000.0,2.864000082015991,9.0,523512382.8125,1,3057312315.625,3057312315.625,0.95,True,0.1228501549720796,0.05571146309918172,0.001494130199661839,-0.004824430878298772,0.0002850233932887858,-3.998297318294254e-06,0.013787543220015096,-0.0036470156267775,5.0,0.0,True,True
0,300194,1110,4.46,4.48,4.47,4.5,4.45,15:10:06.330,15101055,0,145123,1134,64885832.0,82201,62922,0,1940,4.46,0.0,30,0,0.0,0.0,0,0,0.0,0.0,0,0,0.0,0.0,0,0,0.0,0.0,0,0,"(30,)",0,0,0,0,-0.21,1110,968344218.75,25,34,20260203,20110322,1189712265.625,12270000.0,3016068125.0,19952818750.0,0.0,0.0,1400.0000059604645,59674145000.0,20571931250.0,15704115000.0,4261678125.0,39053.0,9436943750.0,18586999.51171875,22371655000.0,44523745000.0,13153730000.0,8329406250.0,1615748125.0,1690431093.75,1019270000.0,1610357031.25,1576685000.0,6809915000.0,1678824062.5,1658688125.0,1662626875.0,9302957500.0,3.742000102996826,9.0,968344218.75,1,4318815215.625,4318815215.625,0.85,True,0.08463202481578207,0.04250121530119781,0.0030034550160796536,0.001433737144552763,0.0011048276748341242,0.00047464812446313304,0.09570611443942972,0.0718601458206725,6.0,6.0,True,True
0,300425,1186,5.28,5.28,5.29,5.32,5.26,15:04:56.838,15049473,0,82752,392,43818464.0,44077,38676,0,3708,0.0,0.0,0,0,0.0,0.0,0,0,0.0,0.0,0,0,0.0,0.0,0,0,0.0,0.0,0,0,"(6238,)",0,0,0,0,0.0,1186,679070312.5,23,39,20260203,20150216,682224765.625,12350000.0,234126191.40625,9117919375.0,0.0,0.0,-0.0,45070010000.0,24733572500.0,4785380000.0,8466724375.0,19104.0,15333156250.0,1832048125.0,5097005937.5,23507745000.0,10437661250.0,8146236250.0,17609211250.0,9401000.366210938,46225000.0,1919070000.0,-1263744062.5,2839463125.0,23788999.0234375,4916999.816894531,-22391999.51171875,10313234375.0,3.446000099182129,9.0,679070312.5,1,3585491250.0,3585491250.0,1.0,True,0.087374276963536,0.05585414258257447,-0.007329312564127055,-0.016585308607847668,-0.0012356358019043011,-0.0025613437782889084,0.08319777730927773,-0.13679209608529033,2.0,0.0,True,True
0,300610,1436,12.38,12.37,12.37,12.47,12.32,15:04:52.578,15048763,0,33705,469,41827784.0,15997,17708,0,2115,0.0,0.0,0,0,0.0,0.0,0,0,0.0,0.0,0,0,0.0,0.0,0,0,0.0,0.0,0,0,"(30,)",0,0,0,0,0.16,1436,161227998.046875,26,19,20260203,20170213,215008007.8125,12260000.0,666796562.5,6854901250.0,0.0,0.0,2500.0,16216781250.0,11889320000.0,2336763125.0,868700000.0,13800.0,4147362187.5,183300996.09375,2529215000.0,11538206250.0,6528733750.0,5231775000.0,656131015.625,630774023.4375,309526992.1875,388487968.75,-207387011.71875,1041726953.125,611271015.625,528526992.1875,528102968.75,5858451875.0,5.366000175476074,9.0,161227998.046875,1,1996002615.8203127,1996002615.8203127,0.9,True,0.0872391625017188,0.053449409104214765,-0.0028131443296823544,-0.006958499895459491,3.7761610253520908e-06,-6.738771321231074e-05,-0.004922169485250344,-0.05189988325595844,4.0,4.0,True,True
0,300691,1527,17.59,17.56,17.51,17.72,17.48,15:04:49.452,15048242,0,29701,533,52414160.0,12637,17065,0,1436,0.0,0.0,0,0,0.0,0.0,0,0,0.0,0.0,0,0,0.0,0.0,0,0,0.0,0.0,0,0,"(6302,)",0,0,0,0,-0.1,1527,220738105.46875,12,35,20251027,20170811,269048808.59375,12390000.0,357632812.5,13286800000.0,0.0,0.0,-900.0000357627869,30741437500.0,17373323750.0,9481430000.0,574533007.8125,22831.0,11456582500.0,-267584003.90625,10043286250.0,16109230000.0,14364385000.0,10665157500.0,5164026250.0,-260215000.0,590000.0,742970000.0,-355918984.375,5306901250.0,-273015996.09375,-290079003.90625,-243679003.90625,2727778750.0,5.98799991607666,9.0,220738105.46875,1,3882783275.1953125,3882783275.1953125,1.0,True,0.0968805194897271,0.05441327522453645,-0.00016234056248395912,0.0008994710555082913,-1.6212912661760226e-05,-8.011263121286809e-05,-0.0013304042168895453,0.04655460048548212,2.0,4.0,True,True
0,300729,1291,14.31,14.28,14.29,14.47,14.25,15:04:51.420,15048570,0,32653,391,46889992.0,16991,15662,0,1472,0.0,0.0,0,0,0.0,0.0,0,0,0.0,0.0,0,0,0.0,0.0,0,0,0.0,0.0,0,0,"(30,)",0,0,0,0,0.0,1291,318443007.8125,28,4,20260105,20171201,341612695.3125,12210000.0,2654122500.0,39750612500.0,0.0,0.0,4900.000095367432,101577350000.0,36705130000.0,26283002500.0,2691090937.5,20769.0,25637505000.0,49000.00095367432,15902745000.0,36670022500.0,48462090000.0,35826055000.0,3885395000.0,2060500000.0,47212998.046875,6061488125.0,-1164985000.0,5847421875.0,2076168906.25,1689765000.0,1689778906.25,16323561250.0,10.659000396728516,9.0,318443007.8125,1,4556919441.796875,4556919441.796875,1.0,True,0.06857352307056727,0.041845084141251286,0.0033302574215517966,-0.007891175172469768,0.0002480435850933567,-0.0009113558270548565,0.07420344928086431,-0.1358531178828099,5.0,1.0,True,True
0,300732,1339,7.83,7.81,7.8,7.86,7.77,15:04:55.308,15049218,0,50929,735,39868080.0,23651,27278,0,1295,0.0,0.0,0,0,0.0,0.0,0,0,0.0,0.0,0,0,0.0,0.0,0,0,0.0,0.0,0,0,"(350,)",0,0,0,0,0.0,1339,370149609.375,13,21,20260202,20171212,370560117.1875,22740000.0,-1483717812.5,9639983750.0,0.0,0.0,-1700.0000178813934,65567790000.0,49316645000.0,7321100000.0,2047265937.5,27922.0,27640050000.0,557221015.625,13222126250.0,29140730000.0,11066802500.0,8506411250.0,16998015000.0,-682782968.75,20843999.0234375,-178300000.0,-82290996.09375,7600282500.0,-696595000.0,-594123007.8125,-548896015.625,10449200000.0,7.863999843597412,9.0,370149609.375,1,2898271441.40625,2898271441.40625,0.95,True,0.07830529819715303,0.04855524999513513,-0.016663362290444697,-0.019115555803619004,-0.0021751242506381405,-0.0020216792391599347,-0.15103953721710645,-0.23206732204388053,0.0,0.0,True,True
0,300826,1763,17.32,17.15,17.23,17.37,17.16,15:04:49.614,15048269,0,32206,447,55755636.0,12175,20032,0,6547,0.0,0.0,0,0,0.0,0.0,0,0,0.0,0.0,0,0,0.0,0.0,0,0,0.0,0.0,0,0,"(3614,)",0,0,0,0,-0.11,1763,169579609.375,26,21,20251223,20200403,176334707.03125,22740000.0,156997597.65625,3559264062.5,0.0,0.0,1199.99997317791,26121185000.0,21127227500.0,976308984.375,320171992.1875,10658.0,10377300000.0,718381015.625,8604293125.0,13846506250.0,3845080937.5,2539260000.0,6495342500.0,216841992.1875,49647001.953125,-985226953.125,-1357005000.0,7591449375.0,216556015.625,210949003.90625,200035000.0,3183697187.5,8.098999977111816,9.0,169579609.375,1,2937118834.375,2937118834.375,1.0,True,0.06067276064896334,0.03729042823500388,-0.021726705868278746,-0.022413301968213617,-0.002821269534032307,-0.0017244307631038315,-0.2226313786412384,-0.2671356431544101,0.0,0.0,True,True
0,300883,1944,7.0,6.92,6.95,7.04,6.9,15:04:55.806,15049301,0,108663,1576,76043992.0,47453,61210,0,6387,0.0,0.0,0,0,0.0,0.0,0,0,0.0,0.0,0,0,0.0,0.0,0,0,0.0,0.0,0,0,"(94,)",0,0,0,0,-0.13,1944,330674609.375,24,38,20260203,20200910,346000000.0,12220000.0,51729399.4140625,5705637500.0,0.0,0.0,0.0,25729002500.0,13407900000.0,8600802500.0,1193448046.875,17065.0,6275350000.0,55314003.90625,5562731875.0,14216411250.0,6428963125.0,5509046875.0,1587780000.0,-4058999.938964844,0.0,-392925000.0,41989003.90625,4721780000.0,-5708000.48828125,3888999.938964844,3595000.0,4814631875.0,4.109000205993652,9.0,330674609.375,1,2314722265.625,2314722265.625,1.0,True,0.08359753564716373,0.049030165099015886,-0.01270388034164116,-0.011470966436363486,-0.0021212065605976543,-0.0016327825381186416,-0.1297069951176636,-0.154693560579732,2.0,1.0,True,True
0,300908,1174,29.28,29.52,29.5,29.5,29.11,15:04:42.438,15047073,0,12015,67,35193520.0,5528,6487,0,2537,0.0,0.0,0,0,0.0,0.0,0,0,0.0,0.0,0,0,0.0,0.0,0,0,0.0,0.0,0,0,"(2142,)",0,0,0,0,-0.09,1174,123152695.3125,13,14,20251023,20201123,146000000.0,12140000.0,1491106250.0,8386205000.0,0.0,0.0,10499.999523162842,19799543750.0,10516752500.0,6951088125.0,1005215000.0,18686.0,1955092968.75,0.0,8402965000.0,17603106250.0,8255281875.0,4575669062.5,1356800937.5,1755185000.0,10710999.755859377,1939567968.75,318862988.28125,1929534062.5,1754293906.25,1538524062.5,1538524062.5,7060655000.0,12.057000160217283,9.0,123152695.3125,1,3605910918.75,3605910918.75,1.0,True,0.09769213024827103,0.054234989548608024,-0.013680328578145051,-0.022352523723433333,-0.0023176444087398182,-0.003850148423945951,-0.06992324966426139,-0.037812337839908505,3.0,1.0,True,True
0,301109,2624,15.87,15.93,15.91,16.04,15.82,15:04:50.484,15048414,0,81203,1398,129335920.0,44535,36668,0,9832,0.0,0.0,0,0,0.0,0.0,0,0,0.0,0.0,0,0,0.0,0.0,0,0,0.0,0.0,0,0,"(734,)",0,0,0,0,-0.12,2624,230621601.5625,21,39,20251217,20220413,789100937.5,23770000.0,4070979375.0,17557242500.0,0.0,0.0,7699.999809265137,146733090000.0,51533410000.0,5291058750.0,78507025000.0,24245.0,11214460000.0,18181085000.0,44630140000.0,76429220000.0,21632085000.0,9411536250.0,19890731250.0,9514606250.0,201331015.625,11580640000.0,-93330996.09375,423531992.1875,9522167500.0,8253150000.0,6052980000.0,22356472500.0,9.685999870300291,9.0,230621601.5625,1,3659964816.796875,3659964816.796875,0.8,True,0.1018962630400263,0.055567439402078825,-0.0006440608869733577,-0.008867105055812938,-5.4865525040484475e-05,-0.0007628657312595856,-0.003953622731838883,0.028923511040628166,0.0,1.0,True,True
0,301260,1369,16.92,16.9,16.9,17.07,16.81,15:04:49.854,15048309,0,18036,274,30587430.0,6722,11314,0,625,0.0,0.0,0,0,0.0,0.0,0,0,0.0,0.0,0,0,0.0,0.0,0,0,0.0,0.0,0,0,"(30,)",0,0,0,0,-0.05,1369,204435800.78125,26,26,20251030,20230208,482457109.375,12350000.0,92963798.828125,39796990000.0,0.0,0.0,-1800.0000715255735,104238560000.0,80374580000.0,10944965000.0,3367359062.5,25455.0,45222180000.0,-5272000.1220703125,40756890000.0,44599080000.0,38280410000.0,26647672500.0,11449895000.0,-945580937.5,166775996.09375,-497868984.375,-1459904062.5,26731402500.0,-961821015.625,-889148046.875,-889319062.5,-1914680000.0,9.244000434875488,9.0,204435800.78125,1,3459053749.2187505,3459053749.2187505,1.0,True,0.09129002107733283,0.05916286136001884,0.0007522172427932017,0.0019325353163660922,0.0008336836335760012,0.0008631620264109297,0.07887392303844863,0.07153183924943732,5.0,5.0,True,True
0,301296,1066,8.98,9.01,9.03,9.08,8.96,15:04:54.618,15049103,0,28494,378,25691898.0,16972,11522,0,1355,0.0,0.0,0,0,0.0,0.0,0,0,0.0,0.0,0,0,0.0,0.0,0,0,0.0,0.0,0,0,"(30,)",0,0,0,0,-0.1,1066,289228105.46875,15,46,20260122,20220902,420412695.3125,12220000.0,1247263671.875,12491153750.0,0.0,0.0,1599.9999642372131,59757870000.0,28584995000.0,11694486250.0,2554447031.25,14681.0,16704331250.0,793611015.625,12892185000.0,27189487500.0,20448905000.0,16242995000.0,8283999375.0,1128901953.125,-14744000.244140623,2130242031.25,4921973750.0,6208226250.0,1126792031.25,693881953.125,680174062.5,9452975000.0,6.473999977111816,9.0,289228105.46875,1,2597268387.109375,2597268387.109375,1.0,True,0.06476835928115306,0.0427539641198688,0.002580312675169963,0.004441138979419765,7.65304490543059e-05,0.00033976495893188463,0.05267034529911686,0.15253704060208462,1.0,4.0,True,True
0,301332,1350,9.92,10.01,10.03,10.06,9.92,15:04:54.054,15049009,0,36512,547,36453232.0,19699,16814,0,6469,0.0,0.0,0,0,0.0,0.0,0,0,0.0,0.0,0,0,0.0,0.0,0,0,0.0,0.0,0,0,"(5342,)",0,0,0,0,-0.39,1350,264897500.0,12,23,20260202,20230518,461562500.0,12380000.0,1039606171.875,23993957500.0,0.0,0.0,1899.999976158142,45224680000.0,30469820000.0,5693543125.0,2597475000.0,21000.0,14987467500.0,-92522998.046875,17292147500.0,29156890000.0,23842395000.0,16257506250.0,4676223750.0,1050375937.5,112278007.8125,226948007.8125,-1588715000.0,6451955000.0,1015545000.0,880087031.25,887246953.125,6770146250.0,6.316999912261963,9.0,264897500.0,1,2627783200.0,2627783200.0,1.0,True,0.08839313752007391,0.05319023103272981,-0.0016456988244197418,-0.011339935049054131,-0.0006002895123071728,-0.0018959828665488648,0.058917411757049,-0.006267121754324171,4.0,1.0,True,True
1,600051,1504,8.17,8.17,8.18,8.22,8.11,14:59:58.502,14999584,-817,50745,174,41517976.0,24324,26421,0,1505,8.16,8.17,151,87,8.15,8.18,201,634,8.14,8.19,126,309,8.13,8.2,254,206,8.12,8.21,58,139,"(22,)",0,0,0,0,0.12,1504,310880000.0,28,25,20251027,19970410,310880000.0,15510000.0,550408984.375,10116655625.0,0.0,0.0,2199.999988079071,48713755000.0,29488675000.0,2583131093.75,94860000.0,23359.0,10669852500.0,3206502812.5,1435697031.25,33976210000.0,8905821250.0,8206596250.0,3874895000.0,538112968.75,467210976.5625,4263525000.0,-574937968.75,13026542500.0,519200000.0,439810000.0,670868046.875,25380662500.0,10.928999900817873,9.0,310880000.0,1,2539889600.0,2539889600.0,1.0,True,0.09490793394759847,0.05779270029044681,0.0041635518284716955,0.0003413049970062837,0.0007256073087066814,-1.031128902239988e-05,0.04775170507921601,0.007841703220391403,3.0,1.0,True,True
1,600182,599,14.96,15.02,14.97,15.05,14.95,14:59:56.418,14999005,-1496,9678,83,14494545.0,4090,5588,-1,973,14.96,14.97,21,159,14.95,14.98,672,342,14.94,14.99,111,21,14.93,15.0,136,407,14.92,15.01,99,36,"(22,)",0,0,0,0,0.0,599,170000000.0,1,7,20251230,19990507,340000000.0,12290000.0,1563572656.25,34246675000.0,0.0,0.0,3600.0001430511475,44780430000.0,32333365000.0,11024222500.0,277533007.8125,19986.0,15764987500.0,9372422500.0,160895996.09375,11273502500.0,35873695000.0,29604475000.0,18324770000.0,3299378750.0,-5162999.877929688,3876201250.0,-219065000.0,5427685000.0,3297676875.0,2457817031.25,1216882031.25,6012605625.0,3.315999984741211,9.0,170000000.0,1,2543200000.0,2543200000.0,1.0,True,0.06421052394636581,0.042772459797341546,-0.0016993906216192234,-0.0037771542111889114,-0.0008508715756067898,-0.0006784618457100454,-0.0044698892285847495,0.13766819725417556,2.0,1.0,True,True
1,600235,1608,7.21,7.22,7.23,7.28,7.18,14:59:58.488,14999580,-721,66175,573,47883280.0,27845,38330,1,7787,7.2,7.21,106,353,7.19,7.22,774,478,7.18,7.23,471,325,7.17,7.24,141,390,7.16,7.25,20,1144,"(22,)",0,0,0,0,0.0,1608,351300000.0,28,38,20251025,20000615,351300000.0,12220000.0,609765781.25,11634001250.0,0.0,0.0,500.0000074505806,30648272500.0,9458781250.0,19065251250.0,769325000.0,19257.0,10916286250.0,0.0,8303147500.0,15132400000.0,8887221250.0,7412059375.0,1665146093.75,187949003.90625,50528999.0234375,272470000.0,-371231015.625,4245181875.0,187054003.90625,186410000.0,186410000.0,2354957968.75,4.307000160217285,9.0,351300000.0,1,2532873000.0,2532873000.0,1.0,True,0.09986697938776798,0.04773073236456514,-0.008971147870706589,-0.007118555095291038,-0.0014992217182806637,-0.0010587002567859296,-0.08214646487678921,-0.12978391196970535,2.0,2.0,True,True
1,600318,1582,8.74,8.71,8.71,8.75,8.68,14:59:58.297,14999527,-874,62412,1396,54451752.0,25610,36802,0,4399,8.73,8.74,1513,294,8.72,8.75,648,3013,8.71,8.76,702,1446,8.7,8.77,1033,1048,8.69,8.78,187,1441,"(2774,)",0,0,0,0,0.11,1582,512727617.1875,24,1,20251018,20001208,512727617.1875,19660000.0,335749609.375,2471028750.0,0.0,0.0,799.9999821186066,45082360000.0,20105343750.0,183981015.625,22999.99952316284,60185.0,13015892500.0,10496852500.0,5238009062.5,10931436250.0,2621944062.5,510731992.1875,294560000.0,1289773046.875,223733007.8125,-1740597031.25,762507968.75,285999.98474121094,1289771015.625,913635000.0,398709023.4375,-571381015.625,2.131999969482422,9.0,512727617.1875,1,4481239374.21875,4481239374.21875,0.95,True,0.07769325431214756,0.054050722302587964,-0.018044629241625032,-0.007765793012947914,-0.0019095892326661743,-0.0010057180358954327,-0.14815122991035792,-0.09687267044988734,0.0,0.0,True,True
1,600351,2097,6.73,6.68,6.69,6.77,6.66,14:59:58.301,14999528,-673,151498,783,102070112.0,51372,100127,0,7720,6.73,6.74,1762,440,6.72,6.75,1239,7984,6.71,6.76,723,3308,6.7,6.77,1600,6394,6.69,6.78,701,3420,"(5654,)",0,0,0,0,-0.14,2097,692000078.125,17,34,20251118,20020926,692000078.125,12270000.0,2349331406.25,21215097500.0,0.0,0.0,3100.000023841858,33427212500.0,14846056250.0,11060492500.0,1402662031.25,53669.0,4733534062.5,-388128984.375,5946088125.0,27957610000.0,17087122500.0,8178793125.0,2418421093.75,2532588125.0,15571999.51171875,4566620000.0,670975000.0,3043300937.5,2533639062.5,1984914062.5,2150942031.25,12570095000.0,3.99399995803833,9.0,692000078.125,1,4657160525.78125,4657160525.78125,1.0,True,0.06679665372237578,0.04066282700651367,-0.003341575655143897,-0.0041199969410045945,-0.0005422893734256922,-0.0010068793492941201,-0.04658608663175275,-0.05869198718128926,2.0,2.0,True,True
1,600396,1747,3.13,3.14,3.14,3.15,3.1,14:59:59.957,14999988,-313,136512,1872,42703820.0,85075,51437,1,1093,3.12,3.13,4123,1170,3.11,3.14,6266,5652,3.1,3.15,10414,10160,3.09,3.16,1707,3389,3.08,3.17,1159,2810,"(22,)",0,0,0,0,0.0,1747,1472706875.0,5,16,20251028,20010328,1472706875.0,13440000.0,242189394.53125,31217477500.0,0.0,0.0,0.0,140331240000.0,20152217500.0,98680980000.0,2327743906.25,64315.0,48267140000.0,30523155000.0,22744170000.0,13510022500.0,30681410000.0,24410490000.0,11208282500.0,2279511875.0,-214425996.09375,5871757500.0,-968512968.75,856316015.625,2279102968.75,1839205000.0,33242001.953125,-25533860000.0,0.9169999957084656,9.0,1472706875.0,1,4609572518.75,4609572518.75,1.0,True,0.1262938146477746,0.05974816880174022,-0.007656834322672612,-0.04222448741460641,-0.001360447866274252,-0.006857109391674253,0.2176415447958577,-0.24931713663560495,2.0,0.0,True,True
1,600419,1285,10.11,10.15,10.14,10.16,10.06,14:59:57.804,14999390,-1011,34656,264,34978708.0,20313,14343,0,162,10.11,10.12,829,32,10.1,10.13,34,70,10.09,10.14,1394,234,10.08,10.15,752,279,10.07,10.16,506,662,"(22,)",0,0,0,0,-0.09,1285,315511894.53125,2,14,20260109,20010628,315511894.53125,12140000.0,222693496.09375,21557707500.0,0.0,0.0,-299.99999329447746,57670525000.0,13853590000.0,27420685000.0,1648588125.0,24657.0,13002720000.0,2027605000.0,13165968750.0,23966572500.0,20736273750.0,17383736250.0,1190530937.5,1573307031.25,47839003.90625,4538976875.0,-1323373125.0,4745690937.5,-404387031.25,-359068984.375,-106145000.0,6471321875.0,7.528999805450439,9.0,315511894.53125,1,3189825253.7109375,3189825253.7109375,1.0,True,0.0676957045421361,0.04851801967349133,-0.006277115714950057,-0.002676737835586189,-0.0010260762927085318,-0.00030310772063500804,-0.0712425755296888,-0.03636451728927429,2.0,1.0,True,True
1,600479,3531,10.97,10.62,11.11,11.28,10.81,14:59:56.774,14999104,-1097,271832,1300,299733536.0,140124,131708,-1,106623,10.96,10.97,109,70,10.95,10.98,230,1094,10.94,10.99,22,323,10.93,11.0,14,1707,10.92,11.01,67,1176,"(3030,)",0,0,0,0,-0.08,3531,418507109.375,21,34,20260209,20040312,492210000.0,12270000.0,1680765625.0,27146460000.0,0.0,0.0,4499.99988079071,49009195000.0,21603317500.0,4850155937.5,2273238125.0,36839.0,15400017500.0,7428736250.0,5871030000.0,25015272500.0,27183355000.0,13625906250.0,3726653750.0,3005880937.5,424425000.0,2429682968.75,-7857338750.0,4194390000.0,2987123125.0,2582327968.75,1873550937.5,12732706250.0,6.159999847412109,9.0,418507109.375,1,4591022989.84375,4591022989.84375,0.95,True,0.07214248495000994,0.04628685356974806,-0.001798956562005502,-0.0031703520585838196,-0.0003029370838249154,-0.0005304728574830933,0.028586081710216673,0.05852630245638673,4.0,1.0,True,True
1,600488,1401,4.31,4.28,4.29,4.34,4.26,14:59:59.892,14999970,-431,86649,657,37315360.0,33446,53203,1,1150,4.3,4.31,267,1977,4.29,4.32,2998,1295,4.28,4.33,562,2043,4.27,4.34,446,3153,4.26,4.35,947,2840,"(2326,)",0,0,0,0,0.0,1401,1091886718.75,9,34,20260202,20010618,1091886718.75,12270000.0,1866953906.25,25722145000.0,0.0,0.0,599.9999865889549,57431400000.0,19954676250.0,26595102500.0,3870445000.0,38337.0,11491935000.0,8712743125.0,3208149062.5,30230505000.0,22315360000.0,13219331250.0,5661250000.0,1964135000.0,8695999.755859375,333876015.625,77598999.0234375,6233473125.0,1281699062.5,1122971015.625,695397968.75,12483432500.0,2.7690000534057617,9.0,1091886718.75,1,4706031757.8125,4706031757.8125,1.0,True,0.08277274518539574,0.05739792270774498,-0.0038028750799902478,-0.005102257432209781,-0.000559760656149153,-0.0007962492812605542,-0.041376695328788654,-0.08112974769299625,1.0,0.0,True,True
1,600512,2091,2.52,2.53,2.53,2.54,2.5,14:59:59.816,14999949,-252,200799,1999,50717904.0,94701,106098,-1,929,2.52,2.53,1663,8851,2.51,2.54,8013,18305,2.5,2.55,6779,14795,2.49,2.56,2480,12667,2.48,2.57,2319,7729,"(22,)",0,0,0,0,0.0,2091,1587405156.25,28,21,20251030,20021226,1593810937.5,14480000.0,1561617500.0,23462072500.0,0.0,0.0,1000.0000149011612,106737720000.0,74748745000.0,5094060000.0,663045000.0,59116.0,43512555000.0,249556015.625,22384760000.0,62850995000.0,25504777500.0,22880820000.0,1860065000.0,1741809062.5,1376705000.0,-3886889062.5,-3610676875.0,29000172500.0,1719981093.75,1579125937.5,1574663906.25,20556981250.0,3.943000078201294,9.0,1587405156.25,1,4000260993.75,4000260993.75,1.0,True,0.09759793533798931,0.05174449879736047,-0.007825107126219574,-0.022803210899876414,-0.0013490512243143973,-0.003549135591037325,0.0377684703569835,-0.25148129334614006,4.0,0.0,True,True
1,600668,3540,11.72,11.13,11.11,12.2,11.11,14:59:56.864,14999129,-1172,354058,2929,417895840.0,136523,217536,0,4211,11.72,11.73,519,740,11.71,11.74,689,128,11.7,11.75,1185,215,11.69,11.76,93,231,11.68,11.77,165,245,"(4630,)",0,0,0,0,0.09,3540,412900585.9375,28,22,20251031,19930728,412900585.9375,12300000.0,705622500.0,20220223750.0,0.0,0.0,17300.000190734863,81473450000.0,17538206250.0,24256677500.0,9927077500.0,38392.0,17516637500.0,3682876250.0,3674740000.0,57744055000.0,19199901250.0,14746670000.0,2532825937.5,7037361250.0,6638309375.0,1058891015.625,-249471992.1875,4074875000.0,7047610000.0,6580800000.0,6497096250.0,48480045000.0,13.984999656677246,9.0,412900585.9375,1,4839194867.1875,4839194867.1875,0.95,True,0.08083790652701046,0.052110150015428666,-0.02282129642261381,-0.012107413341264459,-0.0016695108478541124,-0.0007376741833883688,0.11031932841881695,0.34324550380596225,3.0,1.0,True,True
1,600749,2402,17.25,16.92,16.92,17.26,16.7,14:59:54.514,14998476,-1725,67269,2083,114574864.0,27818,39451,2,2504,17.24,17.25,69,177,17.23,17.26,299,135,17.22,17.27,93,27,17.21,17.28,327,198,17.2,17.29,86,107,"(22,)",0,0,0,0,0.29,2402,226965507.8125,31,10,20251028,19961015,226965507.8125,23780000.0,200439394.53125,1698001406.25,0.0,0.0,1500.0000596046448,14569017500.0,7740218750.0,2629600000.0,3562807812.5,53034.0,1906943906.25,34754001.46484375,9744800000.0,10759251250.0,1605855937.5,1025642031.25,222162988.28125,353243984.375,248316992.1875,397181015.625,1224565000.0,109316005.859375,338246015.625,333276015.625,325596992.1875,-1001037031.25,4.739999771118164,9.0,226965507.8125,1,3915155009.765625,3915155009.765625,0.85,True,0.08924415380469101,0.05030856089257296,-0.0507336679542368,-0.03920992252627245,-0.006794574687762092,-0.004976703916695806,-0.2939485108610732,-0.4031063839410155,0.0,0.0,True,True
1,600794,1578,3.85,3.81,3.82,3.86,3.8,14:59:59.698,14999916,-385,136092,1179,52162644.0,61078,75014,0,1146,3.84,3.85,3481,7617,3.83,3.86,2171,7453,3.82,3.87,1309,3880,3.81,3.88,1890,3885,3.8,3.89,4725,2261,"(22,)",0,0,0,0,0.0,1578,1200152187.5,26,8,20260202,19970306,1200152187.5,16590000.0,1836591562.5,7145023750.0,0.0,0.0,500.0000074505806,31509937500.0,12775606250.0,6762659375.0,2342540937.5,74816.0,2527059062.5,2545799062.5,2370015000.0,26269972500.0,5526745000.0,3852346250.0,64560996.09375,923362968.75,179585000.0,-827838984.375,-342708007.8125,408483007.8125,928055000.0,704513984.375,586127968.75,10413371875.0,2.188999891281128,9.0,1200152187.5,1,4620585921.875,4620585921.875,1.0,True,0.1180479645584099,0.0529152056616645,-0.010950304297090596,-0.03783811808728916,-0.0019032600588830227,-0.006417770271255548,-0.08063947106486069,-0.4165372813732044,2.0,1.0,True,True
1,600805,1822,5.7,5.72,5.73,5.74,5.68,14:59:59.752,14999931,-570,84966,693,48525992.0,44176,40790,0,940,5.7,5.71,789,62,5.69,5.72,1817,7111,5.68,5.73,924,3892,5.67,5.74,605,3567,5.66,5.75,398,1997,"(22,)",0,0,0,0,0.0,1822,850275390.625,26,25,20251201,19940103,850894531.25,28910000.0,251785703.125,23832817500.0,0.0,0.0,900.0000357627869,101899640000.0,33845980000.0,32132375000.0,2089272031.25,40400.0,31507387500.0,8044390625.0,3166313125.0,43154810000.0,21473722500.0,19230537500.0,5189268125.0,863880937.5,1003142968.75,-79421000.9765625,-2228036875.0,4179012187.5,1185305937.5,1145855937.5,755470000.0,25283045000.0,5.072000026702881,9.0,850275390.625,1,4846569726.5625,4846569726.5625,1.0,True,0.08546532296646833,0.057029963547217954,0.0018502733210888495,-0.0002630266763486225,1.4829224024686302e-05,4.2060782503958637e-05,0.11128610521151876,0.005766491363817138,4.0,4.0,True,True
1,600830,1520,9.83,9.89,9.88,9.89,9.79,14:59:57.905,14999418,-983,56436,308,55551500.0,24283,32154,0,1037,9.83,9.84,52,985,9.82,9.85,332,570,9.81,9.86,425,468,9.8,9.87,500,575,9.79,9.88,85,1022,"(6102,)",0,0,0,0,0.0,1520,454322695.3125,28,1,20260202,19940224,454322695.3125,19690000.0,572808789.0625,2403015781.25,0.0,0.0,1599.9999642372131,64052930000.0,32523040000.0,27681000.9765625,30990000.0,29700.0,18419976250.0,6640874375.0,5658494375.0,22315792500.0,3040455000.0,1336955000.0,102230000.0,1365120000.0,0.0,-10272465000.0,1632011093.75,401626015.625,1363490000.0,966542968.75,717717031.25,11091211250.0,4.912000179290772,9.0,454322695.3125,1,4465992094.921875,4465992094.921875,1.0,True,0.09432640761333017,0.04946041885516582,-0.013968274799732186,-0.0273711939986587,-0.0023520773518777432,-0.004578915283769055,-0.06336669577685819,-0.3432166666045656,3.0,1.0,True,True
1,601033,1763,15.25,15.32,15.31,15.32,15.23,14:59:55.594,14998776,-1525,34828,350,53198836.0,16690,18139,0,766,15.25,15.26,226,1,15.24,15.27,344,157,15.23,15.28,387,57,15.22,15.29,107,289,15.21,15.3,138,106,"(3542,)",0,0,0,0,0.0,1763,240000000.0,12,39,20251029,20240118,900000000.0,23770000.0,6483788750.0,27949145000.0,0.0,0.0,8299.999833106995,256172760000.0,45761470000.0,118516880000.0,69566625000.0,29360.0,41054075000.0,2394517031.25,80727725000.0,107068210000.0,32504700000.0,18260817500.0,26024515000.0,8654409375.0,148743007.8125,14798261250.0,1197582968.75,904091015.625,8655255000.0,7584102500.0,7456647500.0,14376756250.0,11.895999908447266,9.0,240000000.0,1,3660000000.0,3660000000.0,1.0,True,0.0717848274979595,0.030259296937157766,-0.04892200619137613,-0.07243356735323253,-0.008270089611976417,-0.007217940058050051,-0.34644728088805565,-0.613865757137057,0.0,0.0,True,True
1,601065,1301,8.62,8.65,8.66,8.66,8.59,14:59:57.980,14999439,-862,49277,316,42502048.0,29407,19871,0,1013,8.61,8.62,1050,53,8.6,8.63,426,303,8.59,8.64,207,292,8.58,8.65,218,2841,8.57,8.66,255,1560,"(4822,)",0,0,0,0,0.12,1301,416256093.75,22,19,20260203,20230410,642776093.75,12260000.0,3569147500.0,20080670000.0,0.0,0.0,3000.0001192092896,56828645000.0,18706101250.0,29227380000.0,4473606875.0,34494.0,10957236250.0,660650000.0,24129687500.0,44250160000.0,16921217500.0,11679563750.0,496952968.75,2279548125.0,0.0,3853673750.0,-176474003.90625,1604901875.0,2338627968.75,2028659062.5,1957492031.25,12584147500.0,6.883999824523926,9.0,416256093.75,1,3588127528.1249995,3588127528.1249995,1.0,True,0.06572783831836956,0.043636536831890636,-0.006965676553884581,-0.009867988392459837,-0.001142753626987782,-0.0013571027058880691,-0.06132289594175748,-0.09208134036459877,1.0,0.0,True,True
1,601083,1995,11.78,11.82,11.85,11.85,11.72,14:59:57.203,14999223,-1178,51152,372,60226876.0,18823,32329,1,4420,11.77,11.78,328,32,11.76,11.79,801,817,11.75,11.8,74,143,11.74,11.81,191,414,11.73,11.82,2122,210,"(2390,)",0,0,0,0,0.0,1995,194120000.0,16,8,20251031,20231205,1294120000.0,16550000.0,7190395000.0,42644150000.0,0.0,0.0,9200.000166893004,112707380000.0,71356180000.0,25904970000.0,512887031.25,36077.0,17012635000.0,396900000.0,34386395000.0,91381890000.0,51757175000.0,34390847500.0,6118161250.0,15347131250.0,-19241999.51171875,17254887500.0,5558342500.0,529895000.0,15351962500.0,11938131250.0,11846711250.0,40200240000.0,7.060999870300293,9.0,194120000.0,1,2286733600.0,2286733600.0,0.85,True,0.09283622644630891,0.0538611390700444,-0.04255418849122895,-0.061338482097847244,-0.006570619450202049,-0.008302950512462076,-0.26520296076939315,-0.49247515521447893,0.0,0.0,True,True
1,601188,1743,3.67,3.64,3.65,3.67,3.61,14:59:59.402,14999834,-367,194258,7712,70908904.0,68040,126219,0,3062,3.66,3.67,1700,3564,3.65,3.68,7700,7990,3.64,3.69,10373,4172,3.63,3.7,7888,5051,3.62,3.71,3243,2329,"(6294,)",0,0,0,0,0.0,1743,1305469921.875,1,6,20251031,20100319,1305469921.875,16540000.0,1515966718.75,4149125312.5,0.0,0.0,1199.99997317791,54793745000.0,23647370000.0,7742868125.0,3946153750.0,47871.0,2990385937.5,2945385000.0,11532820000.0,46534360000.0,4688690937.5,2642569062.5,2029299062.5,2061648125.0,646001992.1875,-1219603046.875,-5400805625.0,2295280000.0,2063381093.75,1640360000.0,1564576875.0,18850237500.0,3.5360000133514404,9.0,1305469921.875,1,4791074613.28125,4791074613.28125,1.0,True,0.08199041993832208,0.04767111944912434,0.0006006179616160068,-0.004098183705059558,1.6691066328777353e-05,-0.0005953914213877969,0.009539947996752379,-0.043240324350570646,6.0,0.0,True,True
1,603066,1133,11.18,11.24,11.29,11.3,11.17,14:59:57.419,14999283,-1118,28287,207,31751248.0,12860,15427,0,3579,11.18,11.2,224,445,11.17,11.21,350,35,11.16,11.22,173,152,11.15,11.23,91,135,11.14,11.24,33,413,"(2454,)",0,0,0,0,0.0,1133,294180097.65625,26,8,20251025,20150611,294180097.65625,16590000.0,1061061015.625,9020893125.0,0.0,0.0,2099.9999344348907,30227900000.0,21532140000.0,1931165000.0,1039819062.5,19638.0,14070412500.0,72018999.0234375,1336502968.75,14349937500.0,6879325625.0,5304176250.0,6776240625.0,676970000.0,49040000.0,45098002.9296875,-1730199062.5,8946530000.0,675840000.0,624618007.8125,624060000.0,8962390625.0,4.877999782562256,9.0,294180097.65625,1,3288933491.796875,3288933491.796875,1.0,True,0.07116309625101915,0.03886538268242602,-0.004288078291795089,-0.009994655280042009,-0.000723109023366054,-0.0015601869139454938,-0.03125602591109408,-0.17431304003026887,4.0,0.0,True,True
1,603076,2376,25.44,25.06,25.1,26.55,25.1,14:59:52.285,14997857,-2544,46973,800,121286488.0,23937,23037,-7,627,25.43,25.44,20,1,25.42,25.46,10,35,25.41,25.47,136,4,25.4,25.5,115,4,25.39,25.51,2,54,"(5590,)",0,0,0,0,-0.26,2376,120701298.828125,28,26,20251030,20171113,120701298.828125,12350000.0,405306992.1875,9470787500.0,0.0,0.0,2800.000011920929,35731527500.0,27784260000.0,4845721250.0,940082968.75,13010.0,21887792500.0,263731015.625,8688077500.0,12965927500.0,9497378125.0,7102296250.0,4418685000.0,269882011.71875,27410998.53515625,2231413125.0,-510081992.1875,13381701250.0,400281992.1875,341015976.5625,336006015.625,2264338125.0,10.741999626159668,9.0,120701298.828125,1,3070641042.1875,3070641042.1875,1.0,True,0.11633124794978025,0.05727448622490028,-0.0019375931224204085,-0.036841890690484894,-0.00038465457257397484,-0.004915480476593038,0.06290040858569253,-0.14685373990327963,2.0,0.0,True,True
1,603082,1241,37.95,38.04,38.25,38.29,37.88,14:59:46.702,14996306,-3795,10120,65,38495824.0,5622,4499,3,5087,37.95,37.97,12,20,37.93,37.98,11,2,37.92,37.99,10,27,37.91,38.0,46,59,37.9,38.01,76,6,"(5142,)",0,0,0,0,0.03,1241,40556899.4140625,7,8,20251028,20240130,162227500.0,12340000.0,1217766093.75,14526062500.0,0.0,0.0,7200.000286102295,42884460000.0,38679877500.0,771415000.0,385651992.1875,13658.0,26894777500.0,0.0,9965190000.0,15939670000.0,14016022500.0,11422367500.0,5271255625.0,1288267031.25,6792999.877929688,349659023.4375,-1526587968.75,16041597500.0,1291899062.5,1175811015.625,1175811015.625,3938526250.0,9.824999809265137,9.0,40556899.4140625,1,1539134332.7636719,1539134332.7636719,0.95,True,0.08368954228405426,0.04379188632305546,0.0005956122883503251,-0.003147444777027192,1.0953086305065992e-05,-0.0004578138398535099,0.008701634713836073,-0.06705346461619369,4.0,0.0,True,True
1,603107,1239,15.46,15.47,15.47,15.53,15.43,14:59:55.878,14998855,-1546,21485,112,33266900.0,9997,11488,0,2877,15.46,15.47,164,89,15.45,15.48,622,385,15.44,15.49,140,277,15.43,15.5,74,131,15.42,15.51,99,440,"(22,)",0,0,0,0,-0.05,1239,218174003.90625,16,7,20251029,20231101,337335000.0,12360000.0,1346955000.0,15463801250.0,0.0,0.0,4000.000059604645,27027750000.0,18470295000.0,5835940000.0,366728007.8125,29359.0,5496041250.0,-4527000.1220703125,12528635000.0,21169402500.0,16454472500.0,13057826250.0,6411205625.0,1673200000.0,70571000.9765625,812757968.75,-2261050000.0,3489401875.0,1683302968.75,1346151875.0,1350680000.0,4280523125.0,6.275000095367432,9.0,218174003.90625,1,3372970100.390625,3372970100.390625,1.0,True,0.06721775582248601,0.03617490104169448,-0.00728056105333777,-0.02476643900467594,-0.0012442579370266216,-0.003837488823441381,-0.06115474375807093,-0.3417325494522914,2.0,0.0,True,True
1,603182,1307,16.46,16.56,16.59,16.83,16.35,14:59:55.158,14998655,-1646,15779,126,25991272.0,8491,7288,1,1841,16.45,16.46,6,44,16.43,16.47,6,6,16.42,16.49,19,50,16.41,16.5,7,44,16.4,16.52,1,8,"(22,)",0,0,0,0,0.24,1307,164550000.0,15,14,20251027,20220909,164550000.0,12130000.0,764655937.5,11062586250.0,0.0,0.0,5000.0,13075047500.0,4624112187.5,7033542500.0,1021598046.875,8539.0,1439748125.0,0.0,3588890000.0,10949795000.0,10267245000.0,8785590000.0,1062526953.125,1081403984.375,1481000.0610351562,944300937.5,-295161015.625,1569144062.5,1078657968.75,821730000.0,821730000.0,4816973125.0,6.65399980545044,9.0,164550000.0,1,2708493000.0,2708493000.0,1.0,True,0.057365861673643916,0.034246782522009536,-0.011225107859216037,-0.008797510436434348,0.0006307700537539056,-0.0005481721424806287,0.045337847649438406,-0.10817892045195761,4.0,0.0,True,True
1,603201,904,17.69,17.68,17.72,17.77,17.6,14:59:54.715,14998532,-1769,11323,329,20033512.0,4879,6444,1,904,17.68,17.69,354,38,17.66,17.7,53,256,17.65,17.71,120,37,17.64,17.72,6,96,17.63,17.73,57,90,"(1302,)",0,0,0,0,0.0,904,188354707.03125,26,7,20251219,20220729,189979707.03125,12340000.0,1528113593.75,22361667500.0,0.0,0.0,8700.000047683716,31445615000.0,21371112500.0,6830511250.0,1153182031.25,10084.0,13246450000.0,438753984.375,4246605000.0,17402267500.0,22004730000.0,17219895000.0,6779590000.0,2251192968.75,47516000.9765625,1548429062.5,-414480000.0,4873309062.5,2249051875.0,1701597031.25,1640659062.5,10696361250.0,9.156999588012695,9.0,188354707.03125,1,3331994767.382813,3331994767.382813,1.0,True,0.07363765185443252,0.04502673922318979,-0.05647762387253655,-0.014966174663748236,-0.005622767293475793,-0.0017170226058973563,-0.3795065668928618,-0.22680785781224244,3.0,1.0,True,True
1,603202,961,93.4,93.38,93.16,93.4,92.99,14:59:28.180,14991161,-9340,5619,310,52337816.0,3207,2412,0,559,93.39,93.4,5,73,93.38,93.41,2,15,93.29,93.42,2,85,93.25,93.43,6,10,93.24,93.44,8,16,"(1494,)",0,0,0,0,0.21,961,33261999.51171875,1,7,20260205,20250424,160000000.0,12360000.0,0.0,0.0,0.0,0.0,54800.00019073486,91502440000.0,75286060000.0,8029590000.0,2970927812.5,20983.0,20932280000.0,-8760999.755859375,39389990000.0,66276745000.0,29795800000.0,18975050000.0,7674465000.0,8839745000.0,-27165000.0,10079565000.0,24852880000.0,8906596250.0,8838600000.0,7783031250.0,7788938125.0,24270080000.0,41.42300033569336,9.0,33261999.51171875,1,3106670754.3945312,3106670754.3945312,0.9,True,0.05735083250906412,0.033610774080189434,0.00018802562888327323,-0.008523125569917175,2.568104840534301e-05,-0.0014224720922850615,0.2102595342101329,-0.13047359117373755,6.0,0.0,True,True
1,603205,756,28.45,28.51,28.55,28.56,28.42,14:59:50.842,14997456,-2845,6500,123,18513488.0,3990,2510,-1,914,28.44,28.45,88,10,28.43,28.48,29,17,28.42,28.49,57,164,28.41,28.5,73,239,28.4,28.51,73,373,"(2582,)",0,0,0,0,-0.1,756,41340000.0,26,9,20251106,20241107,156000000.0,12350000.0,934561093.75,7829359375.0,0.0,0.0,4900.000095367432,16483495000.0,11526557500.0,3395176250.0,573237031.25,17056.0,1388010000.0,0.0,6789507500.0,14583037500.0,7253800000.0,5492573125.0,2120356093.75,860775000.0,6340000.0,1102892031.25,-186315996.09375,1711095000.0,865705000.0,764095000.0,764095000.0,5683176250.0,9.347999572753906,9.0,41340000.0,1,1176123000.0,1176123000.0,0.9,True,0.09131650856712478,0.05443693953716868,-4.877351976571853e-05,-2.9075587625514154e-05,2.8372869059859842e-06,1.6914051815438331e-06,0.5922259979447747,0.5639868532997123,5.0,5.0,True,True
1,603208,1326,15.11,15.12,15.18,15.25,15.04,14:59:56.364,14998990,-1511,21152,229,32023582.0,8507,12645,2,1032,15.11,15.12,123,1,15.1,15.13,100,78,15.09,15.14,111,10,15.08,15.16,71,35,15.07,15.17,33,38,"(598,)",0,0,0,0,0.2,1326,177172695.3125,28,4,20251024,20170210,177172695.3125,12200000.0,1635702031.25,22570840000.0,0.0,0.0,-2399.99994635582,32625312500.0,16473887500.0,10786172500.0,2293461875.0,12194.0,11844820000.0,0.0,4301326875.0,12375881250.0,12841202500.0,10584051250.0,6607575625.0,-443441992.1875,26495000.0,-2836000.061035156,-5148468125.0,1983125937.5,-420627968.75,-414920000.0,-414920000.0,4896990937.5,6.793000221252441,9.0,177172695.3125,1,2677079426.171875,2677079426.171875,0.9,True,0.08016086933842663,0.04644272286668993,-0.0032631815727763303,-0.004401186016346342,-0.0001335956988721849,-0.0002224858697224425,0.4930693360714116,0.26034101143369326,1.0,0.0,True,True
1,603210,859,19.51,19.61,19.61,19.63,19.5,14:59:54.420,14998450,-1951,11464,180,22428644.0,6222,5242,1,176,19.51,19.52,32,142,19.5,19.53,248,80,19.49,19.54,2,7,19.48,19.55,47,24,19.47,19.56,15,12,"(1814,)",0,0,0,0,0.0,859,75390698.2421875,28,7,20251124,20250409,340400000.0,12360000.0,0.0,0.0,0.0,0.0,4799.999892711639,30325255000.0,16249781250.0,9426693125.0,1198675937.5,24416.0,11341320000.0,201640996.09375,7982249375.0,18265048750.0,15093981250.0,11869831250.0,6209231875.0,1717492031.25,-46076997.0703125,457910976.5625,703850000.0,2991949062.5,1704185000.0,1455672031.25,1453132968.75,6320921250.0,5.366000175476074,9.0,75390698.2421875,1,1470872522.7050781,1470872522.7050781,0.95,True,0.07018616559079974,0.03851899143015574,-0.025987126342365968,-0.044642768809313345,-0.00409796867367795,-0.005767946584820286,-0.26592334112365484,-0.44273487627404706,0.0,0.0,True,True
1,603214,2157,18.68,18.69,18.7,18.86,18.5,14:59:54.719,14998533,-1868,45634,650,85368712.0,20498,25136,-6,2506,18.68,18.69,18,23,18.67,18.7,25,4,18.66,18.71,27,198,18.65,18.72,496,19,18.64,18.74,5,52,"(1302,)",0,0,0,0,-0.31,2157,138540000.0,16,12,20260202,20180330,138540000.0,15520000.0,478889687.5,24681200000.0,0.0,0.0,3799.999952316284,26399012500.0,18241795000.0,1151780937.5,1262703046.875,22389.0,12530165000.0,545014023.4375,2874620000.0,11504235000.0,27253887500.0,20315251250.0,1006287031.25,812977031.25,49297001.953125,2135210937.5,-3625140937.5,7103567500.0,814074062.5,640340000.0,523348007.8125,6739842500.0,8.303999900817871,9.0,138540000.0,1,2587927200.0,2587927200.0,0.75,True,0.08051610119417472,0.046967102440900736,0.007960303978691782,-0.006440408646846793,0.0014103153333251243,0.00018011651710121124,0.11762740973082049,-0.020306335931288787,5.0,3.0,True,True
1,603230,2430,13.15,12.92,12.92,13.3,12.88,14:59:55.990,14998886,-1315,98273,907,129108112.0,39825,58448,0,1925,13.14,13.15,70,125,13.13,13.16,106,231,13.12,13.17,153,182,13.11,13.18,173,163,13.1,13.19,171,100,"(22,)",0,0,0,0,0.08,2430,353523007.8125,32,18,20251030,20211224,353523007.8125,27860000.0,2954406250.0,14693472500.0,0.0,0.0,5699.999928474426,47153745000.0,32784077500.0,11445980000.0,1283158984.375,16463.0,16400717500.0,30223999.0234375,8891375000.0,27954920000.0,13656393750.0,8129111875.0,6292525000.0,2045942031.25,334128007.8125,1835546093.75,-734475937.5,970378984.375,2023240937.5,2020068906.25,2014920000.0,13742068750.0,7.907000064849853,9.0,353523007.8125,1,4648827552.734375,4648827552.734375,1.0,True,0.059808833072976596,0.04855593038740609,-0.004499910196261954,0.002161997670339269,-4.863671420342793e-05,0.0004607103192629883,-0.01501438485163011,0.0798290000310167,1.0,5.0,True,True
1,603237,970,17.63,17.62,17.68,17.7,17.44,14:59:55.097,14998638,-1763,13360,47,23534502.0,7253,6107,-1,990,17.63,17.64,251,10,17.62,17.65,105,17,17.61,17.66,103,160,17.6,17.67,170,115,17.59,17.68,21,32,"(1494,)",0,0,0,0,-0.05,970,196011699.21875,28,14,20251112,20220831,197072500.0,12140000.0,2104306093.75,20482050000.0,0.0,0.0,9100.000262260435,24018062500.0,10125993750.0,11115026250.0,689641015.625,15521.0,5639255000.0,14142999.267578123,11032170000.0,17650747500.0,19854511250.0,12239172500.0,2061289062.5,2263460937.5,20411999.51171875,2557032031.25,-2107945000.0,1707340000.0,2270132031.25,1752938125.0,1748973125.0,5091915000.0,8.954000473022461,9.0,196011699.21875,1,3455686257.2265625,3455686257.2265625,1.0,True,0.07652360485724355,0.05219058915391343,-0.003409459240543977,-0.004084543107147134,-0.0005686988929590626,-0.0013315070978334408,-0.03610658573466136,-0.05475593786136377,3.0,3.0,True,True
1,603262,1093,27.97,28.08,28.15,28.17,27.9,14:59:51.014,14997504,-2797,12013,166,33640224.0,5856,6157,0,56,27.97,27.98,71,2,27.96,27.99,27,42,27.95,28.0,115,34,27.94,28.05,42,47,27.93,28.06,25,20,"(1366,)",0,0,0,0,0.04,1093,40008000.48828125,26,9,20260205,20250723,400010000.0,12140000.0,0.0,0.0,0.0,0.0,3199.9999284744263,18119750000.0,13025611250.0,2899469062.5,403998984.375,18045.0,1997197031.25,96171992.1875,5145373125.0,15335350000.0,7971074375.0,4548112187.5,2038470000.0,1357773125.0,17127000.732421875,977207031.25,1074970000.0,2296667968.75,1357024062.5,1172786015.625,1165570000.0,5844407500.0,3.8340001106262207,9.0,40008000.48828125,1,1119023773.6572266,1119023773.6572266,0.7,True,0.07984495934997393,0.04632327742255794,-0.000277715799523931,-0.009004524481969499,2.5440815307672487e-05,-0.0005009898531364241,0.0008437112423205577,-0.08480198630076345,5.0,0.0,True,True
1,603310,1327,17.37,17.52,17.52,17.53,17.35,14:59:55.190,14998664,-1737,19786,339,34481576.0,11112,8674,-1,9023,17.37,17.38,53,71,17.36,17.39,58,10,17.35,17.4,101,123,17.33,17.41,15,15,17.32,17.42,119,10,"(22,)",0,0,0,0,-0.05,1327,184560000.0,28,19,20251126,20240814,345340000.0,12260000.0,1838456093.75,7781537500.0,0.0,0.0,3100.000023841858,46589710000.0,23983985000.0,8448718125.0,1730111875.0,19794.0,2998535000.0,1194195000.0,19109265000.0,39661297500.0,6599950625.0,4745509062.5,1795045000.0,1208125000.0,-73051000.9765625,177009003.90625,-815705000.0,2585231093.75,1178032968.75,963337968.75,1085380937.5,15582436250.0,11.484999656677246,9.0,184560000.0,1,3205807200.0,3205807200.0,1.0,True,0.06945028137806866,0.045863698695201106,-0.00814700451617116,-0.01879099114654386,-0.0009147524692378154,-0.0019968623884972516,-0.037638559481770764,-0.22263421727966648,3.0,1.0,True,True
1,603357,1370,8.35,8.39,8.4,8.41,8.34,14:59:58.078,14999466,-835,42423,892,35526720.0,21932,20492,-1,916,8.35,8.36,583,549,8.34,8.37,578,375,8.33,8.38,830,335,8.32,8.39,19,562,8.31,8.4,270,1340,"(5654,)",0,0,0,0,0.0,1370,555603007.8125,24,21,20251031,20170801,560577890.625,22740000.0,3145082812.5,22936845000.0,0.0,0.0,4399.999976158142,68452720000.0,55860630000.0,5182812187.5,789355000.0,29315.0,24148450000.0,722855000.0,7910724375.0,38443805000.0,18632076250.0,12424501250.0,15755776250.0,2852940937.5,190755000.0,-2041915000.0,-2856860937.5,9110999.755859377,2839433125.0,2463227968.75,2417590000.0,22293025000.0,6.857999801635742,9.0,555603007.8125,1,4639285115.234375,4639285115.234375,1.0,True,0.07826531460212051,0.038921407724400406,-0.009366755843508948,-0.02860896368652445,-0.0015944544854713642,-0.004491777027182012,0.10065045650558645,-0.14006175911354718,2.0,0.0,True,True
1,603390,1770,13.13,13.0,13.0,13.17,12.94,14:59:55.997,14998888,-1313,42456,381,55596688.0,16652,25805,-1,2145,13.13,13.14,262,406,13.12,13.15,208,444,13.11,13.16,125,503,13.1,13.17,146,356,13.09,13.18,182,488,"(3862,)",0,0,0,0,0.0,1770,350513906.25,12,7,20251030,20191125,351651992.1875,12390000.0,167034003.90625,4078780000.0,0.0,0.0,1599.9999642372131,18959147500.0,10986582500.0,4642028750.0,557577968.75,31754.0,2743588125.0,11020999.755859377,9077963125.0,16158573750.0,6720915625.0,4867380000.0,3719760000.0,564616992.1875,6583999.633789063,592300976.5625,154020000.0,1780100937.5,560306015.625,543715000.0,548847031.25,2901070000.0,4.59499979019165,9.0,350513906.25,1,4602247589.0625,4602247589.0625,1.0,True,0.10329601984266223,0.05655061511125248,0.0005246683455368134,0.003227169328408455,7.155593319425428e-06,0.0003898314131195064,0.26843435815385563,0.12114445119580987,5.0,4.0,True,True
1,603439,1347,12.23,12.25,12.29,12.35,12.2,14:59:57.041,14999178,-1223,36437,309,44643224.0,20408,16030,-1,1389,12.23,12.24,38,61,12.22,12.25,265,20,12.21,12.26,193,381,12.2,12.27,304,164,12.19,12.28,18,65,"(4630,)",0,0,0,0,-0.32,1347,403840195.3125,29,34,20251027,20200428,408930195.3125,12270000.0,1941321562.5,14471142500.0,0.0,0.0,2000.0000298023224,28481685000.0,14092301250.0,4927396875.0,1989482031.25,26336.0,9733675000.0,674656015.625,1592344062.5,14806806250.0,10384984375.0,3255188125.0,5490543125.0,859671953.125,-31870998.53515625,500635976.5625,-2091542968.75,3247328750.0,926533984.375,836773046.875,807868984.375,8790113125.0,3.61299991607666,9.0,403840195.3125,1,4938965588.671875,4938965588.671875,1.0,True,0.09357485193705141,0.0497180672515326,-0.007413052946683429,-0.006895667853268769,-0.0012176127850256693,-0.0009661282185798361,0.047404673975241694,-0.06606218921586057,5.0,3.0,True,True
1,603558,2048,12.38,12.04,12.1,12.45,11.99,14:59:56.627,14999063,-1238,51833,581,63622400.0,25908,25925,1,3969,12.37,12.38,267,246,12.36,12.39,65,72,12.35,12.4,32,154,12.34,12.41,10,217,12.33,12.42,8,118,"(22,)",0,0,0,0,-0.31,2048,342638007.8125,28,15,20251027,20150127,342638007.8125,12180000.0,2631950312.5,19235556250.0,0.0,0.0,8799.999952316284,39629895000.0,19715280000.0,13006542500.0,2835840000.0,15631.0,15168543750.0,0.0,12903650000.0,23969177500.0,18862306250.0,13289142500.0,5890301875.0,3694169062.5,-22238000.48828125,3879355000.0,3162977812.5,6378705625.0,3647005000.0,3086031875.0,3086030937.5,7589884375.0,6.995999813079834,9.0,342638007.8125,1,4241858536.7187505,4241858536.7187505,1.0,True,0.09305469423875502,0.05416409368618408,-0.06551971354534318,-0.022612410626675766,-0.008672158209078755,-0.0027555850632160713,-0.4130038745665033,-0.27427320343872164,2.0,1.0,True,True
1,603600,1363,11.81,11.87,11.85,11.92,11.8,14:59:56.832,14999120,-1181,25353,411,30057324.0,12449,12904,-2,924,11.81,11.83,342,115,11.8,11.84,793,6,11.79,11.85,172,120,11.78,11.86,177,112,11.77,11.87,13,408,"(22,)",0,0,0,0,-0.07,1363,300038007.8125,28,4,20251027,20150123,330433203.125,12210000.0,2248308593.75,33898900000.0,0.0,0.0,5799.999833106995,45850430000.0,27248705000.0,11418182500.0,4119426875.0,15433.0,22278780000.0,144331992.1875,6828315625.0,22895750000.0,34829572500.0,27406122500.0,5766720000.0,1958650937.5,-16517999.267578123,3619187187.5,3440498125.0,5799119375.0,1955788125.0,1908546093.75,1914922031.25,11237211250.0,6.928999900817871,9.0,300038007.8125,1,3543448872.265625,3543448872.265625,1.0,True,0.11549912194749279,0.05529063414612671,-0.0061556795700227485,-0.008320197530233525,-4.846096792616763e-05,-0.00028535948481296067,-0.011056314109866574,-0.048129534300934286,1.0,1.0,True,True
1,603648,884,10.8,10.78,10.8,10.83,10.72,14:59:57.556,14999321,-1080,27149,335,29283216.0,13164,13985,1,324,10.8,10.81,56,227,10.79,10.82,25,175,10.78,10.83,482,808,10.77,10.84,277,418,10.76,10.85,69,1109,"(22,)",0,0,0,0,0.09,884,362412812.5,16,8,20251030,20170913,362412812.5,21720000.0,1124592734.375,12727198750.0,0.0,0.0,2500.0,24115105000.0,9050996250.0,7267375000.0,1758548125.0,20363.0,3256550000.0,183025000.0,8554346875.0,18302626250.0,11372938750.0,9171082500.0,2242814062.5,1178238984.375,167735000.0,2406424062.5,-851550937.5,192161992.1875,1180305000.0,974111015.625,912642031.25,4630760000.0,5.050000190734863,9.0,362412812.5,1,3914058375.0000005,3914058375.0000005,1.0,True,0.06491333339616885,0.046448484929523554,-0.004557122328038024,-0.010013841407440056,-0.0006559687608312126,-0.001278704715266243,-0.05687092687231195,-0.14774987537046963,1.0,0.0,True,True
1,603676,1069,11.43,11.38,11.39,11.46,11.31,14:59:56.969,14999158,-1143,18215,384,20788808.0,8227,9988,0,638,11.43,11.44,19,235,11.42,11.45,68,453,11.41,11.46,249,220,11.4,11.47,155,256,11.39,11.48,21,482,"(22,)",0,0,0,0,0.09,1069,435161484.375,31,34,20251030,20170721,435161484.375,12270000.0,2432661093.75,9943571250.0,0.0,0.0,5099.999904632568,19094136250.0,13411130000.0,3617905937.5,224853007.8125,16525.0,3296155000.0,0.0,3476430000.0,15264626250.0,8624168125.0,3289671250.0,1589782031.25,2748350000.0,116135996.09375,1134055937.5,854045000.0,466591015.625,2681930000.0,2191770000.0,2191770000.0,6783100000.0,3.507999897003174,9.0,435161484.375,1,4973895766.40625,4973895766.40625,1.0,True,0.07618555810536447,0.043040111237077655,-0.007617037866630802,-0.0011231854669148875,-0.0005483698386400995,-0.00036551309297795306,-0.041424361756711194,-0.02159289203895312,3.0,2.0,True,True
1,603719,1773,11.82,11.94,11.93,11.93,11.78,14:59:56.468,14999019,-1182,51046,782,60361000.0,28355,22691,0,1157,11.81,11.82,974,170,11.8,11.83,1969,490,11.79,11.84,963,51,11.78,11.85,1112,22,11.77,11.86,431,87,"(662,)",0,0,0,0,0.08,1773,401000000.0,19,14,20251030,20200224,401000000.0,15520000.0,193903398.4375,54801840000.0,0.0,0.0,-3100.000023841858,37144937500.0,23282692500.0,6013644375.0,2286770000.0,36084.0,15753743750.0,51341997.0703125,8043556250.0,20209247500.0,41401597500.0,31066052500.0,2805946250.0,-1490963906.25,-33868999.0234375,1857370000.0,-4873300000.0,3939857812.5,-1487292968.75,-1189520000.0,-1223201953.125,8045443125.0,5.039999961853027,9.0,401000000.0,1,4739820000.0,4739820000.0,1.0,True,0.07680621142849504,0.0475495289557807,-0.013435635262296367,-0.005066271098883919,-0.002151574634612477,-0.0008595988460570655,-0.13806923209267036,-0.07684914231767849,0.0,1.0,True,True
1,603768,1264,12.24,12.25,12.29,12.34,12.2,14:59:56.677,14999077,-1224,19703,139,24170888.0,9818,9885,0,2569,12.24,12.26,24,115,12.23,12.27,27,204,12.22,12.28,35,256,12.21,12.29,21,245,12.2,12.3,235,135,"(22,)",0,0,0,0,0.0,1264,237955898.4375,24,7,20251030,20170324,237955898.4375,12360000.0,706041484.375,24580065000.0,0.0,0.0,-2899.9999165534973,62561160000.0,28009752500.0,25035935000.0,3568256875.0,16228.0,30698572500.0,0.0,11550405000.0,23498670000.0,25619747500.0,21888977500.0,10671647500.0,-658895000.0,-14555000.0,-3698187187.5,-2232840000.0,5192375000.0,-675030000.0,-680443046.875,-680443046.875,8702725625.0,9.875,9.0,237955898.4375,1,2912580196.875,2912580196.875,1.0,True,0.10730016047862174,0.04509615879463549,-0.0021569985566018968,-0.0195550178087986,-0.0004189530950504325,-0.003601259326104906,0.010871008674345933,-0.18674303886125973,5.0,0.0,True,True
1,603788,1061,16.57,16.5,16.5,16.64,16.45,14:59:54.758,14998544,-1657,14822,128,24580220.0,6228,8594,-4,1040,16.57,16.6,34,1,16.56,16.61,102,159,16.55,16.62,11,224,16.54,16.63,34,54,16.52,16.64,20,330,"(22,)",0,0,0,0,-0.17,1061,223065097.65625,28,7,20251029,20150120,223065097.65625,12360000.0,1524377031.25,10828785000.0,0.0,0.0,6999.99988079071,26316015000.0,16902572500.0,4028243125.0,1110000937.5,17503.0,5648301250.0,-16190000.0,10690688750.0,20662256250.0,11504930000.0,8861880000.0,3575309062.5,1720257968.75,28273000.48828125,1019260000.0,1776522031.25,1909652968.75,1727075937.5,1548375937.5,1557395937.5,5565481875.0,9.262999534606934,9.0,223065097.65625,1,3696188668.1640625,3696188668.1640625,1.0,True,0.08948043304390223,0.045858271022248064,0.0040952510510847,-0.0036510814031295233,3.476863674666449e-05,-0.00021899376363349854,0.07191439309426702,-0.039614722340556956,6.0,5.0,True,True
1,603801,1196,9.69,9.77,9.8,9.81,9.69,14:59:57.235,14999232,-969,30365,506,29541772.0,19874,10492,0,412,9.68,9.69,361,539,9.67,9.7,339,141,9.66,9.71,488,429,9.65,9.72,190,406,9.64,9.73,5,130,"(5142,)",0,0,0,0,0.0,1196,434351406.25,24,4,20260105,20170630,434351406.25,12210000.0,2661772812.5,36751787500.0,0.0,0.0,4000.000059604645,63943845000.0,28698562500.0,17606461250.0,2753451875.0,25345.0,22780710000.0,0.0,6562240000.0,34069937500.0,30738002500.0,20211810000.0,3065860937.5,1685330000.0,462405000.0,-1309225000.0,-729778984.375,3595631875.0,1746950000.0,1731635937.5,1731635937.5,21146815000.0,7.638000011444092,9.0,434351406.25,1,4208865126.5625,4208865126.5625,1.0,True,0.06377139046925906,0.05047799311120288,0.014703210538427616,0.011740959108199403,0.0006793176517215574,0.0015740051923078778,0.4434315969922132,0.7204936526477667,3.0,6.0,True,True
1,603838,364,7.97,7.73,7.82,8.0,7.73,14:59:57.854,14999404,-797,23878,432,18690804.0,6417,17461,1,156,7.96,7.97,3,997,7.85,7.99,34,105,7.8,8.0,140,532,7.78,8.01,30,5,7.76,8.02,500,212,"(22,)",0,0,0,0,0.13,364,320015996.09375,12,40,20251030,20150701,320015996.09375,12300000.0,-81406801.7578125,2009850625.0,0.0,0.0,-1099.9999940395355,10145196250.0,6813671250.0,2195598125.0,880801953.125,7291.0,488227968.75,-31718999.0234375,4143400000.0,9358609375.0,2658365937.5,2696938125.0,987445000.0,-389003007.8125,59605000.0,-876228046.875,-870975000.0,2231548125.0,-393785000.0,-400676992.1875,-359381992.1875,1619336093.75,2.924000024795532,9.0,320015996.09375,1,2550527488.8671875,2550527488.8671875,1.0,True,0.10396537854959831,0.05997606528765924,-0.05159612338548086,-0.047227779902106096,-0.008021338474024226,-0.006416392211665301,-0.31241050012649824,-0.38234462164477,0.0,0.0,True,True
1,605166,1380,11.06,11.1,11.14,11.2,11.02,14:59:57.462,14999295,-1106,36250,381,40256352.0,18696,17554,-2,2117,11.06,11.07,147,25,11.05,11.08,572,406,11.04,11.09,134,253,11.03,11.1,602,391,11.02,11.11,50,1001,"(22,)",0,0,0,0,0.0,1380,314732597.65625,28,27,20260202,20200618,314732597.65625,12260000.0,2336259531.25,53329900000.0,0.0,0.0,4399.999976158142,57222125000.0,37044560000.0,10412375000.0,1976890000.0,18312.0,25188595000.0,2051965000.0,4606320000.0,19783887500.0,43666320000.0,40579247500.0,1503297031.25,1791453906.25,-88584003.90625,964703984.375,-2864025000.0,4796939062.5,1788850000.0,1575062968.75,1395986093.75,10504113750.0,6.190999984741211,9.0,314732597.65625,1,3480942530.078125,3480942530.078125,1.0,True,0.09237558852291072,0.052202986086545465,-0.03198320455032344,-0.03755893512578735,-0.005391788185468875,-0.006295986899723888,-0.25314025668454504,-0.4152216241666732,0.0,0.0,True,True
1,605189,1186,15.69,15.76,15.76,15.77,15.55,14:59:55.435,14998732,-1569,21025,90,32947798.0,11450,9576,0,961,15.69,15.7,107,30,15.67,15.71,7,42,15.66,15.72,5,152,15.65,15.73,181,136,15.64,15.74,115,172,"(5526,)",0,0,0,0,-0.12,1186,194077597.65625,24,15,20260105,20210528,194077597.65625,12170000.0,1037217500.0,21914345000.0,0.0,0.0,1099.9999940395355,51343670000.0,29378590000.0,18394587500.0,2141134062.5,8979.0,25098447500.0,0.0,7570271250.0,18509793750.0,24076235000.0,21872830000.0,441246015.625,274408007.8125,34339001.46484375,1105548046.875,1013976953.125,14756822500.0,218576992.1875,233475000.0,233475000.0,7830572500.0,9.109999656677246,9.0,194077597.65625,1,3045077507.2265625,3045077507.2265625,1.0,True,0.12426978672576347,0.0576440317149739,-0.11329004057812503,-0.08649908686122026,-0.011220466973525722,-0.006710161381188011,-0.4041261416356215,-0.4845779218184685,0.0,0.0,True,True
1,605259,1232,22.4,22.11,22.11,22.46,22.0,14:59:52.660,14997961,-2240,17015,161,37983816.0,5668,11347,-1,2344,22.4,22.41,59,9,22.39,22.42,54,9,22.38,22.43,7,31,22.36,22.44,3,91,22.35,22.45,2,170,"(1558,)",0,0,0,0,-0.03,1232,172480000.0,28,26,20251024,20210615,172480000.0,12340000.0,1387879375.0,15693932500.0,0.0,0.0,11599.99966621399,24966502500.0,18090681250.0,4156430000.0,796621015.625,8365.0,6694078125.0,0.0,5271745000.0,17943687500.0,18765212500.0,14824173750.0,3361918125.0,2267742031.25,3824000.244140625,1456737968.75,-2061981093.75,5360565000.0,2255140000.0,2003425000.0,2003425000.0,10084743125.0,10.402999877929688,9.0,172480000.0,1,3863551999.9999995,3863551999.9999995,1.0,True,0.07710575093731085,0.05233095833517698,-0.004011594278472155,-0.0032409970995045806,-0.0006393892991121442,-0.0004163919803306081,-0.04666360644180437,-0.05433715439552665,1.0,0.0,True,True
1,605266,1088,20.77,20.84,20.84,20.91,20.71,14:59:53.966,14998324,-2077,11117,89,23133742.0,5140,5977,0,2417,20.77,20.81,142,52,20.76,20.82,304,21,20.75,20.83,45,28,20.74,20.84,50,36,20.73,20.85,55,44,"(86,)",0,0,0,0,-0.09,1088,154542900.390625,27,12,20251111,20201201,154542900.390625,15520000.0,1008309062.5,67352060000.0,0.0,0.0,6499.999761581421,97395400000.0,41846690000.0,9283302500.0,745411015.625,15091.0,51653290000.0,-13071999.51171875,13382201250.0,26260800000.0,65488830000.0,41831022500.0,7230303125.0,1273278046.875,-46197001.953125,8223650000.0,876132031.25,24010602500.0,1238680000.0,1005753046.875,1006060000.0,11385335000.0,16.993000030517578,9.0,154542900.390625,1,3209856041.1132812,3209856041.1132812,1.0,True,0.11320746632796601,0.05532622900063329,-0.010117577509960216,-0.014261068197085017,-0.0016933644799901777,-0.0020154277636685197,0.08140266550176202,-0.17903393967854153,0.0,1.0,True,True
1,605268,1590,11.39,11.4,11.52,11.52,11.33,14:59:57.343,14999262,-1139,32369,879,36867416.0,17056,15313,1,1659,11.38,11.39,27,492,11.37,11.4,59,189,11.36,11.41,20,239,11.35,11.42,168,161,11.34,11.43,55,110,"(22,)",0,0,0,0,0.26,1590,437696289.0625,28,4,20251030,20210224,446302500.0,12330000.0,805084062.5,20872776250.0,0.0,0.0,2700.0001072883606,44020070000.0,24669362500.0,12909110000.0,2266321093.75,17731.0,26312780000.0,317165000.0,6877943125.0,16778560000.0,23261602500.0,16948672500.0,14785468750.0,1486213906.25,-12616000.9765625,124410996.09375,-1017013984.375,4125387812.5,1506719062.5,1171069062.5,1188812031.25,4612793125.0,3.759999990463257,9.0,437696289.0625,1,4985360732.421875,4985360732.421875,1.0,True,0.0750378206031673,0.05727897385675833,-0.014509836817767408,-0.005042519849442109,-0.0008511345551170599,-0.0004759829083091314,-0.08168031240639796,-0.06091235099601396,1.0,2.0,True,True
1,605369,982,19.67,19.55,19.64,19.75,19.51,14:59:53.642,14998234,-1967,11321,204,22251188.0,5496,5826,1,98,19.66,19.67,99,14,19.65,19.68,313,57,19.64,19.69,4,112,19.62,19.7,10,250,19.61,19.71,208,24,"(4886,)",0,0,0,0,0.05,982,220492890.625,28,9,20251030,20200916,220492890.625,12350000.0,1413967343.75,8360327500.0,0.0,0.0,3300.0001311302185,21271165000.0,11026861250.0,5587070000.0,1489638906.25,11604.0,3584155000.0,177967011.71875,6413288750.0,17161137500.0,8450843125.0,5904278125.0,3104146250.0,793421015.625,-80576000.9765625,1490445937.5,2089971093.75,1523150000.0,790952031.25,718902031.25,719645000.0,7900596250.0,7.782999992370605,9.0,220492890.625,1,4337095158.59375,4337095158.59375,1.0,True,0.07297277478596124,0.049342424507301585,-0.0007115622232031632,-0.0003715599034423214,-0.00010552646712137098,-0.00010301439856074078,0.0017795418103844728,0.25235668283138607,0.0,0.0,True,True
1,688057,624,12.94,12.97,13.02,13.03,12.9,15:04:52.242,15048707,0,12111,48,15687577.0,6211,5900,0,465,0.0,0.0,0,0,0.0,0.0,0,0,0.0,0.0,0,0,0.0,0.0,0,0,0.0,0.0,0,0,"(2910,)",0,0,0,0,-0.07,624,276000000.0,22,39,20251030,20201111,276000000.0,23770000.0,1080281562.5,3080424375.0,0.0,0.0,2700.0001072883606,35502412500.0,31660505000.0,907682031.25,1560490000.0,11318.0,3340353125.0,337865000.0,18667765000.0,31544360000.0,2356677968.75,915825937.5,7657590625.0,729863984.375,64971997.0703125,1374237968.75,-859226953.125,483450000.0,844775000.0,743838984.375,754670000.0,8509802500.0,11.428999900817873,9.0,276000000.0,1,3571440000.0,3571440000.0,1.0,True,0.08865011120250246,0.0599176750208786,-0.0005608681153023432,-0.00028772675567972916,-0.00035794088129637025,-1.4825417971772495e-05,0.10608482662028204,0.1698354472894511,0.0,1.0,True,True
1,688178,897,25.22,24.98,24.97,25.28,24.81,15:04:44.874,15047479,0,8001,67,20080216.0,3259,4743,0,1085,0.0,0.0,0,0,0.0,0.0,0,0,0.0,0.0,0,0,0.0,0.0,0,0,0.0,0.0,0,0,"(4190,)",0,0,0,0,-0.03,897,84997802.734375,26,39,20251030,20200114,84997802.734375,23770000.0,47543999.0234375,4058524687.5,0.0,0.0,-4300.000071525574,20890931250.0,10692561250.0,1366100937.5,7118305000.0,3714.0,6701936250.0,361226015.625,6742056250.0,9960071875.0,3616265000.0,3096821250.0,4098567187.5,-457050976.5625,-6733000.48828125,599206992.1875,125018007.8125,332193984.375,-483245000.0,-397718984.375,-369535000.0,1967285000.0,11.718000411987305,9.0,84997802.734375,1,2143644584.9609375,2143644584.9609375,1.0,True,0.08772486399170473,0.04805380946312132,-0.06662377697702554,-0.053200331452193786,-0.009003223400709873,-0.007495659137116736,-0.3820448510639632,-0.5046654834618217,0.0,0.0,True,True
1,688459,756,9.98,10.01,10.06,10.06,9.97,15:04:54.018,15049003,0,14325,140,14343996.0,7570,6756,0,327,0.0,0.0,0,0,0.0,0.0,0,0,0.0,0.0,0,0,0.0,0.0,0,0,0.0,0.0,0,0,"(3294,)",0,0,0,0,0.0,756,175585000.0,1,8,20251030,20221012,480000000.0,12370000.0,503757890.625,4904011875.0,0.0,0.0,1199.99997317791,41213445000.0,35524910000.0,2326077968.75,571235000.0,14761.0,5628560000.0,1107698046.875,22263392500.0,34012630000.0,5505715000.0,3274551875.0,4771528750.0,740617031.25,15780999.755859377,1558022031.25,316679003.90625,5169712187.5,740702031.25,612010976.5625,565125976.5625,6696356250.0,7.085999965667725,9.0,175585000.0,1,1752338300.0,1752338300.0,1.0,True,0.05977335825647199,0.046712845883055444,0.001249718144585521,0.0017341218519306353,0.00013729170560655585,0.00010254146543403851,0.025602469901851443,0.039013511213945105,6.0,6.0,True,True
