时间,开盘,收盘,最高,最低,成交量,成交额,均价
2026-01-28 09:30:00,0.0,10.94,10.94,10.94,4419,4833948.0,10.94
2026-01-28 09:31:00,0.0,10.95,10.97,10.94,13016,14257427.0,10.951
2026-01-28 09:32:00,0.0,10.95,10.95,10.94,8057,8820183.0,10.95
2026-01-28 09:33:00,0.0,10.95,10.97,10.95,8001,8766074.0,10.951
2026-01-28 09:34:00,0.0,10.95,10.96,10.94,10077,11038202.0,10.952
2026-01-28 09:35:00,0.0,10.96,10.96,10.94,8058,8820954.0,10.951
2026-01-28 09:36:00,0.0,10.94,10.96,10.94,6881,7531830.0,10.95
2026-01-28 09:37:00,0.0,10.94,10.94,10.93,11645,12741011.0,10.949
2026-01-28 09:38:00,0.0,10.94,10.95,10.93,7642,8361105.0,10.948
2026-01-28 09:39:00,0.0,10.93,10.94,10.93,6904,7552281.0,10.947
2026-01-28 09:40:00,0.0,10.93,10.94,10.93,6547,7158404.0,10.946
2026-01-28 09:41:00,0.0,10.92,10.93,10.91,61697,67405277.0,10.938
2026-01-28 09:42:00,0.0,10.91,10.93,10.91,12026,13129424.0,10.936
2026-01-28 09:43:00,0.0,10.92,10.93,10.91,8039,8777245.0,10.936
2026-01-28 09:44:00,0.0,10.92,10.93,10.92,5344,5836930.0,10.935
2026-01-28 09:45:00,0.0,10.91,10.93,10.91,5247,5729185.0,10.935
2026-01-28 09:46:00,0.0,10.91,10.92,10.91,3817,4165139.0,10.934
2026-01-28 09:47:00,0.0,10.92,10.92,10.91,7829,8546638.0,10.934
2026-01-28 09:48:00,0.0,10.93,10.94,10.92,6353,6942952.0,10.933
2026-01-28 09:49:00,0.0,10.92,10.93,10.92,3985,4355193.0,10.933
2026-01-28 09:50:00,0.0,10.92,10.93,10.92,6251,6826901.0,10.933
2026-01-28 09:51:00,0.0,10.92,10.93,10.91,4681,5110702.0,10.933
2026-01-28 09:52:00,0.0,10.93,10.93,10.91,3090,3373399.0,10.932
2026-01-28 09:53:00,0.0,10.92,10.93,10.92,2727,2978548.0,10.932
2026-01-28 09:54:00,0.0,10.93,10.94,10.92,6224,6801655.0,10.932
2026-01-28 09:55:00,0.0,10.94,10.94,10.93,4287,4689082.0,10.932
2026-01-28 09:56:00,0.0,10.95,10.95,10.93,1154,1262715.0,10.932
2026-01-28 09:57:00,0.0,10.94,10.95,10.93,2617,2861257.0,10.932
2026-01-28 09:58:00,0.0,10.93,10.95,10.93,2136,2335760.0,10.932
2026-01-28 09:59:00,0.0,10.93,10.94,10.93,1807,1975751.0,10.932
2026-01-28 10:00:00,0.0,10.93,10.95,10.93,3281,3589010.0,10.933
2026-01-28 10:01:00,0.0,10.95,10.95,10.94,3605,3944909.0,10.933
2026-01-28 10:02:00,0.0,10.95,10.95,10.94,5529,6052801.0,10.933
2026-01-28 10:03:00,0.0,10.95,10.96,10.95,3033,3322040.0,10.933
2026-01-28 10:04:00,0.0,10.95,10.96,10.95,5019,5497371.0,10.934
2026-01-28 10:05:00,0.0,10.96,10.96,10.95,2770,3034208.0,10.934
2026-01-28 10:06:00,0.0,10.95,10.96,10.95,1839,2014597.0,10.934
2026-01-28 10:07:00,0.0,10.96,10.96,10.95,2033,2226476.0,10.934
2026-01-28 10:08:00,0.0,10.95,10.96,10.94,3517,3851352.0,10.934
2026-01-28 10:09:00,0.0,10.96,10.96,10.94,3732,4086084.0,10.935
2026-01-28 10:10:00,0.0,10.96,10.97,10.95,9159,10038558.0,10.935
2026-01-28 10:11:00,0.0,10.96,10.97,10.96,7987,8760626.0,10.936
2026-01-28 10:12:00,0.0,10.97,10.98,10.96,8695,9539015.0,10.937
2026-01-28 10:13:00,0.0,10.96,10.97,10.96,8016,8786306.0,10.938
2026-01-28 10:14:00,0.0,10.96,10.97,10.96,1456,1595954.0,10.938
2026-01-28 10:15:00,0.0,10.97,10.97,10.96,1588,1741013.0,10.938
2026-01-28 10:16:00,0.0,10.96,10.97,10.96,2031,2226932.0,10.938
2026-01-28 10:17:00,0.0,10.96,10.97,10.96,2167,2375896.0,10.938
2026-01-28 10:18:00,0.0,10.96,10.97,10.96,1372,1504312.0,10.939
2026-01-28 10:19:00,0.0,10.97,10.98,10.96,7352,8065884.0,10.939
2026-01-28 10:20:00,0.0,10.96,10.98,10.96,4411,4838723.0,10.94
2026-01-28 10:21:00,0.0,10.96,10.97,10.96,3567,3911544.0,10.94
2026-01-28 10:22:00,0.0,10.95,10.97,10.95,8923,9777940.0,10.94
2026-01-28 10:23:00,0.0,10.96,10.96,10.95,1956,2142194.0,10.941
2026-01-28 10:24:00,0.0,10.95,10.96,10.95,4084,4474937.0,10.941
2026-01-28 10:25:00,0.0,10.95,10.96,10.95,2496,2734380.0,10.941
2026-01-28 10:26:00,0.0,10.95,10.96,10.95,1947,2132198.0,10.941
2026-01-28 10:27:00,0.0,10.95,10.96,10.94,2986,3271057.0,10.941
2026-01-28 10:28:00,0.0,10.94,10.96,10.94,4437,4857151.0,10.941
2026-01-28 10:29:00,0.0,10.94,10.95,10.94,4047,4427653.0,10.941
2026-01-28 10:30:00,0.0,10.94,10.95,10.94,4737,5182832.0,10.941
2026-01-28 10:31:00,0.0,10.95,10.95,10.94,4538,4966569.0,10.941
2026-01-28 10:32:00,0.0,10.94,10.95,10.94,3978,4352778.0,10.941
2026-01-28 10:33:00,0.0,10.95,10.95,10.93,3502,3831752.0,10.941
2026-01-28 10:34:00,0.0,10.96,10.96,10.94,5041,5523243.0,10.941
2026-01-28 10:35:00,0.0,10.96,10.97,10.95,3850,4222116.0,10.942
2026-01-28 10:36:00,0.0,10.97,10.98,10.96,9137,10023699.0,10.942
2026-01-28 10:37:00,0.0,10.97,10.98,10.97,2682,2942754.0,10.942
2026-01-28 10:38:00,0.0,10.97,10.98,10.97,4452,4886355.0,10.943
2026-01-28 10:39:00,0.0,10.97,10.98,10.97,3767,4133967.0,10.943
2026-01-28 10:40:00,0.0,10.97,10.98,10.97,2020,2217037.0,10.943
2026-01-28 10:41:00,0.0,10.98,10.98,10.97,1480,1624297.0,10.943
2026-01-28 10:42:00,0.0,10.98,10.99,10.98,20277,22267053.0,10.945
2026-01-28 10:43:00,0.0,10.97,10.99,10.97,7349,8067421.0,10.946
2026-01-28 10:44:00,0.0,10.97,10.98,10.97,7687,8434748.0,10.946
2026-01-28 10:45:00,0.0,10.96,10.97,10.96,3673,4026533.0,10.946
2026-01-28 10:46:00,0.0,10.95,10.97,10.95,3709,4065578.0,10.946
2026-01-28 10:47:00,0.0,10.95,10.96,10.95,3978,4356687.0,10.946
2026-01-28 10:48:00,0.0,10.95,10.95,10.94,6469,7082317.0,10.947
2026-01-28 10:49:00,0.0,10.96,10.96,10.94,6227,6815712.0,10.946
2026-01-28 10:50:00,0.0,10.94,10.95,10.94,4840,5295530.0,10.946
2026-01-28 10:51:00,0.0,10.94,10.95,10.93,9704,10614271.0,10.946
2026-01-28 10:52:00,0.0,10.94,10.94,10.93,6532,7141383.0,10.946
2026-01-28 10:53:00,0.0,10.93,10.94,10.93,10272,11226395.0,10.946
2026-01-28 10:54:00,0.0,10.94,10.94,10.92,7334,8014622.0,10.945
2026-01-28 10:55:00,0.0,10.94,10.94,10.92,4303,4702833.0,10.945
2026-01-28 10:56:00,0.0,10.94,10.94,10.92,4620,5050263.0,10.945
2026-01-28 10:57:00,0.0,10.92,10.94,10.92,3263,3566677.0,10.945
2026-01-28 10:58:00,0.0,10.94,10.94,10.92,4733,5170689.0,10.945
2026-01-28 10:59:00,0.0,10.93,10.94,10.92,3274,3577444.0,10.945
2026-01-28 11:00:00,0.0,10.92,10.94,10.92,5608,6126603.0,10.945
2026-01-28 11:01:00,0.0,10.92,10.93,10.92,5325,5816316.0,10.944
2026-01-28 11:02:00,0.0,10.92,10.93,10.92,7201,7865256.0,10.944
2026-01-28 11:03:00,0.0,10.92,10.93,10.92,3509,3832843.0,10.944
2026-01-28 11:04:00,0.0,10.93,10.93,10.92,2939,3211086.0,10.944
2026-01-28 11:05:00,0.0,10.93,10.94,10.92,1655,1808801.0,10.944
2026-01-28 11:06:00,0.0,10.93,10.94,10.92,10970,11989556.0,10.944
2026-01-28 11:07:00,0.0,10.93,10.93,10.92,2111,2305896.0,10.944
2026-01-28 11:08:00,0.0,10.93,10.93,10.92,1846,2016858.0,10.943
2026-01-28 11:09:00,0.0,10.93,10.93,10.92,1615,1763966.0,10.943
2026-01-28 11:10:00,0.0,10.92,10.93,10.92,2632,2875047.0,10.943
2026-01-28 11:11:00,0.0,10.92,10.93,10.92,1967,2148196.0,10.943
2026-01-28 11:12:00,0.0,10.93,10.93,10.92,1939,2118131.0,10.943
2026-01-28 11:13:00,0.0,10.93,10.94,10.93,2176,2378409.0,10.943
2026-01-28 11:14:00,0.0,10.92,10.94,10.92,2204,2408752.0,10.943
2026-01-28 11:15:00,0.0,10.92,10.94,10.92,1460,1595144.0,10.943
2026-01-28 11:16:00,0.0,10.92,10.93,10.92,1205,1316098.0,10.943
2026-01-28 11:17:00,0.0,10.92,10.93,10.92,1755,1916959.0,10.943
2026-01-28 11:18:00,0.0,10.93,10.93,10.92,1361,1486930.0,10.943
2026-01-28 11:19:00,0.0,10.93,10.94,10.92,3151,3442312.0,10.943
2026-01-28 11:20:00,0.0,10.94,10.94,10.93,1564,1710110.0,10.943
2026-01-28 11:21:00,0.0,10.93,10.94,10.93,3527,3856611.0,10.943
2026-01-28 11:22:00,0.0,10.93,10.94,10.92,2969,3244751.0,10.943
2026-01-28 11:23:00,0.0,10.92,10.94,10.92,2842,3106344.0,10.943
2026-01-28 11:24:00,0.0,10.93,10.94,10.92,941,1028562.0,10.943
2026-01-28 11:25:00,0.0,10.94,10.94,10.93,2338,2555941.0,10.943
2026-01-28 11:26:00,0.0,10.94,10.94,10.93,1148,1255113.0,10.943
2026-01-28 11:27:00,0.0,10.94,10.94,10.93,1487,1625473.0,10.942
2026-01-28 11:28:00,0.0,10.93,10.94,10.93,1072,1172074.0,10.942
2026-01-28 11:29:00,0.0,10.94,10.94,10.93,1211,1323951.0,10.942
2026-01-28 11:30:00,0.0,10.93,10.94,10.93,1450,1585332.0,10.942
2026-01-28 13:01:00,0.0,10.93,10.94,10.93,10653,11650756.0,10.942
2026-01-28 13:02:00,0.0,10.94,10.94,10.93,3015,3297360.0,10.942
2026-01-28 13:03:00,0.0,10.94,10.94,10.93,2919,3191316.0,10.942
2026-01-28 13:04:00,0.0,10.93,10.94,10.93,2639,2884614.0,10.942
2026-01-28 13:05:00,0.0,10.93,10.94,10.92,4806,5252081.0,10.942
2026-01-28 13:06:00,0.0,10.93,10.94,10.93,1627,1778437.0,10.942
2026-01-28 13:07:00,0.0,10.92,10.94,10.92,3033,3316109.0,10.942
2026-01-28 13:08:00,0.0,10.93,10.95,10.93,4104,4489742.0,10.942
2026-01-28 13:09:00,0.0,10.94,10.95,10.93,2739,2996216.0,10.942
2026-01-28 13:10:00,0.0,10.94,10.94,10.93,2079,2273831.0,10.942
2026-01-28 13:11:00,0.0,10.93,10.94,10.93,2806,3067610.0,10.942
2026-01-28 13:12:00,0.0,10.94,10.94,10.93,2209,2415211.0,10.942
2026-01-28 13:13:00,0.0,10.93,10.94,10.93,5638,6164186.0,10.942
2026-01-28 13:14:00,0.0,10.93,10.94,10.92,11544,12618523.0,10.942
2026-01-28 13:15:00,0.0,10.92,10.93,10.92,5184,5662770.0,10.942
2026-01-28 13:16:00,0.0,10.92,10.93,10.92,7047,7696112.0,10.941
2026-01-28 13:17:00,0.0,10.92,10.93,10.92,4217,4605250.0,10.941
2026-01-28 13:18:00,0.0,10.92,10.93,10.92,4956,5412429.0,10.941
2026-01-28 13:19:00,0.0,10.93,10.93,10.92,3950,4314359.0,10.941
2026-01-28 13:20:00,0.0,10.92,10.93,10.92,4550,4969835.0,10.941
2026-01-28 13:21:00,0.0,10.92,10.93,10.92,3717,4059404.0,10.941
2026-01-28 13:22:00,0.0,10.92,10.93,10.92,3931,4292912.0,10.941
2026-01-28 13:23:00,0.0,10.92,10.93,10.91,4779,5217309.0,10.94
2026-01-28 13:24:00,0.0,10.93,10.93,10.91,3657,3993036.0,10.94
2026-01-28 13:25:00,0.0,10.92,10.93,10.91,4347,4746666.0,10.94
2026-01-28 13:26:00,0.0,10.92,10.93,10.92,3604,3936630.0,10.94
2026-01-28 13:27:00,0.0,10.92,10.93,10.92,4466,4877760.0,10.94
2026-01-28 13:28:00,0.0,10.92,10.93,10.92,3950,4313638.0,10.94
2026-01-28 13:29:00,0.0,10.91,10.93,10.91,5860,6398695.0,10.94
2026-01-28 13:30:00,0.0,10.92,10.93,10.91,3459,3777592.0,10.94
2026-01-28 13:31:00,0.0,10.93,10.93,10.92,6601,7211538.0,10.94
2026-01-28 13:32:00,0.0,10.94,10.94,10.93,2760,3017304.0,10.939
2026-01-28 13:33:00,0.0,10.95,10.95,10.94,3567,3902734.0,10.94
2026-01-28 13:34:00,0.0,10.94,10.95,10.94,584,639106.0,10.94
2026-01-28 13:35:00,0.0,10.95,10.95,10.94,1739,1902952.0,10.94
2026-01-28 13:36:00,0.0,10.95,10.96,10.95,6542,7164441.0,10.94
2026-01-28 13:37:00,0.0,10.95,10.96,10.95,610,668101.0,10.94
2026-01-28 13:38:00,0.0,10.95,10.96,10.95,1587,1738059.0,10.94
2026-01-28 13:39:00,0.0,10.95,10.96,10.95,623,682493.0,10.94
2026-01-28 13:40:00,0.0,10.96,10.96,10.95,1280,1401726.0,10.94
2026-01-28 13:41:00,0.0,10.95,10.96,10.95,1277,1399013.0,10.94
2026-01-28 13:42:00,0.0,10.95,10.96,10.95,823,901461.0,10.94
2026-01-28 13:43:00,0.0,10.95,10.96,10.95,2839,3108978.0,10.94
2026-01-28 13:44:00,0.0,10.96,10.96,10.95,2365,2590481.0,10.94
2026-01-28 13:45:00,0.0,10.96,10.96,10.95,2033,2226749.0,10.94
2026-01-28 13:46:00,0.0,10.95,10.96,10.95,834,913649.0,10.94
2026-01-28 13:47:00,0.0,10.95,10.96,10.95,3769,4127510.0,10.94
2026-01-28 13:48:00,0.0,10.95,10.96,10.95,1578,1728126.0,10.94
2026-01-28 13:49:00,0.0,10.95,10.96,10.95,2201,2410276.0,10.94
2026-01-28 13:50:00,0.0,10.95,10.96,10.94,1520,1664311.0,10.94
2026-01-28 13:51:00,0.0,10.94,10.95,10.94,1384,1514952.0,10.94
2026-01-28 13:52:00,0.0,10.94,10.95,10.94,1851,2025701.0,10.94
2026-01-28 13:53:00,0.0,10.94,10.95,10.94,751,821998.0,10.94
2026-01-28 13:54:00,0.0,10.95,10.95,10.94,1220,1335567.0,10.94
2026-01-28 13:55:00,0.0,10.95,10.95,10.94,3334,3648662.0,10.94
2026-01-28 13:56:00,0.0,10.95,10.96,10.94,1516,1660037.0,10.94
2026-01-28 13:57:00,0.0,10.95,10.96,10.95,1247,1366070.0,10.94
2026-01-28 13:58:00,0.0,10.95,10.96,10.95,1620,1774497.0,10.94
2026-01-28 13:59:00,0.0,10.95,10.96,10.95,1144,1253131.0,10.94
2026-01-28 14:00:00,0.0,10.95,10.96,10.95,1081,1183995.0,10.94
2026-01-28 14:01:00,0.0,10.96,10.96,10.95,1134,1241904.0,10.94
2026-01-28 14:02:00,0.0,10.96,10.97,10.95,12697,13916434.0,10.94
2026-01-28 14:03:00,0.0,10.96,10.97,10.95,3177,3482133.0,10.941
2026-01-28 14:04:00,0.0,10.95,10.97,10.95,3223,3531382.0,10.941
2026-01-28 14:05:00,0.0,10.96,10.97,10.95,3171,3474871.0,10.941
2026-01-28 14:06:00,0.0,10.96,10.97,10.95,1378,1510101.0,10.941
2026-01-28 14:07:00,0.0,10.95,10.96,10.95,1190,1303322.0,10.941
2026-01-28 14:08:00,0.0,10.96,10.96,10.94,3438,3763387.0,10.941
2026-01-28 14:09:00,0.0,10.96,10.96,10.95,526,576250.0,10.941
2026-01-28 14:10:00,0.0,10.95,10.96,10.95,2257,2471931.0,10.941
2026-01-28 14:11:00,0.0,10.94,10.96,10.94,4777,5226451.0,10.941
2026-01-28 14:12:00,0.0,10.93,10.95,10.93,8537,9331336.0,10.941
2026-01-28 14:13:00,0.0,10.93,10.94,10.92,7974,8711413.0,10.941
2026-01-28 14:14:00,0.0,10.92,10.93,10.92,20804,22717865.0,10.94
2026-01-28 14:15:00,0.0,10.92,10.93,10.9,43047,46969292.0,10.939
2026-01-28 14:16:00,0.0,10.92,10.92,10.91,8953,9768483.0,10.938
2026-01-28 14:17:00,0.0,10.92,10.92,10.91,6823,7444282.0,10.938
2026-01-28 14:18:00,0.0,10.89,10.92,10.89,60165,65571946.0,10.936
2026-01-28 14:19:00,0.0,10.89,10.9,10.89,10035,10929004.0,10.935
2026-01-28 14:20:00,0.0,10.9,10.9,10.89,7938,8645246.0,10.935
2026-01-28 14:21:00,0.0,10.89,10.9,10.88,33791,36773189.0,10.933
2026-01-28 14:22:00,0.0,10.88,10.89,10.87,19792,21520254.0,10.932
2026-01-28 14:23:00,0.0,10.86,10.88,10.85,22726,24689519.0,10.931
2026-01-28 14:24:00,0.0,10.87,10.87,10.85,11478,12465947.0,10.93
2026-01-28 14:25:00,0.0,10.87,10.87,10.86,11995,13027713.0,10.929
2026-01-28 14:26:00,0.0,10.86,10.87,10.86,10277,11161491.0,10.929
2026-01-28 14:27:00,0.0,10.86,10.87,10.86,4063,4413511.0,10.929
2026-01-28 14:28:00,0.0,10.87,10.87,10.86,3471,3771874.0,10.928
2026-01-28 14:29:00,0.0,10.87,10.88,10.87,8577,9324613.0,10.928
2026-01-28 14:30:00,0.0,10.88,10.89,10.88,3660,3981959.0,10.928
2026-01-28 14:31:00,0.0,10.89,10.89,10.88,2159,2350324.0,10.928
2026-01-28 14:32:00,0.0,10.89,10.89,10.88,1582,1721708.0,10.928
2026-01-28 14:33:00,0.0,10.88,10.89,10.88,3129,3406280.0,10.928
2026-01-28 14:34:00,0.0,10.87,10.89,10.87,17416,18940426.0,10.927
2026-01-28 14:35:00,0.0,10.87,10.87,10.85,16627,18059970.0,10.926
2026-01-28 14:36:00,0.0,10.86,10.87,10.86,7491,8135345.0,10.925
2026-01-28 14:37:00,0.0,10.85,10.87,10.85,10946,11884408.0,10.925
2026-01-28 14:38:00,0.0,10.85,10.86,10.85,8671,9411263.0,10.924
2026-01-28 14:39:00,0.0,10.85,10.86,10.85,8624,9361003.0,10.924
2026-01-28 14:40:00,0.0,10.86,10.87,10.85,7977,8661909.0,10.923
2026-01-28 14:41:00,0.0,10.86,10.87,10.85,6888,7477438.0,10.923
2026-01-28 14:42:00,0.0,10.86,10.86,10.85,7766,8428947.0,10.923
2026-01-28 14:43:00,0.0,10.86,10.86,10.85,9854,10694155.0,10.922
2026-01-28 14:44:00,0.0,10.86,10.86,10.85,10591,11493685.0,10.921
2026-01-28 14:45:00,0.0,10.86,10.86,10.85,12491,13554779.0,10.921
2026-01-28 14:46:00,0.0,10.86,10.86,10.85,8015,8697892.0,10.92
2026-01-28 14:47:00,0.0,10.84,10.86,10.84,12136,13169324.0,10.92
2026-01-28 14:48:00,0.0,10.84,10.86,10.84,8630,9361561.0,10.919
2026-01-28 14:49:00,0.0,10.86,10.86,10.84,8865,9619346.0,10.919
2026-01-28 14:50:00,0.0,10.85,10.86,10.84,13448,14587224.0,10.918
2026-01-28 14:51:00,0.0,10.84,10.86,10.84,13175,14287323.0,10.917
2026-01-28 14:52:00,0.0,10.85,10.86,10.84,11326,12282306.0,10.917
2026-01-28 14:53:00,0.0,10.86,10.86,10.85,11886,12901286.0,10.916
2026-01-28 14:54:00,0.0,10.86,10.86,10.84,8845,9596793.0,10.916
2026-01-28 14:55:00,0.0,10.86,10.86,10.84,15426,16725784.0,10.915
2026-01-28 14:56:00,0.0,10.84,10.85,10.82,28047,30382170.0,10.913
2026-01-28 14:57:00,0.0,10.84,10.85,10.83,7654,8293683.0,10.913
2026-01-28 14:58:00,0.0,10.85,10.85,10.85,899,974611.0,10.913
2026-01-28 14:59:00,0.0,10.85,10.85,10.85,0,0.0,10.913
2026-01-28 15:00:00,0.0,10.84,10.84,10.84,11166,12103510.0,10.912
2026-01-29 09:30:00,0.0,10.84,10.84,10.84,5706,6185304.0,10.84
2026-01-29 09:31:00,0.0,10.8,10.85,10.79,59441,64287140.0,10.818
2026-01-29 09:32:00,0.0,10.76,10.79,10.75,41554,44738314.0,10.798
2026-01-29 09:33:00,0.0,10.75,10.78,10.74,33431,35960108.0,10.788
2026-01-29 09:34:00,0.0,10.75,10.76,10.75,36917,39677950.0,10.779
2026-01-29 09:35:00,0.0,10.73,10.74,10.72,28401,30485276.0,10.773
2026-01-29 09:36:00,0.0,10.74,10.74,10.72,12880,13820095.0,10.771
2026-01-29 09:37:00,0.0,10.73,10.74,10.73,18607,19970467.0,10.768
2026-01-29 09:38:00,0.0,10.73,10.74,10.72,13148,14107565.0,10.766
2026-01-29 09:39:00,0.0,10.74,10.74,10.73,22792,24455215.0,10.763
2026-01-29 09:40:00,0.0,10.73,10.74,10.73,15680,16826790.0,10.761
2026-01-29 09:41:00,0.0,10.73,10.74,10.72,20551,22045388.0,10.759
2026-01-29 09:42:00,0.0,10.7,10.72,10.69,63185,67659259.0,10.75
2026-01-29 09:43:00,0.0,10.69,10.71,10.66,39162,41832397.0,10.744
2026-01-29 09:44:00,0.0,10.69,10.7,10.69,11105,11873513.0,10.742
2026-01-29 09:45:00,0.0,10.7,10.7,10.69,10588,11325050.0,10.741
2026-01-29 09:46:00,0.0,10.7,10.71,10.69,6646,7112144.0,10.741
2026-01-29 09:47:00,0.0,10.71,10.71,10.69,12187,13044099.0,10.74
2026-01-29 09:48:00,0.0,10.72,10.72,10.71,4246,4550212.0,10.739
2026-01-29 09:49:00,0.0,10.73,10.74,10.71,15248,16346588.0,10.739
2026-01-29 09:50:00,0.0,10.72,10.73,10.71,4154,4453929.0,10.739
2026-01-29 09:51:00,0.0,10.73,10.73,10.72,6019,6457665.0,10.738
2026-01-29 09:52:00,0.0,10.73,10.74,10.73,4477,4804376.0,10.738
2026-01-29 09:53:00,0.0,10.73,10.74,10.72,7251,7780233.0,10.738
2026-01-29 09:54:00,0.0,10.73,10.74,10.72,4948,5308981.0,10.738
2026-01-29 09:55:00,0.0,10.73,10.73,10.72,23629,25332762.0,10.737
2026-01-29 09:56:00,0.0,10.71,10.73,10.71,4363,4676016.0,10.737
2026-01-29 09:57:00,0.0,10.72,10.72,10.71,3133,3356706.0,10.737
2026-01-29 09:58:00,0.0,10.74,10.74,10.73,40618,43561269.0,10.736
2026-01-29 09:59:00,0.0,10.73,10.74,10.73,10061,10795871.0,10.736
2026-01-29 10:00:00,0.0,10.73,10.74,10.72,5164,5540830.0,10.736
2026-01-29 10:01:00,0.0,10.72,10.73,10.72,3701,3969533.0,10.736
2026-01-29 10:02:00,0.0,10.73,10.73,10.72,5833,6254552.0,10.736
2026-01-29 10:03:00,0.0,10.72,10.73,10.72,1301,1395482.0,10.736
2026-01-29 10:04:00,0.0,10.72,10.73,10.71,9932,10645535.0,10.736
2026-01-29 10:05:00,0.0,10.72,10.73,10.71,4737,5079813.0,10.735
2026-01-29 10:06:00,0.0,10.74,10.74,10.72,15464,16597944.0,10.735
2026-01-29 10:07:00,0.0,10.72,10.74,10.72,5222,5603452.0,10.735
2026-01-29 10:08:00,0.0,10.73,10.74,10.72,11849,12712723.0,10.735
2026-01-29 10:09:00,0.0,10.72,10.73,10.72,7351,7881105.0,10.735
2026-01-29 10:10:00,0.0,10.72,10.73,10.72,3877,4157178.0,10.735
2026-01-29 10:11:00,0.0,10.72,10.73,10.71,6292,6742803.0,10.735
2026-01-29 10:12:00,0.0,10.71,10.72,10.71,4085,4375878.0,10.735
2026-01-29 10:13:00,0.0,10.72,10.72,10.71,7751,8307290.0,10.735
2026-01-29 10:14:00,0.0,10.72,10.72,10.71,4523,4846267.0,10.734
2026-01-29 10:15:00,0.0,10.72,10.72,10.71,3356,3596689.0,10.734
2026-01-29 10:16:00,0.0,10.72,10.73,10.72,3763,4035055.0,10.734
2026-01-29 10:17:00,0.0,10.73,10.73,10.72,1846,1980015.0,10.734
2026-01-29 10:18:00,0.0,10.73,10.73,10.72,2912,3123320.0,10.734
2026-01-29 10:19:00,0.0,10.73,10.74,10.72,8656,9287919.0,10.734
2026-01-29 10:20:00,0.0,10.74,10.74,10.72,7871,8445918.0,10.734
2026-01-29 10:21:00,0.0,10.74,10.74,10.73,10258,11006759.0,10.734
2026-01-29 10:22:00,0.0,10.74,10.74,10.73,16997,18258557.0,10.734
2026-01-29 10:23:00,0.0,10.74,10.75,10.72,6222,6679615.0,10.734
2026-01-29 10:24:00,0.0,10.74,10.75,10.73,7750,8318157.0,10.734
2026-01-29 10:25:00,0.0,10.74,10.75,10.73,9115,9785949.0,10.734
2026-01-29 10:26:00,0.0,10.74,10.75,10.73,12427,13337644.0,10.734
2026-01-29 10:27:00,0.0,10.74,10.75,10.73,4729,5075181.0,10.734
2026-01-29 10:28:00,0.0,10.74,10.74,10.72,3491,3746584.0,10.734
2026-01-29 10:29:00,0.0,10.74,10.74,10.73,7219,7746088.0,10.734
2026-01-29 10:30:00,0.0,10.74,10.74,10.72,2463,2642796.0,10.734
2026-01-29 10:31:00,0.0,10.73,10.74,10.72,2703,2900242.0,10.734
2026-01-29 10:32:00,0.0,10.72,10.74,10.72,2665,2858966.0,10.734
2026-01-29 10:33:00,0.0,10.72,10.74,10.72,1785,1914696.0,10.734
2026-01-29 10:34:00,0.0,10.73,10.73,10.72,2000,2145618.0,10.734
2026-01-29 10:35:00,0.0,10.73,10.74,10.72,1788,1918503.0,10.734
2026-01-29 10:36:00,0.0,10.73,10.74,10.72,2143,2299636.0,10.734
2026-01-29 10:37:00,0.0,10.73,10.73,10.72,1173,1258556.0,10.734
2026-01-29 10:38:00,0.0,10.73,10.73,10.72,1344,1441343.0,10.734
2026-01-29 10:39:00,0.0,10.73,10.73,10.72,1875,2011365.0,10.734
2026-01-29 10:40:00,0.0,10.73,10.73,10.72,735,788399.0,10.734
2026-01-29 10:41:00,0.0,10.73,10.73,10.72,1102,1182200.0,10.734
2026-01-29 10:42:00,0.0,10.73,10.74,10.72,2092,2244456.0,10.734
2026-01-29 10:43:00,0.0,10.73,10.73,10.72,1092,1171580.0,10.734
2026-01-29 10:44:00,0.0,10.73,10.74,10.72,2022,2169346.0,10.734
2026-01-29 10:45:00,0.0,10.72,10.74,10.72,1620,1738455.0,10.734
2026-01-29 10:46:00,0.0,10.73,10.73,10.72,1749,1876099.0,10.734
2026-01-29 10:47:00,0.0,10.73,10.74,10.72,2825,3030488.0,10.734
2026-01-29 10:48:00,0.0,10.74,10.74,10.72,2021,2168417.0,10.734
2026-01-29 10:49:00,0.0,10.73,10.74,10.72,1674,1796037.0,10.734
2026-01-29 10:50:00,0.0,10.73,10.74,10.72,7316,7850125.0,10.734
2026-01-29 10:51:00,0.0,10.73,10.74,10.72,8726,9363519.0,10.734
2026-01-29 10:52:00,0.0,10.73,10.74,10.73,2952,3167468.0,10.734
2026-01-29 10:53:00,0.0,10.72,10.74,10.72,2703,2899089.0,10.734
2026-01-29 10:54:00,0.0,10.72,10.73,10.72,2734,2932419.0,10.734
2026-01-29 10:55:00,0.0,10.73,10.73,10.72,1517,1626927.0,10.734
2026-01-29 10:56:00,0.0,10.73,10.73,10.72,3504,3758396.0,10.734
2026-01-29 10:57:00,0.0,10.73,10.73,10.72,3267,3504238.0,10.734
2026-01-29 10:58:00,0.0,10.73,10.74,10.73,3262,3501060.0,10.734
2026-01-29 10:59:00,0.0,10.73,10.73,10.72,4677,5018018.0,10.734
2026-01-29 11:00:00,0.0,10.73,10.74,10.72,3098,3324099.0,10.734
2026-01-29 11:01:00,0.0,10.73,10.74,10.72,3350,3594805.0,10.734
2026-01-29 11:02:00,0.0,10.73,10.74,10.72,2217,2378176.0,10.734
2026-01-29 11:03:00,0.0,10.72,10.73,10.72,3036,3255622.0,10.734
2026-01-29 11:04:00,0.0,10.71,10.73,10.71,9568,10257023.0,10.733
2026-01-29 11:05:00,0.0,10.72,10.73,10.71,2398,2570289.0,10.733
2026-01-29 11:06:00,0.0,10.73,10.73,10.72,2420,2594608.0,10.733
2026-01-29 11:07:00,0.0,10.72,10.73,10.72,841,901737.0,10.733
2026-01-29 11:08:00,0.0,10.73,10.73,10.72,1124,1205344.0,10.733
2026-01-29 11:09:00,0.0,10.73,10.74,10.72,4864,5219566.0,10.733
2026-01-29 11:10:00,0.0,10.72,10.73,10.72,1828,1960224.0,10.733
2026-01-29 11:11:00,0.0,10.73,10.74,10.72,2392,2565487.0,10.733
2026-01-29 11:12:00,0.0,10.72,10.74,10.72,10110,10846965.0,10.733
2026-01-29 11:13:00,0.0,10.72,10.74,10.72,1809,1939894.0,10.733
2026-01-29 11:14:00,0.0,10.72,10.74,10.72,1852,1987204.0,10.733
2026-01-29 11:15:00,0.0,10.73,10.74,10.72,1932,2072197.0,10.733
2026-01-29 11:16:00,0.0,10.73,10.74,10.72,3453,3704806.0,10.733
2026-01-29 11:17:00,0.0,10.73,10.73,10.72,1625,1742542.0,10.733
2026-01-29 11:18:00,0.0,10.73,10.74,10.72,1191,1277729.0,10.733
2026-01-29 11:19:00,0.0,10.73,10.73,10.72,2156,2311968.0,10.733
2026-01-29 11:20:00,0.0,10.72,10.74,10.72,2569,2755116.0,10.733
2026-01-29 11:21:00,0.0,10.72,10.73,10.72,2019,2164798.0,10.733
2026-01-29 11:22:00,0.0,10.72,10.73,10.72,1736,1861276.0,10.733
2026-01-29 11:23:00,0.0,10.73,10.73,10.72,2150,2305308.0,10.733
2026-01-29 11:24:00,0.0,10.73,10.73,10.72,2206,2365683.0,10.733
2026-01-29 11:25:00,0.0,10.72,10.73,10.72,2669,2862224.0,10.733
2026-01-29 11:26:00,0.0,10.72,10.73,10.72,1561,1674185.0,10.733
2026-01-29 11:27:00,0.0,10.73,10.73,10.72,1000,1072312.0,10.733
2026-01-29 11:28:00,0.0,10.72,10.73,10.72,1074,1151883.0,10.733
2026-01-29 11:29:00,0.0,10.74,10.74,10.73,3847,4127763.0,10.733
2026-01-29 11:30:00,0.0,10.73,10.74,10.73,5836,6262655.0,10.733
2026-01-29 13:01:00,0.0,10.74,10.76,10.73,26840,28835712.0,10.733
2026-01-29 13:02:00,0.0,10.76,10.77,10.74,18974,20415036.0,10.734
2026-01-29 13:03:00,0.0,10.76,10.77,10.75,10259,11034174.0,10.734
2026-01-29 13:04:00,0.0,10.77,10.77,10.76,9737,10482326.0,10.734
2026-01-29 13:05:00,0.0,10.77,10.78,10.76,7179,7731514.0,10.735
2026-01-29 13:06:00,0.0,10.75,10.78,10.75,5384,5794779.0,10.735
2026-01-29 13:07:00,0.0,10.75,10.77,10.74,8710,9364593.0,10.735
2026-01-29 13:08:00,0.0,10.74,10.76,10.74,7894,8487934.0,10.735
2026-01-29 13:09:00,0.0,10.74,10.75,10.73,9678,10395622.0,10.735
2026-01-29 13:10:00,0.0,10.76,10.76,10.74,4519,4857514.0,10.735
2026-01-29 13:11:00,0.0,10.76,10.77,10.75,4318,4644508.0,10.735
2026-01-29 13:12:00,0.0,10.76,10.77,10.75,7785,8375339.0,10.735
2026-01-29 13:13:00,0.0,10.75,10.76,10.74,5288,5686805.0,10.735
2026-01-29 13:14:00,0.0,10.75,10.76,10.75,5262,5658056.0,10.736
2026-01-29 13:15:00,0.0,10.76,10.77,10.75,6852,7370335.0,10.736
2026-01-29 13:16:00,0.0,10.75,10.77,10.75,5952,6405352.0,10.736
2026-01-29 13:17:00,0.0,10.78,10.79,10.75,17317,18653302.0,10.736
2026-01-29 13:18:00,0.0,10.77,10.79,10.77,7007,7550556.0,10.737
2026-01-29 13:19:00,0.0,10.77,10.78,10.77,8018,8638212.0,10.737
2026-01-29 13:20:00,0.0,10.79,10.79,10.77,6128,6605596.0,10.737
2026-01-29 13:21:00,0.0,10.78,10.79,10.78,10016,10798098.0,10.738
2026-01-29 13:22:00,0.0,10.77,10.78,10.75,12654,13626794.0,10.738
2026-01-29 13:23:00,0.0,10.76,10.77,10.76,3701,3983098.0,10.738
2026-01-29 13:24:00,0.0,10.79,10.79,10.76,4015,4325391.0,10.738
2026-01-29 13:25:00,0.0,10.8,10.8,10.78,6635,7159605.0,10.738
2026-01-29 13:26:00,0.0,10.81,10.82,10.8,12702,13725202.0,10.739
2026-01-29 13:27:00,0.0,10.81,10.82,10.81,6645,7188632.0,10.74
2026-01-29 13:28:00,0.0,10.81,10.82,10.81,7013,7582822.0,10.74
2026-01-29 13:29:00,0.0,10.85,10.85,10.81,24722,26771702.0,10.742
2026-01-29 13:30:00,0.0,10.84,10.85,10.83,6817,7390515.0,10.742
2026-01-29 13:31:00,0.0,10.86,10.86,10.84,17567,19062773.0,10.744
2026-01-29 13:32:00,0.0,10.87,10.87,10.86,16516,17943701.0,10.745
2026-01-29 13:33:00,0.0,10.84,10.87,10.84,9261,10051904.0,10.746
2026-01-29 13:34:00,0.0,10.84,10.85,10.84,3805,4125578.0,10.747
2026-01-29 13:35:00,0.0,10.85,10.86,10.84,5948,6452183.0,10.747
2026-01-29 13:36:00,0.0,10.86,10.86,10.85,5852,6354728.0,10.747
2026-01-29 13:37:00,0.0,10.88,10.88,10.86,13820,15024191.0,10.749
2026-01-29 13:38:00,0.0,10.89,10.89,10.87,13389,14569138.0,10.75
2026-01-29 13:39:00,0.0,10.88,10.89,10.88,5298,5766571.0,10.751
2026-01-29 13:40:00,0.0,10.87,10.89,10.87,7556,8221841.0,10.751
2026-01-29 13:41:00,0.0,10.88,10.89,10.87,8429,9171222.0,10.752
2026-01-29 13:42:00,0.0,10.87,10.88,10.86,11837,12866189.0,10.753
2026-01-29 13:43:00,0.0,10.85,10.88,10.85,8556,9296652.0,10.754
2026-01-29 13:44:00,0.0,10.86,10.87,10.85,3352,3638075.0,10.754
2026-01-29 13:45:00,0.0,10.86,10.86,10.85,2576,2796070.0,10.754
2026-01-29 13:46:00,0.0,10.85,10.86,10.85,4449,4830081.0,10.755
2026-01-29 13:47:00,0.0,10.85,10.86,10.85,2303,2500106.0,10.755
2026-01-29 13:48:00,0.0,10.86,10.87,10.85,3245,3523682.0,10.755
2026-01-29 13:49:00,0.0,10.88,10.88,10.87,7692,8364065.0,10.756
2026-01-29 13:50:00,0.0,10.88,10.88,10.87,6642,7224873.0,10.756
2026-01-29 13:51:00,0.0,10.87,10.88,10.87,5713,6215205.0,10.757
2026-01-29 13:52:00,0.0,10.88,10.88,10.87,4180,4547307.0,10.757
2026-01-29 13:53:00,0.0,10.87,10.88,10.87,4829,5249976.0,10.758
2026-01-29 13:54:00,0.0,10.87,10.88,10.87,2981,3241765.0,10.758
2026-01-29 13:55:00,0.0,10.87,10.88,10.87,1124,1222134.0,10.758
2026-01-29 13:56:00,0.0,10.88,10.89,10.87,12711,13833690.0,10.759
2026-01-29 13:57:00,0.0,10.9,10.9,10.89,12641,13770731.0,10.76
2026-01-29 13:58:00,0.0,10.9,10.9,10.89,7229,7878531.0,10.761
2026-01-29 13:59:00,0.0,10.91,10.91,10.89,6314,6885535.0,10.762
2026-01-29 14:00:00,0.0,10.92,10.93,10.91,17624,19238259.0,10.764
2026-01-29 14:01:00,0.0,10.92,10.94,10.91,15590,17035839.0,10.765
2026-01-29 14:02:00,0.0,10.93,10.94,10.93,10524,11503983.0,10.766
2026-01-29 14:03:00,0.0,10.94,10.94,10.93,6537,7147347.0,10.767
2026-01-29 14:04:00,0.0,10.94,10.94,10.93,4920,5378508.0,10.768
2026-01-29 14:05:00,0.0,10.93,10.93,10.92,4787,5231355.0,10.768
2026-01-29 14:06:00,0.0,10.94,10.94,10.92,8159,8920955.0,10.769
2026-01-29 14:07:00,0.0,10.95,10.95,10.93,15681,17159022.0,10.771
2026-01-29 14:08:00,0.0,10.95,10.96,10.94,16490,18055691.0,10.773
2026-01-29 14:09:00,0.0,10.93,10.95,10.92,9158,10015834.0,10.774
2026-01-29 14:10:00,0.0,10.93,10.94,10.92,2765,3022238.0,10.774
2026-01-29 14:11:00,0.0,10.93,10.94,10.93,2480,2711745.0,10.774
2026-01-29 14:12:00,0.0,10.94,10.94,10.93,3443,3764081.0,10.775
2026-01-29 14:13:00,0.0,10.93,10.94,10.93,2609,2852456.0,10.775
2026-01-29 14:14:00,0.0,10.93,10.94,10.92,4996,5460787.0,10.775
2026-01-29 14:15:00,0.0,10.94,10.94,10.93,6575,7191769.0,10.776
2026-01-29 14:16:00,0.0,10.95,10.95,10.93,6930,7582105.0,10.777
2026-01-29 14:17:00,0.0,10.95,10.95,10.94,3538,3872338.0,10.777
2026-01-29 14:18:00,0.0,10.94,10.95,10.93,3140,3434993.0,10.778
2026-01-29 14:19:00,0.0,10.94,10.94,10.93,1683,1840721.0,10.778
2026-01-29 14:20:00,0.0,10.93,10.94,10.93,2051,2242819.0,10.778
2026-01-29 14:21:00,0.0,10.95,10.95,10.93,4943,5408507.0,10.778
2026-01-29 14:22:00,0.0,10.96,10.96,10.94,30474,33379791.0,10.782
2026-01-29 14:23:00,0.0,10.96,10.97,10.95,7855,8610963.0,10.783
2026-01-29 14:24:00,0.0,10.96,10.97,10.96,6451,7075640.0,10.783
2026-01-29 14:25:00,0.0,10.96,10.97,10.96,2378,2608040.0,10.784
2026-01-29 14:26:00,0.0,10.96,10.97,10.96,4015,4402759.0,10.784
2026-01-29 14:27:00,0.0,10.97,10.97,10.96,9040,9915744.0,10.785
2026-01-29 14:28:00,0.0,10.96,10.97,10.96,6097,6687173.0,10.786
2026-01-29 14:29:00,0.0,10.96,10.97,10.96,7190,7880841.0,10.786
2026-01-29 14:30:00,0.0,10.95,10.96,10.94,5229,5724569.0,10.787
2026-01-29 14:31:00,0.0,10.94,10.95,10.94,5392,5901654.0,10.787
2026-01-29 14:32:00,0.0,10.93,10.95,10.93,10039,10982449.0,10.788
2026-01-29 14:33:00,0.0,10.96,10.96,10.94,5346,5852158.0,10.789
2026-01-29 14:34:00,0.0,10.95,10.96,10.95,3663,4013941.0,10.789
2026-01-29 14:35:00,0.0,10.97,10.97,10.95,5440,5962560.0,10.79
2026-01-29 14:36:00,0.0,10.97,10.97,10.96,4260,4672603.0,10.79
2026-01-29 14:37:00,0.0,10.96,10.97,10.96,2452,2689044.0,10.79
2026-01-29 14:38:00,0.0,10.96,10.97,10.96,3322,3642811.0,10.791
2026-01-29 14:39:00,0.0,10.96,10.97,10.96,4603,5048903.0,10.791
2026-01-29 14:40:00,0.0,10.98,10.98,10.96,11940,13098753.0,10.792
2026-01-29 14:41:00,0.0,10.98,10.98,10.97,2236,2453366.0,10.793
2026-01-29 14:42:00,0.0,10.97,10.98,10.97,4136,4538032.0,10.793
2026-01-29 14:43:00,0.0,10.96,10.97,10.96,8030,8805931.0,10.794
2026-01-29 14:44:00,0.0,10.96,10.96,10.95,4842,5305634.0,10.794
2026-01-29 14:45:00,0.0,10.97,10.97,10.95,4364,4783190.0,10.795
2026-01-29 14:46:00,0.0,10.95,10.97,10.95,4126,4522993.0,10.795
2026-01-29 14:47:00,0.0,10.95,10.96,10.94,7502,8214686.0,10.796
2026-01-29 14:48:00,0.0,10.95,10.95,10.94,4190,4585205.0,10.796
2026-01-29 14:49:00,0.0,10.94,10.95,10.93,4719,5161522.0,10.797
2026-01-29 14:50:00,0.0,10.95,10.96,10.94,3881,4250534.0,10.797
2026-01-29 14:51:00,0.0,10.95,10.96,10.95,2577,2823715.0,10.797
2026-01-29 14:52:00,0.0,10.96,10.96,10.95,7454,8166885.0,10.798
2026-01-29 14:53:00,0.0,10.96,10.96,10.95,9951,10906111.0,10.799
2026-01-29 14:54:00,0.0,10.96,10.97,10.96,5777,6333650.0,10.799
2026-01-29 14:55:00,0.0,10.96,10.97,10.96,6456,7078829.0,10.8
2026-01-29 14:56:00,0.0,10.97,10.97,10.96,9103,9983904.0,10.801
2026-01-29 14:57:00,0.0,10.97,10.97,10.96,9217,10109456.0,10.802
2026-01-29 14:58:00,0.0,10.97,10.97,10.97,805,883038.0,10.802
2026-01-29 14:59:00,0.0,10.97,10.97,10.97,0,0.0,10.802
2026-01-29 15:00:00,0.0,10.96,10.96,10.96,20705,22692680.0,10.803
2026-01-30 09:30:00,0.0,10.94,10.94,10.94,10325,11295550.0,10.94
2026-01-30 09:31:00,0.0,10.95,10.95,10.92,22067,24140887.0,10.94
2026-01-30 09:32:00,0.0,10.95,10.96,10.95,9582,10495872.0,10.943
2026-01-30 09:33:00,0.0,10.98,10.98,10.95,18958,20791955.0,10.951
2026-01-30 09:34:00,0.0,10.99,10.99,10.97,9271,10178089.0,10.954
2026-01-30 09:35:00,0.0,10.98,10.99,10.98,8973,9856526.0,10.958
2026-01-30 09:36:00,0.0,10.99,10.99,10.97,13970,15338428.0,10.961
2026-01-30 09:37:00,0.0,11.01,11.02,10.99,32482,35724466.0,10.971
2026-01-30 09:38:00,0.0,11.02,11.02,11.0,10345,11392131.0,10.974
2026-01-30 09:39:00,0.0,11.0,11.02,11.0,13062,14374134.0,10.977
2026-01-30 09:40:00,0.0,11.01,11.01,10.99,10180,11194376.0,10.978
2026-01-30 09:41:00,0.0,11.02,11.03,11.01,21347,23516716.0,10.982
2026-01-30 09:42:00,0.0,11.03,11.03,11.02,9392,10351769.0,10.984
2026-01-30 09:43:00,0.0,11.01,11.03,11.01,13461,14832148.0,10.987
2026-01-30 09:44:00,0.0,11.0,11.01,10.99,6730,7404030.0,10.987
2026-01-30 09:45:00,0.0,11.0,11.0,10.99,4331,4761413.0,10.987
2026-01-30 09:46:00,0.0,10.99,11.0,10.98,5302,5826877.0,10.987
2026-01-30 09:47:00,0.0,11.0,11.0,10.98,4827,5304770.0,10.987
2026-01-30 09:48:00,0.0,10.98,11.0,10.98,4109,4515097.0,10.987
2026-01-30 09:49:00,0.0,10.96,10.99,10.94,26101,28618257.0,10.985
2026-01-30 09:50:00,0.0,10.95,10.96,10.95,5976,6545977.0,10.984
2026-01-30 09:51:00,0.0,10.97,10.97,10.95,4831,5293929.0,10.984
2026-01-30 09:52:00,0.0,10.97,10.98,10.96,4207,4616222.0,10.984
2026-01-30 09:53:00,0.0,10.97,10.98,10.97,2947,3234951.0,10.984
2026-01-30 09:54:00,0.0,10.97,10.98,10.97,2870,3150409.0,10.984
2026-01-30 09:55:00,0.0,10.97,10.98,10.97,3775,4142361.0,10.983
2026-01-30 09:56:00,0.0,10.96,10.98,10.96,2673,2932374.0,10.983
2026-01-30 09:57:00,0.0,10.97,10.97,10.96,1328,1455993.0,10.983
2026-01-30 09:58:00,0.0,10.96,10.97,10.96,3865,4237203.0,10.983
2026-01-30 09:59:00,0.0,10.97,10.97,10.96,2936,3219413.0,10.983
2026-01-30 10:00:00,0.0,10.97,10.97,10.96,4138,4537827.0,10.983
2026-01-30 10:01:00,0.0,10.97,10.97,10.96,5230,5735914.0,10.982
2026-01-30 10:02:00,0.0,10.97,10.97,10.95,8328,9129973.0,10.982
2026-01-30 10:03:00,0.0,10.97,10.97,10.96,2291,2511446.0,10.982
2026-01-30 10:04:00,0.0,10.96,10.97,10.95,7445,8162698.0,10.981
2026-01-30 10:05:00,0.0,10.94,10.96,10.94,11726,12838403.0,10.98
2026-01-30 10:06:00,0.0,10.94,10.95,10.94,7770,8501158.0,10.979
2026-01-30 10:07:00,0.0,10.95,10.96,10.94,3441,3766862.0,10.979
2026-01-30 10:08:00,0.0,10.94,10.96,10.93,6761,7397123.0,10.978
2026-01-30 10:09:00,0.0,10.94,10.94,10.93,1823,1993072.0,10.978
2026-01-30 10:10:00,0.0,10.95,10.95,10.94,4198,4592959.0,10.977
2026-01-30 10:11:00,0.0,10.94,10.95,10.93,4085,4468282.0,10.977
2026-01-30 10:12:00,0.0,10.92,10.95,10.92,9815,10727164.0,10.976
2026-01-30 10:13:00,0.0,10.94,10.94,10.92,2503,2735830.0,10.975
2026-01-30 10:14:00,0.0,10.94,10.94,10.93,2015,2203125.0,10.975
2026-01-30 10:15:00,0.0,10.94,10.94,10.93,1154,1261833.0,10.975
2026-01-30 10:16:00,0.0,10.93,10.94,10.93,4068,4446637.0,10.975
2026-01-30 10:17:00,0.0,10.93,10.94,10.92,5004,5467152.0,10.974
2026-01-30 10:18:00,0.0,10.92,10.93,10.92,2306,2519823.0,10.974
2026-01-30 10:19:00,0.0,10.94,10.94,10.92,5222,5703971.0,10.973
2026-01-30 10:20:00,0.0,10.94,10.94,10.93,3425,3744912.0,10.973
2026-01-30 10:21:00,0.0,10.93,10.94,10.92,3374,3687482.0,10.972
2026-01-30 10:22:00,0.0,10.93,10.94,10.92,3856,4214579.0,10.972
2026-01-30 10:23:00,0.0,10.93,10.94,10.92,2688,2938132.0,10.972
2026-01-30 10:24:00,0.0,10.93,10.94,10.92,6029,6589974.0,10.971
2026-01-30 10:25:00,0.0,10.93,10.94,10.92,7405,8088229.0,10.97
2026-01-30 10:26:00,0.0,10.93,10.93,10.92,3218,3515414.0,10.97
2026-01-30 10:27:00,0.0,10.94,10.94,10.92,4352,4756455.0,10.969
2026-01-30 10:28:00,0.0,10.93,10.94,10.93,2882,3150934.0,10.969
2026-01-30 10:29:00,0.0,10.93,10.94,10.92,4024,4398650.0,10.969
2026-01-30 10:30:00,0.0,10.92,10.94,10.92,4525,4945559.0,10.968
2026-01-30 10:31:00,0.0,10.9,10.93,10.9,23668,25825692.0,10.965
2026-01-30 10:32:00,0.0,10.91,10.92,10.9,4949,5398203.0,10.965
2026-01-30 10:33:00,0.0,10.91,10.92,10.9,3970,4330135.0,10.964
2026-01-30 10:34:00,0.0,10.89,10.91,10.89,11748,12806910.0,10.963
2026-01-30 10:35:00,0.0,10.88,10.9,10.88,10358,11278219.0,10.961
2026-01-30 10:36:00,0.0,10.91,10.91,10.88,11252,12255229.0,10.96
2026-01-30 10:37:00,0.0,10.92,10.93,10.9,2908,3173919.0,10.959
2026-01-30 10:38:00,0.0,10.91,10.92,10.9,4327,4719034.0,10.959
2026-01-30 10:39:00,0.0,10.9,10.91,10.89,4474,4877253.0,10.958
2026-01-30 10:40:00,0.0,10.9,10.91,10.89,2774,3023617.0,10.958
2026-01-30 10:41:00,0.0,10.91,10.91,10.89,4759,5187288.0,10.958
2026-01-30 10:42:00,0.0,10.9,10.91,10.89,4797,5227511.0,10.957
2026-01-30 10:43:00,0.0,10.9,10.9,10.89,3296,3590369.0,10.957
2026-01-30 10:44:00,0.0,10.89,10.9,10.89,6953,7572988.0,10.956
2026-01-30 10:45:00,0.0,10.9,10.9,10.89,3990,4345713.0,10.955
2026-01-30 10:46:00,0.0,10.9,10.91,10.89,5377,5860995.0,10.955
2026-01-30 10:47:00,0.0,10.91,10.91,10.9,2107,2297216.0,10.955
2026-01-30 10:48:00,0.0,10.92,10.92,10.9,2401,2619336.0,10.954
2026-01-30 10:49:00,0.0,10.91,10.92,10.91,1289,1406651.0,10.954
2026-01-30 10:50:00,0.0,10.92,10.92,10.91,1255,1369964.0,10.954
2026-01-30 10:51:00,0.0,10.91,10.92,10.91,942,1028067.0,10.954
2026-01-30 10:52:00,0.0,10.91,10.92,10.9,3869,4221219.0,10.954
2026-01-30 10:53:00,0.0,10.91,10.92,10.9,1884,2055418.0,10.954
2026-01-30 10:54:00,0.0,10.9,10.91,10.9,1048,1142842.0,10.954
2026-01-30 10:55:00,0.0,10.91,10.91,10.9,972,1059807.0,10.953
2026-01-30 10:56:00,0.0,10.9,10.91,10.89,7636,8323014.0,10.953
2026-01-30 10:57:00,0.0,10.89,10.9,10.89,624,680102.0,10.953
2026-01-30 10:58:00,0.0,10.9,10.9,10.89,1328,1446574.0,10.953
2026-01-30 10:59:00,0.0,10.9,10.91,10.89,2889,3149007.0,10.952
2026-01-30 11:00:00,0.0,10.91,10.91,10.89,2717,2961667.0,10.952
2026-01-30 11:01:00,0.0,10.9,10.91,10.9,900,981142.0,10.952
2026-01-30 11:02:00,0.0,10.89,10.91,10.88,11861,12918499.0,10.951
2026-01-30 11:03:00,0.0,10.89,10.9,10.88,2998,3264374.0,10.95
2026-01-30 11:04:00,0.0,10.88,10.9,10.88,3284,3576133.0,10.95
2026-01-30 11:05:00,0.0,10.89,10.89,10.88,2018,2197097.0,10.95
2026-01-30 11:06:00,0.0,10.88,10.89,10.88,2035,2214488.0,10.95
2026-01-30 11:07:00,0.0,10.89,10.89,10.88,2366,2575215.0,10.949
2026-01-30 11:08:00,0.0,10.88,10.9,10.88,3319,3614087.0,10.949
2026-01-30 11:09:00,0.0,10.89,10.9,10.89,1588,1729544.0,10.949
2026-01-30 11:10:00,0.0,10.88,10.9,10.88,3239,3526684.0,10.949
2026-01-30 11:11:00,0.0,10.87,10.89,10.87,14287,15543375.0,10.947
2026-01-30 11:12:00,0.0,10.88,10.88,10.87,2765,3006415.0,10.947
2026-01-30 11:13:00,0.0,10.87,10.88,10.87,1430,1554954.0,10.947
2026-01-30 11:14:00,0.0,10.88,10.88,10.87,614,667521.0,10.946
2026-01-30 11:15:00,0.0,10.88,10.88,10.87,1411,1533921.0,10.946
2026-01-30 11:16:00,0.0,10.87,10.88,10.86,6724,7308871.0,10.945
2026-01-30 11:17:00,0.0,10.86,10.87,10.86,3223,3500841.0,10.945
2026-01-30 11:18:00,0.0,10.87,10.87,10.86,1973,2143048.0,10.945
2026-01-30 11:19:00,0.0,10.86,10.87,10.86,5059,5494772.0,10.944
2026-01-30 11:20:00,0.0,10.86,10.87,10.85,5390,5853997.0,10.943
2026-01-30 11:21:00,0.0,10.86,10.86,10.85,3637,3948371.0,10.943
2026-01-30 11:22:00,0.0,10.85,10.86,10.85,3623,3931569.0,10.942
2026-01-30 11:23:00,0.0,10.86,10.86,10.85,3921,4255339.0,10.942
2026-01-30 11:24:00,0.0,10.86,10.86,10.85,3617,3925458.0,10.941
2026-01-30 11:25:00,0.0,10.86,10.87,10.85,4016,4361558.0,10.941
2026-01-30 11:26:00,0.0,10.86,10.87,10.86,516,560472.0,10.941
2026-01-30 11:27:00,0.0,10.86,10.87,10.86,1302,1414689.0,10.941
2026-01-30 11:28:00,0.0,10.86,10.87,10.86,1144,1243291.0,10.941
2026-01-30 11:29:00,0.0,10.87,10.87,10.86,2235,2427798.0,10.94
2026-01-30 11:30:00,0.0,10.87,10.87,10.86,1407,1528523.0,10.94
2026-01-30 13:01:00,0.0,10.87,10.88,10.86,9097,9886158.0,10.939
2026-01-30 13:02:00,0.0,10.87,10.87,10.86,3626,3939857.0,10.939
2026-01-30 13:03:00,0.0,10.88,10.89,10.87,3610,3927505.0,10.939
2026-01-30 13:04:00,0.0,10.89,10.89,10.87,7021,7637268.0,10.938
2026-01-30 13:05:00,0.0,10.88,10.89,10.88,3392,3691972.0,10.938
2026-01-30 13:06:00,0.0,10.88,10.89,10.88,1629,1772693.0,10.938
2026-01-30 13:07:00,0.0,10.88,10.89,10.88,1955,2128396.0,10.937
2026-01-30 13:08:00,0.0,10.88,10.89,10.87,5018,5459646.0,10.937
2026-01-30 13:09:00,0.0,10.88,10.89,10.87,2988,3251013.0,10.937
2026-01-30 13:10:00,0.0,10.88,10.89,10.88,995,1083069.0,10.937
2026-01-30 13:11:00,0.0,10.89,10.89,10.88,2660,2895474.0,10.937
2026-01-30 13:12:00,0.0,10.88,10.89,10.88,1663,1810853.0,10.936
2026-01-30 13:13:00,0.0,10.89,10.89,10.88,3022,3290706.0,10.936
2026-01-30 13:14:00,0.0,10.9,10.9,10.88,2401,2614630.0,10.936
2026-01-30 13:15:00,0.0,10.89,10.9,10.89,2144,2336085.0,10.936
2026-01-30 13:16:00,0.0,10.9,10.9,10.89,3316,3612953.0,10.936
2026-01-30 13:17:00,0.0,10.89,10.9,10.89,2384,2597509.0,10.936
2026-01-30 13:18:00,0.0,10.89,10.9,10.89,2915,3174473.0,10.935
2026-01-30 13:19:00,0.0,10.89,10.89,10.88,1771,1927988.0,10.935
2026-01-30 13:20:00,0.0,10.89,10.9,10.89,3043,3315539.0,10.935
2026-01-30 13:21:00,0.0,10.9,10.9,10.89,1098,1196267.0,10.935
2026-01-30 13:22:00,0.0,10.89,10.9,10.89,1554,1692569.0,10.935
2026-01-30 13:23:00,0.0,10.88,10.9,10.88,2333,2540369.0,10.935
2026-01-30 13:24:00,0.0,10.9,10.9,10.88,1075,1170143.0,10.935
2026-01-30 13:25:00,0.0,10.89,10.9,10.89,656,714575.0,10.935
2026-01-30 13:26:00,0.0,10.91,10.91,10.89,4330,4718983.0,10.935
2026-01-30 13:27:00,0.0,10.9,10.91,10.89,1532,1669452.0,10.934
2026-01-30 13:28:00,0.0,10.9,10.91,10.9,742,809055.0,10.934
2026-01-30 13:29:00,0.0,10.9,10.91,10.9,1217,1326899.0,10.934
2026-01-30 13:30:00,0.0,10.9,10.91,10.9,1845,2011246.0,10.934
2026-01-30 13:31:00,0.0,10.91,10.91,10.9,527,574575.0,10.934
2026-01-30 13:32:00,0.0,10.9,10.91,10.9,2773,3024784.0,10.934
2026-01-30 13:33:00,0.0,10.91,10.91,10.9,2086,2274660.0,10.934
2026-01-30 13:34:00,0.0,10.89,10.91,10.89,3189,3476464.0,10.934
2026-01-30 13:35:00,0.0,10.9,10.9,10.89,1355,1476515.0,10.934
2026-01-30 13:36:00,0.0,10.89,10.9,10.89,1488,1621284.0,10.934
2026-01-30 13:37:00,0.0,10.89,10.9,10.89,760,828090.0,10.934
2026-01-30 13:38:00,0.0,10.89,10.9,10.89,3221,3509113.0,10.934
2026-01-30 13:39:00,0.0,10.89,10.9,10.89,1272,1385690.0,10.934
2026-01-30 13:40:00,0.0,10.9,10.9,10.89,2242,2441902.0,10.933
2026-01-30 13:41:00,0.0,10.9,10.9,10.89,1355,1476313.0,10.933
2026-01-30 13:42:00,0.0,10.9,10.9,10.89,1229,1338737.0,10.933
2026-01-30 13:43:00,0.0,10.89,10.9,10.89,783,852930.0,10.933
2026-01-30 13:44:00,0.0,10.9,10.9,10.89,2718,2960160.0,10.933
2026-01-30 13:45:00,0.0,10.89,10.9,10.89,898,978199.0,10.933
2026-01-30 13:46:00,0.0,10.89,10.89,10.88,2768,3013743.0,10.933
2026-01-30 13:47:00,0.0,10.89,10.89,10.88,1255,1365971.0,10.933
2026-01-30 13:48:00,0.0,10.89,10.89,10.88,863,939753.0,10.933
2026-01-30 13:49:00,0.0,10.88,10.89,10.88,1545,1681304.0,10.933
2026-01-30 13:50:00,0.0,10.88,10.89,10.87,9218,10028954.0,10.932
2026-01-30 13:51:00,0.0,10.87,10.89,10.87,3268,3555124.0,10.932
2026-01-30 13:52:00,0.0,10.88,10.88,10.87,2226,2420393.0,10.932
2026-01-30 13:53:00,0.0,10.87,10.88,10.87,3964,4309836.0,10.931
2026-01-30 13:54:00,0.0,10.88,10.88,10.87,1669,1815168.0,10.931
2026-01-30 13:55:00,0.0,10.87,10.88,10.87,1572,1709694.0,10.931
2026-01-30 13:56:00,0.0,10.88,10.88,10.87,3226,3509574.0,10.931
2026-01-30 13:57:00,0.0,10.88,10.89,10.88,1436,1562899.0,10.931
2026-01-30 13:58:00,0.0,10.88,10.89,10.88,1754,1908654.0,10.931
2026-01-30 13:59:00,0.0,10.89,10.89,10.88,1610,1752132.0,10.931
2026-01-30 14:00:00,0.0,10.88,10.89,10.88,3041,3310347.0,10.931
2026-01-30 14:01:00,0.0,10.88,10.89,10.87,6357,6916203.0,10.93
2026-01-30 14:02:00,0.0,10.88,10.89,10.88,1286,1399170.0,10.93
2026-01-30 14:03:00,0.0,10.88,10.89,10.87,1185,1289320.0,10.93
2026-01-30 14:04:00,0.0,10.87,10.89,10.87,1537,1672379.0,10.93
2026-01-30 14:05:00,0.0,10.88,10.88,10.87,1315,1430724.0,10.93
2026-01-30 14:06:00,0.0,10.87,10.88,10.87,1419,1543285.0,10.93
2026-01-30 14:07:00,0.0,10.87,10.88,10.86,12945,14071019.0,10.929
2026-01-30 14:08:00,0.0,10.87,10.88,10.86,2082,2263086.0,10.929
2026-01-30 14:09:00,0.0,10.86,10.87,10.86,2239,2433095.0,10.929
2026-01-30 14:10:00,0.0,10.86,10.87,10.86,25867,28095429.0,10.927
2026-01-30 14:11:00,0.0,10.86,10.87,10.86,3481,3780858.0,10.926
2026-01-30 14:12:00,0.0,10.86,10.87,10.85,1625,1764705.0,10.926
2026-01-30 14:13:00,0.0,10.86,10.86,10.85,1646,1787270.0,10.926
2026-01-30 14:14:00,0.0,10.85,10.86,10.85,2922,3171872.0,10.926
2026-01-30 14:15:00,0.0,10.85,10.86,10.85,18173,19719111.0,10.924
2026-01-30 14:16:00,0.0,10.85,10.86,10.85,826,896469.0,10.924
2026-01-30 14:17:00,0.0,10.85,10.86,10.85,1086,1178640.0,10.924
2026-01-30 14:18:00,0.0,10.86,10.86,10.85,486,527530.0,10.924
2026-01-30 14:19:00,0.0,10.85,10.86,10.85,1659,1801296.0,10.924
2026-01-30 14:20:00,0.0,10.85,10.86,10.85,1527,1657793.0,10.924
2026-01-30 14:21:00,0.0,10.86,10.86,10.85,2202,2390756.0,10.924
2026-01-30 14:22:00,0.0,10.86,10.86,10.85,3643,3954801.0,10.923
2026-01-30 14:23:00,0.0,10.85,10.86,10.85,1130,1227085.0,10.923
2026-01-30 14:24:00,0.0,10.84,10.86,10.84,13480,14625529.0,10.922
2026-01-30 14:25:00,0.0,10.85,10.85,10.84,1390,1507372.0,10.922
2026-01-30 14:26:00,0.0,10.84,10.85,10.84,2097,2274434.0,10.922
2026-01-30 14:27:00,0.0,10.85,10.85,10.84,1790,1941680.0,10.922
2026-01-30 14:28:00,0.0,10.85,10.86,10.84,1549,1680966.0,10.922
2026-01-30 14:29:00,0.0,10.85,10.86,10.85,2883,3128147.0,10.922
2026-01-30 14:30:00,0.0,10.85,10.86,10.84,2843,3083452.0,10.921
2026-01-30 14:31:00,0.0,10.83,10.85,10.83,13659,14807649.0,10.92
2026-01-30 14:32:00,0.0,10.84,10.84,10.83,3076,3333595.0,10.92
2026-01-30 14:33:00,0.0,10.85,10.85,10.83,3088,3347450.0,10.92
2026-01-30 14:34:00,0.0,10.85,10.85,10.84,2032,2204160.0,10.92
2026-01-30 14:35:00,0.0,10.85,10.86,10.84,1151,1249156.0,10.919
2026-01-30 14:36:00,0.0,10.86,10.86,10.84,2511,2724862.0,10.919
2026-01-30 14:37:00,0.0,10.85,10.86,10.85,3140,3408593.0,10.919
2026-01-30 14:38:00,0.0,10.86,10.87,10.85,1575,1710479.0,10.919
2026-01-30 14:39:00,0.0,10.86,10.87,10.86,1543,1676002.0,10.919
2026-01-30 14:40:00,0.0,10.86,10.87,10.85,1988,2158934.0,10.919
2026-01-30 14:41:00,0.0,10.86,10.86,10.85,2383,2585952.0,10.919
2026-01-30 14:42:00,0.0,10.86,10.86,10.85,2939,3189235.0,10.918
2026-01-30 14:43:00,0.0,10.84,10.86,10.84,12291,13330090.0,10.918
2026-01-30 14:44:00,0.0,10.85,10.85,10.84,2755,2987419.0,10.917
2026-01-30 14:45:00,0.0,10.84,10.85,10.84,2706,2933868.0,10.917
2026-01-30 14:46:00,0.0,10.85,10.85,10.84,2570,2786709.0,10.917
2026-01-30 14:47:00,0.0,10.85,10.85,10.84,3604,3907519.0,10.917
2026-01-30 14:48:00,0.0,10.85,10.85,10.84,5548,6018643.0,10.916
2026-01-30 14:49:00,0.0,10.84,10.86,10.84,4928,5344494.0,10.916
2026-01-30 14:50:00,0.0,10.85,10.85,10.84,2330,2526431.0,10.916
2026-01-30 14:51:00,0.0,10.85,10.85,10.84,4726,5123245.0,10.915
2026-01-30 14:52:00,0.0,10.84,10.85,10.84,7011,7599225.0,10.915
2026-01-30 14:53:00,0.0,10.84,10.85,10.83,3567,3866378.0,10.915
2026-01-30 14:54:00,0.0,10.85,10.85,10.84,4941,5357665.0,10.914
2026-01-30 14:55:00,0.0,10.85,10.85,10.84,3191,3461103.0,10.914
2026-01-30 14:56:00,0.0,10.84,10.86,10.84,5723,6208728.0,10.914
2026-01-30 14:57:00,0.0,10.84,10.86,10.84,5528,5993758.0,10.913
2026-01-30 14:58:00,0.0,10.84,10.84,10.84,314,340645.0,10.913
2026-01-30 14:59:00,0.0,10.84,10.84,10.84,0,0.0,10.913
2026-01-30 15:00:00,0.0,10.83,10.83,10.83,34136,36969515.0,10.911
2026-02-02 09:30:00,0.0,10.82,10.82,10.82,7757,8393074.0,10.82
2026-02-02 09:31:00,0.0,10.82,10.83,10.8,16604,17957408.0,10.817
2026-02-02 09:32:00,0.0,10.83,10.83,10.81,12236,13237634.0,10.817
2026-02-02 09:33:00,0.0,10.84,10.84,10.82,4772,5167061.0,10.818
2026-02-02 09:34:00,0.0,10.83,10.85,10.83,4346,4709579.0,10.82
2026-02-02 09:35:00,0.0,10.84,10.85,10.83,7413,8033167.0,10.822
2026-02-02 09:36:00,0.0,10.85,10.85,10.83,11937,12939067.0,10.826
2026-02-02 09:37:00,0.0,10.86,10.86,10.83,6651,7213893.0,10.828
2026-02-02 09:38:00,0.0,10.86,10.87,10.85,5810,6309030.0,10.83
2026-02-02 09:39:00,0.0,10.86,10.87,10.85,6769,7353707.0,10.833
2026-02-02 09:40:00,0.0,10.86,10.86,10.85,3791,4116350.0,10.834
2026-02-02 09:41:00,0.0,10.88,10.89,10.86,20047,21795167.0,10.841
2026-02-02 09:42:00,0.0,10.88,10.89,10.88,7118,7746910.0,10.843
2026-02-02 09:43:00,0.0,10.9,10.9,10.88,22012,23958930.0,10.85
2026-02-02 09:44:00,0.0,10.91,10.91,10.89,13044,14221371.0,10.855
2026-02-02 09:45:00,0.0,10.91,10.91,10.9,6610,7209009.0,10.857
2026-02-02 09:46:00,0.0,10.93,10.93,10.91,17519,19125256.0,10.863
2026-02-02 09:47:00,0.0,10.93,10.93,10.92,8388,9166025.0,10.866
2026-02-02 09:48:00,0.0,10.92,10.94,10.92,17761,19414154.0,10.872
2026-02-02 09:49:00,0.0,10.93,10.93,10.92,11836,12935488.0,10.875
2026-02-02 09:50:00,0.0,10.96,10.96,10.93,32363,35421352.0,10.884
2026-02-02 09:51:00,0.0,10.94,10.96,10.94,13709,15012306.0,10.888
2026-02-02 09:52:00,0.0,10.94,10.95,10.94,6919,7573881.0,10.889
2026-02-02 09:53:00,0.0,10.96,10.96,10.94,16312,17859353.0,10.893
2026-02-02 09:54:00,0.0,10.94,10.96,10.93,8218,8996200.0,10.894
2026-02-02 09:55:00,0.0,10.93,10.94,10.93,4303,4706383.0,10.895
2026-02-02 09:56:00,0.0,10.95,10.95,10.93,7289,7974326.0,10.896
2026-02-02 09:57:00,0.0,10.94,10.95,10.94,5723,6262792.0,10.897
2026-02-02 09:58:00,0.0,10.95,10.95,10.94,6466,7076346.0,10.898
2026-02-02 09:59:00,0.0,10.94,10.95,10.94,4941,5406924.0,10.898
2026-02-02 10:00:00,0.0,10.95,10.95,10.94,8209,8982620.0,10.9
2026-02-02 10:01:00,0.0,10.98,10.98,10.95,40129,43991662.0,10.906
2026-02-02 10:02:00,0.0,10.99,10.99,10.97,20523,22541913.0,10.911
2026-02-02 10:03:00,0.0,11.0,11.0,10.98,30722,33774479.0,10.917
2026-02-02 10:04:00,0.0,11.0,11.01,11.0,12692,13966344.0,10.919
2026-02-02 10:05:00,0.0,11.0,11.01,11.0,10663,11734561.0,10.921
2026-02-02 10:06:00,0.0,11.01,11.01,11.0,11716,12889778.0,10.923
2026-02-02 10:07:00,0.0,11.02,11.02,11.0,18890,20801837.0,10.927
2026-02-02 10:08:00,0.0,11.01,11.01,11.01,7248,7981029.0,10.928
2026-02-02 10:09:00,0.0,11.0,11.01,11.0,3990,4391024.0,10.929
2026-02-02 10:10:00,0.0,11.0,11.01,11.0,7779,8558681.0,10.93
2026-02-02 10:11:00,0.0,11.0,11.01,11.0,5899,6488993.0,10.931
2026-02-02 10:12:00,0.0,10.99,11.01,10.99,2506,2756624.0,10.931
2026-02-02 10:13:00,0.0,10.98,11.0,10.98,5973,6564598.0,10.932
2026-02-02 10:14:00,0.0,10.99,10.99,10.98,9559,10502304.0,10.933
2026-02-02 10:15:00,0.0,10.99,11.0,10.99,2912,3201117.0,10.933
2026-02-02 10:16:00,0.0,10.99,11.0,10.99,3277,3602449.0,10.934
2026-02-02 10:17:00,0.0,11.01,11.01,11.0,16482,18136409.0,10.936
2026-02-02 10:18:00,0.0,11.01,11.02,11.0,10024,11036785.0,10.937
2026-02-02 10:19:00,0.0,11.01,11.02,11.01,3985,4388170.0,10.938
2026-02-02 10:20:00,0.0,11.01,11.02,11.0,6903,7601485.0,10.939
2026-02-02 10:21:00,0.0,11.01,11.02,11.0,8208,9039660.0,10.94
2026-02-02 10:22:00,0.0,11.03,11.03,11.01,26907,29659869.0,10.943
2026-02-02 10:23:00,0.0,11.03,11.03,11.02,7798,8600454.0,10.945
2026-02-02 10:24:00,0.0,11.01,11.03,11.01,15496,17075892.0,10.946
2026-02-02 10:25:00,0.0,11.02,11.02,11.01,1014,1116569.0,10.947
2026-02-02 10:26:00,0.0,11.01,11.02,11.01,4895,5393301.0,10.947
2026-02-02 10:27:00,0.0,11.01,11.02,11.0,7559,8322380.0,10.948
2026-02-02 10:28:00,0.0,11.0,11.01,11.0,1517,1669169.0,10.948
2026-02-02 10:29:00,0.0,11.0,11.01,11.0,1584,1742825.0,10.948
2026-02-02 10:30:00,0.0,11.0,11.01,11.0,4373,4810943.0,10.948
2026-02-02 10:31:00,0.0,11.0,11.01,10.99,5331,5866746.0,10.949
2026-02-02 10:32:00,0.0,11.01,11.01,11.0,2841,3126225.0,10.949
2026-02-02 10:33:00,0.0,11.0,11.01,11.0,1823,2005837.0,10.949
2026-02-02 10:34:00,0.0,11.0,11.01,11.0,2243,2467614.0,10.95
2026-02-02 10:35:00,0.0,11.0,11.01,11.0,6438,7082862.0,10.95
2026-02-02 10:36:00,0.0,11.02,11.02,11.0,15379,16939770.0,10.952
2026-02-02 10:37:00,0.0,11.03,11.03,11.01,8287,9132766.0,10.952
2026-02-02 10:38:00,0.0,11.01,11.03,11.01,13935,15357340.0,10.954
2026-02-02 10:39:00,0.0,11.01,11.02,11.01,1181,1300433.0,10.954
2026-02-02 10:40:00,0.0,11.01,11.02,11.01,1039,1144011.0,10.954
2026-02-02 10:41:00,0.0,11.02,11.02,11.01,2088,2298972.0,10.954
2026-02-02 10:42:00,0.0,11.01,11.02,11.0,3422,3767970.0,10.954
2026-02-02 10:43:00,0.0,11.01,11.01,11.0,2307,2538937.0,10.955
2026-02-02 10:44:00,0.0,11.01,11.01,11.0,1894,2084565.0,10.955
2026-02-02 10:45:00,0.0,11.01,11.01,11.0,2869,3156088.0,10.955
2026-02-02 10:46:00,0.0,11.0,11.01,11.0,3917,4309704.0,10.955
2026-02-02 10:47:00,0.0,11.01,11.01,11.0,4415,4859966.0,10.955
2026-02-02 10:48:00,0.0,11.0,11.01,11.0,2228,2452645.0,10.956
2026-02-02 10:49:00,0.0,11.01,11.01,11.0,1109,1220359.0,10.956
2026-02-02 10:50:00,0.0,11.01,11.01,11.0,724,796558.0,10.956
2026-02-02 10:51:00,0.0,11.01,11.01,11.0,897,986853.0,10.956
2026-02-02 10:52:00,0.0,11.0,11.01,11.0,1802,1982242.0,10.956
2026-02-02 10:53:00,0.0,11.0,11.01,11.0,2293,2522524.0,10.956
2026-02-02 10:54:00,0.0,10.99,11.01,10.99,4494,4943317.0,10.956
2026-02-02 10:55:00,0.0,11.0,11.01,10.99,11691,12862449.0,10.957
2026-02-02 10:56:00,0.0,11.01,11.01,11.0,3121,3435730.0,10.957
2026-02-02 10:57:00,0.0,11.01,11.01,11.0,2577,2836405.0,10.957
2026-02-02 10:58:00,0.0,11.0,11.01,11.0,2727,2999946.0,10.958
2026-02-02 10:59:00,0.0,11.0,11.01,11.0,3968,4366124.0,10.958
2026-02-02 11:00:00,0.0,10.99,11.0,10.99,2166,2382046.0,10.958
2026-02-02 11:01:00,0.0,11.0,11.0,10.99,4143,4556629.0,10.958
2026-02-02 11:02:00,0.0,11.0,11.01,11.0,4483,4933486.0,10.958
2026-02-02 11:03:00,0.0,11.0,11.01,11.0,1101,1211346.0,10.958
2026-02-02 11:04:00,0.0,11.0,11.01,11.0,1316,1447812.0,10.959
2026-02-02 11:05:00,0.0,11.0,11.0,10.99,3404,3744049.0,10.959
2026-02-02 11:06:00,0.0,10.99,11.0,10.99,1950,2144558.0,10.959
2026-02-02 11:07:00,0.0,11.0,11.0,10.99,2222,2442244.0,10.959
2026-02-02 11:08:00,0.0,11.0,11.0,10.99,1524,1675439.0,10.959
2026-02-02 11:09:00,0.0,11.0,11.0,10.99,1228,1349782.0,10.959
2026-02-02 11:10:00,0.0,10.98,11.0,10.98,7345,8071827.0,10.959
2026-02-02 11:11:00,0.0,10.98,10.99,10.98,1011,1110549.0,10.959
2026-02-02 11:12:00,0.0,10.98,10.99,10.98,830,911790.0,10.959
2026-02-02 11:13:00,0.0,10.98,10.99,10.98,4166,4575770.0,10.96
2026-02-02 11:14:00,0.0,10.98,10.99,10.98,533,585434.0,10.96
2026-02-02 11:15:00,0.0,10.97,10.98,10.97,4134,4538516.0,10.96
2026-02-02 11:16:00,0.0,10.97,10.98,10.97,768,842741.0,10.96
2026-02-02 11:17:00,0.0,10.97,10.98,10.97,345,378498.0,10.96
2026-02-02 11:18:00,0.0,10.97,10.98,10.97,1572,1724765.0,10.96
2026-02-02 11:19:00,0.0,10.95,10.98,10.95,13366,14654575.0,10.96
2026-02-02 11:20:00,0.0,10.96,10.96,10.95,1980,2168848.0,10.96
2026-02-02 11:21:00,0.0,10.96,10.96,10.95,2964,3248264.0,10.96
2026-02-02 11:22:00,0.0,10.96,10.96,10.95,903,989566.0,10.96
2026-02-02 11:23:00,0.0,10.95,10.96,10.95,5001,5476292.0,10.96
2026-02-02 11:24:00,0.0,10.95,10.96,10.95,1609,1762200.0,10.96
2026-02-02 11:25:00,0.0,10.95,10.96,10.95,747,818175.0,10.96
2026-02-02 11:26:00,0.0,10.95,10.96,10.95,850,930807.0,10.96
2026-02-02 11:27:00,0.0,10.95,10.96,10.95,528,578279.0,10.96
2026-02-02 11:28:00,0.0,10.96,10.96,10.95,1567,1716030.0,10.96
2026-02-02 11:29:00,0.0,10.94,10.96,10.94,3544,3881348.0,10.96
2026-02-02 11:30:00,0.0,10.94,10.95,10.94,1757,1922899.0,10.96
2026-02-02 13:01:00,0.0,10.94,10.95,10.93,6170,6748554.0,10.959
2026-02-02 13:02:00,0.0,10.93,10.94,10.93,1300,1421080.0,10.959
2026-02-02 13:03:00,0.0,10.93,10.94,10.93,1272,1390764.0,10.959
2026-02-02 13:04:00,0.0,10.94,10.95,10.93,2651,2900046.0,10.959
2026-02-02 13:05:00,0.0,10.95,10.95,10.94,2350,2572297.0,10.959
2026-02-02 13:06:00,0.0,10.93,10.95,10.93,1891,2069018.0,10.959
2026-02-02 13:07:00,0.0,10.94,10.94,10.93,690,754496.0,10.959
2026-02-02 13:08:00,0.0,10.94,10.94,10.93,817,893567.0,10.959
2026-02-02 13:09:00,0.0,10.93,10.94,10.93,2051,2242543.0,10.959
2026-02-02 13:10:00,0.0,10.94,10.94,10.93,880,962310.0,10.959
2026-02-02 13:11:00,0.0,10.93,10.94,10.93,837,915097.0,10.959
2026-02-02 13:12:00,0.0,10.93,10.94,10.93,993,1085641.0,10.959
2026-02-02 13:13:00,0.0,10.94,10.94,10.93,580,634174.0,10.959
2026-02-02 13:14:00,0.0,10.93,10.94,10.93,1085,1186359.0,10.959
2026-02-02 13:15:00,0.0,10.93,10.94,10.93,2311,2527730.0,10.959
2026-02-02 13:16:00,0.0,10.93,10.94,10.93,816,892355.0,10.959
2026-02-02 13:17:00,0.0,10.94,10.94,10.93,1040,1137493.0,10.959
2026-02-02 13:18:00,0.0,10.94,10.94,10.93,932,1018951.0,10.959
2026-02-02 13:19:00,0.0,10.93,10.94,10.93,3374,3687808.0,10.959
2026-02-02 13:20:00,0.0,10.91,10.94,10.91,11085,12107614.0,10.958
2026-02-02 13:21:00,0.0,10.91,10.92,10.91,1357,1480774.0,10.958
2026-02-02 13:22:00,0.0,10.9,10.92,10.9,9050,9872472.0,10.958
2026-02-02 13:23:00,0.0,10.91,10.91,10.9,1636,1783888.0,10.958
2026-02-02 13:24:00,0.0,10.9,10.91,10.9,1917,2090849.0,10.957
2026-02-02 13:25:00,0.0,10.9,10.91,10.9,1994,2173641.0,10.957
2026-02-02 13:26:00,0.0,10.9,10.91,10.9,2461,2682591.0,10.957
2026-02-02 13:27:00,0.0,10.91,10.91,10.9,3134,3416155.0,10.957
2026-02-02 13:28:00,0.0,10.9,10.91,10.9,1148,1251977.0,10.957
2026-02-02 13:29:00,0.0,10.9,10.91,10.9,1291,1407406.0,10.957
2026-02-02 13:30:00,0.0,10.9,10.91,10.9,2011,2192337.0,10.957
2026-02-02 13:31:00,0.0,10.9,10.91,10.9,2407,2625192.0,10.957
2026-02-02 13:32:00,0.0,10.91,10.91,10.9,681,742698.0,10.957
2026-02-02 13:33:00,0.0,10.91,10.91,10.9,1872,2042069.0,10.956
2026-02-02 13:34:00,0.0,10.91,10.91,10.9,3417,3727149.0,10.956
2026-02-02 13:35:00,0.0,10.9,10.91,10.9,10182,11099483.0,10.956
2026-02-02 13:36:00,0.0,10.89,10.9,10.89,2210,2407632.0,10.956
2026-02-02 13:37:00,0.0,10.9,10.9,10.89,3205,3490572.0,10.955
2026-02-02 13:38:00,0.0,10.89,10.9,10.89,2376,2587822.0,10.955
2026-02-02 13:39:00,0.0,10.88,10.9,10.88,11952,13012021.0,10.954
2026-02-02 13:40:00,0.0,10.88,10.89,10.88,3036,3303360.0,10.954
2026-02-02 13:41:00,0.0,10.89,10.89,10.88,786,855402.0,10.954
2026-02-02 13:42:00,0.0,10.89,10.89,10.88,2934,3194607.0,10.954
2026-02-02 13:43:00,0.0,10.88,10.89,10.88,2869,3123235.0,10.954
2026-02-02 13:44:00,0.0,10.89,10.89,10.88,1211,1317858.0,10.953
2026-02-02 13:45:00,0.0,10.88,10.89,10.88,3058,3327415.0,10.953
2026-02-02 13:46:00,0.0,10.88,10.88,10.87,1793,1950175.0,10.953
2026-02-02 13:47:00,0.0,10.87,10.88,10.87,2179,2369641.0,10.953
2026-02-02 13:48:00,0.0,10.88,10.88,10.87,4201,4566745.0,10.953
2026-02-02 13:49:00,0.0,10.87,10.88,10.87,1616,1756926.0,10.952
2026-02-02 13:50:00,0.0,10.87,10.88,10.87,1459,1586454.0,10.952
2026-02-02 13:51:00,0.0,10.88,10.88,10.87,2577,2803486.0,10.952
2026-02-02 13:52:00,0.0,10.89,10.89,10.88,2113,2299354.0,10.952
2026-02-02 13:53:00,0.0,10.87,10.89,10.87,2239,2435642.0,10.952
2026-02-02 13:54:00,0.0,10.86,10.88,10.86,7117,7736444.0,10.951
2026-02-02 13:55:00,0.0,10.86,10.87,10.86,1690,1835461.0,10.951
2026-02-02 13:56:00,0.0,10.87,10.87,10.86,3558,3864881.0,10.951
2026-02-02 13:57:00,0.0,10.86,10.87,10.86,1159,1259351.0,10.951
2026-02-02 13:58:00,0.0,10.87,10.88,10.86,7830,8510663.0,10.95
2026-02-02 13:59:00,0.0,10.87,10.88,10.87,1884,2048844.0,10.95
2026-02-02 14:00:00,0.0,10.88,10.88,10.87,1825,1985320.0,10.95
2026-02-02 14:01:00,0.0,10.88,10.88,10.87,3410,3709666.0,10.949
2026-02-02 14:02:00,0.0,10.88,10.89,10.87,3369,3665335.0,10.949
2026-02-02 14:03:00,0.0,10.89,10.89,10.88,3555,3868677.0,10.949
2026-02-02 14:04:00,0.0,10.89,10.89,10.88,1273,1385265.0,10.949
2026-02-02 14:05:00,0.0,10.89,10.89,10.88,2602,2833241.0,10.949
2026-02-02 14:06:00,0.0,10.88,10.9,10.88,2105,2291768.0,10.949
2026-02-02 14:07:00,0.0,10.88,10.89,10.88,1686,1834522.0,10.949
2026-02-02 14:08:00,0.0,10.88,10.89,10.88,690,751242.0,10.948
2026-02-02 14:09:00,0.0,10.89,10.89,10.88,1294,1408702.0,10.948
2026-02-02 14:10:00,0.0,10.88,10.89,10.88,1640,1784943.0,10.948
2026-02-02 14:11:00,0.0,10.88,10.89,10.88,1096,1193062.0,10.948
2026-02-02 14:12:00,0.0,10.89,10.89,10.88,607,660756.0,10.948
2026-02-02 14:13:00,0.0,10.89,10.89,10.88,929,1011405.0,10.948
2026-02-02 14:14:00,0.0,10.89,10.89,10.88,2285,2486448.0,10.948
2026-02-02 14:15:00,0.0,10.88,10.88,10.87,5872,6387566.0,10.948
2026-02-02 14:16:00,0.0,10.87,10.89,10.87,3068,3338021.0,10.947
2026-02-02 14:17:00,0.0,10.88,10.88,10.88,685,745275.0,10.947
2026-02-02 14:18:00,0.0,10.88,10.88,10.87,794,863459.0,10.947
2026-02-02 14:19:00,0.0,10.88,10.88,10.87,1728,1880009.0,10.947
2026-02-02 14:20:00,0.0,10.88,10.88,10.87,2811,3056119.0,10.947
2026-02-02 14:21:00,0.0,10.87,10.88,10.87,4853,5275683.0,10.947
2026-02-02 14:22:00,0.0,10.87,10.88,10.87,3988,4336397.0,10.946
2026-02-02 14:23:00,0.0,10.87,10.88,10.87,1508,1639964.0,10.946
2026-02-02 14:24:00,0.0,10.88,10.88,10.87,2799,3044858.0,10.946
2026-02-02 14:25:00,0.0,10.88,10.89,10.88,3049,3319211.0,10.946
2026-02-02 14:26:00,0.0,10.87,10.89,10.87,2530,2752525.0,10.946
2026-02-02 14:27:00,0.0,10.88,10.89,10.87,4150,4512978.0,10.945
2026-02-02 14:28:00,0.0,10.89,10.89,10.87,4193,4562687.0,10.945
2026-02-02 14:29:00,0.0,10.87,10.89,10.87,3197,3478070.0,10.945
2026-02-02 14:30:00,0.0,10.87,10.88,10.87,2601,2829090.0,10.945
2026-02-02 14:31:00,0.0,10.87,10.89,10.87,3435,3736903.0,10.945
2026-02-02 14:32:00,0.0,10.87,10.88,10.87,3674,3995695.0,10.944
2026-02-02 14:33:00,0.0,10.89,10.89,10.87,1611,1752862.0,10.944
2026-02-02 14:34:00,0.0,10.89,10.89,10.88,574,624950.0,10.944
2026-02-02 14:35:00,0.0,10.88,10.89,10.88,2204,2399533.0,10.944
2026-02-02 14:36:00,0.0,10.89,10.89,10.88,2662,2898375.0,10.944
2026-02-02 14:37:00,0.0,10.89,10.9,10.89,6858,7468591.0,10.944
2026-02-02 14:38:00,0.0,10.89,10.89,10.88,3330,3626435.0,10.944
2026-02-02 14:39:00,0.0,10.89,10.89,10.88,2658,2893308.0,10.943
2026-02-02 14:40:00,0.0,10.89,10.89,10.88,4350,4735272.0,10.943
2026-02-02 14:41:00,0.0,10.87,10.88,10.87,3198,3479045.0,10.943
2026-02-02 14:42:00,0.0,10.88,10.89,10.87,6037,6567226.0,10.943
2026-02-02 14:43:00,0.0,10.89,10.89,10.87,1880,2045621.0,10.943
2026-02-02 14:44:00,0.0,10.87,10.89,10.87,3603,3921616.0,10.942
2026-02-02 14:45:00,0.0,10.88,10.89,10.87,3413,3713562.0,10.942
2026-02-02 14:46:00,0.0,10.87,10.88,10.87,16169,17585977.0,10.941
2026-02-02 14:47:00,0.0,10.87,10.88,10.87,6267,6814952.0,10.941
2026-02-02 14:48:00,0.0,10.87,10.88,10.87,8298,9023553.0,10.94
2026-02-02 14:49:00,0.0,10.86,10.88,10.86,5218,5672252.0,10.94
2026-02-02 14:50:00,0.0,10.87,10.87,10.86,3220,3497604.0,10.94
2026-02-02 14:51:00,0.0,10.86,10.87,10.86,10734,11657790.0,10.939
2026-02-02 14:52:00,0.0,10.86,10.87,10.86,7065,7674960.0,10.939
2026-02-02 14:53:00,0.0,10.86,10.87,10.85,12159,13205055.0,10.938
2026-02-02 14:54:00,0.0,10.87,10.87,10.85,3923,4260766.0,10.938
2026-02-02 14:55:00,0.0,10.87,10.87,10.86,4048,4397980.0,10.937
2026-02-02 14:56:00,0.0,10.87,10.87,10.85,9841,10688354.0,10.937
2026-02-02 14:57:00,0.0,10.87,10.87,10.86,3901,4238681.0,10.937
2026-02-02 14:58:00,0.0,10.86,10.86,10.86,72,78196.0,10.937
2026-02-02 14:59:00,0.0,10.86,10.86,10.86,0,0.0,10.937
2026-02-02 15:00:00,0.0,10.86,10.86,10.86,9650,10479900.0,10.936
