ts_code,strategy,cost_range_start,cost_range_end,cost_range_change,cost_range_change_rate,cost_range_slope,cost_range_trend,cost_range_percent,winner_rate_start,winner_rate_end,winner_rate_change,winner_rate_change_rate,winner_rate_slope,winner_rate_trend,weight_avg_start,weight_avg_end,weight_avg_change,weight_avg_change_rate,weight_avg_slope,weight_avg_trend,weight_avg_diff_percent,start_date,end_date,latest_price,stock_name
301520.SZ,平衡型,8.5,2.200000000000003,-6.299999999999997,-74.1176470588235,-0.40894736842105256,下降,4.78260869565218,41.16,70.31,29.150000000000006,70.82118561710399,0.27229824561403515,上升,44.69,44.71,0.020000000000003126,0.0447527411053997,0.0029122807017545296,上升,2.885260568105567,20260115,20260210,46.0,万邦医药
300418.SZ,平衡型,27.6,7.800000000000004,-19.799999999999997,-71.7391304347826,-1.1663157894736844,下降,12.745098039215694,34.35,81.73,47.38,137.9330422125182,3.0811754385964907,上升,60.55,57.42,-3.1299999999999955,-5.16928158546655,-0.16035087719298238,下降,6.5830721003134824,20260115,20260210,61.2,昆仑万维
603278.SH,平衡型,4.199999999999999,1.200000000000001,-2.9999999999999982,-71.4285714285714,-0.21210526315789463,下降,9.022556390977451,1.02,66.36,65.34,6405.882352941177,2.5216491228070175,上升,14.32,12.69,-1.6300000000000008,-11.382681564245816,-0.06389473684210527,下降,4.806934594168647,20260115,20260210,13.3,大业股份
600537.SH,平衡型,1.2000000000000002,0.3999999999999999,-0.8000000000000003,-66.66666666666667,-0.046315789473684206,下降,11.111111111111107,38.11,64.05,25.939999999999998,68.06612437680398,2.148561403508772,上升,3.37,3.45,0.08000000000000007,2.373887240356085,0.021350877192982454,上升,4.347826086956519,20260115,20260210,3.6,亿晶光电
300315.SZ,平衡型,1.8000000000000007,0.6000000000000005,-1.2000000000000002,-66.66666666666666,-0.07017543859649125,下降,9.375000000000009,32.47,96.02,63.55,195.71912534647367,2.773701754385965,上升,6.69,6.09,-0.6000000000000005,-8.96860986547086,-0.03131578947368422,下降,5.090311986863719,20260115,20260210,6.4,掌趣科技
300987.SZ,平衡型,7.599999999999998,2.6999999999999993,-4.899999999999999,-64.47368421052632,-0.20157894736842102,下降,11.587982832618023,44.8,86.25,41.45,92.52232142857144,2.8958596491228064,上升,24.14,21.86,-2.280000000000001,-9.444904722452366,-0.11749122807017542,下降,6.587374199451059,20260115,20260210,23.3,川网传媒
002712.SZ,平衡型,2.1999999999999993,0.7999999999999998,-1.3999999999999995,-63.63636363636363,-0.0715789473684211,下降,11.428571428571425,24.19,95.99,71.8,296.8168664737495,2.5220175438596484,上升,6.81,6.6,-0.20999999999999996,-3.083700440528634,-0.010561403508771931,下降,6.060606060606066,20260115,20260210,7.0,思美传媒
002757.SZ,平衡型,3.799999999999997,1.3999999999999986,-2.3999999999999986,-63.15789473684211,-0.28842105263157886,下降,6.1674008810572625,0.8,59.58,58.78,7347.499999999999,2.156754385964912,上升,25.96,22.12,-3.84,-14.791987673343604,-0.03321052631578948,下降,2.622061482820969,20260115,20260210,22.7,南兴股份
301001.SZ,平衡型,7.0,2.6000000000000014,-4.399999999999999,-62.85714285714283,-0.2889473684210527,下降,7.046070460704611,9.72,70.11,60.39,621.2962962962963,2.4457017543859654,上升,37.75,35.59,-2.1599999999999966,-5.721854304635753,-0.004736842105263087,下降,3.680809216071916,20260115,20260210,36.9,凯淳股份
301558.SZ,平衡型,1.6000000000000014,0.5999999999999996,-1.0000000000000018,-62.50000000000006,-0.06789473684210531,下降,6.2499999999999964,23.71,90.46,66.75,281.5267819485449,3.5818771929824558,上升,9.27,9.3,0.030000000000001137,0.323624595469268,0.003894736842105286,上升,3.2258064516128915,20260115,20260210,9.6,三态股份
002629.SZ,平衡型,2.4000000000000004,0.8999999999999995,-1.5000000000000009,-62.50000000000002,-0.10105263157894737,下降,13.23529411764705,6.33,56.93,50.6,799.3680884676145,1.918122807017544,上升,7.01,6.28,-0.7299999999999995,-10.413694721825957,-0.03257894736842105,下降,8.280254777070056,20260115,20260210,6.8,仁智股份
920640.BJ,平衡型,19.199999999999996,7.199999999999996,-12.0,-62.500000000000014,-0.767719298245614,下降,14.173228346456684,19.51,76.53,57.019999999999996,292.2603792926704,2.395561403508772,上升,48.64,46.16,-2.480000000000004,-5.098684210526324,-0.13133333333333355,下降,10.05199306759099,20260115,20260210,50.8,富士达
002878.SZ,平衡型,3.6999999999999993,1.3999999999999986,-2.3000000000000007,-62.16216216216219,-0.1385964912280702,下降,6.66666666666666,29.39,93.71,64.32,218.84994896223202,2.687052631578948,上升,20.57,20.28,-0.28999999999999915,-1.4098201263976624,-0.01024561403508777,下降,3.5502958579881603,20260115,20260210,21.0,元隆雅图
300831.SZ,平衡型,2.9000000000000004,1.0999999999999996,-1.8000000000000007,-62.068965517241395,-0.11754385964912276,下降,7.857142857142854,64.09,92.81,28.72,44.811983148697145,0.39436842105263153,上升,11.96,13.51,1.549999999999999,12.959866220735778,0.0477894736842105,上升,3.626943005181349,20260115,20260210,14.0,派瑞股份
300479.SZ,平衡型,5.199999999999999,2.1000000000000014,-3.099999999999998,-59.615384615384585,-0.16859649122807008,下降,9.502262443438921,75.12,92.35,17.22999999999999,22.936634717784862,2.4115087719298245,上升,21.47,21.25,-0.21999999999999886,-1.0246856078248667,-0.03466666666666669,下降,4.000000000000007,20260115,20260210,22.1,神思电子
002222.SZ,平衡型,16.000000000000007,6.799999999999997,-9.20000000000001,-57.50000000000004,-0.5529824561403509,下降,9.340659340659336,35.32,55.01,19.689999999999998,55.74745186862966,0.7523333333333331,上升,69.15,68.72,-0.4300000000000068,-0.6218365871294386,-0.044017543859649275,下降,5.937136204889404,20260115,20260210,72.8,福晶科技
600303.SH,平衡型,0.6999999999999997,0.2999999999999998,-0.3999999999999999,-57.14285714285715,-0.020526315789473663,下降,8.571428571428566,32.79,89.54,56.75000000000001,173.07105824946635,2.6555964912280694,上升,3.42,3.38,-0.040000000000000036,-1.1695906432748548,-0.0030175438596491268,下降,3.550295857988169,20260115,20260210,3.5,曙光股份
000676.SZ,平衡型,2.299999999999999,1.0,-1.299999999999999,-56.52173913043477,-0.07473684210526306,下降,9.803921568627452,69.46,87.9,18.440000000000012,26.547653325655073,2.0217719298245616,上升,9.78,9.56,-0.21999999999999886,-2.2494887525562257,-0.015140350877192954,下降,6.694560669456054,20260115,20260210,10.2,智度股份
300494.SZ,平衡型,3.200000000000001,1.3999999999999986,-1.8000000000000025,-56.25000000000006,-0.14701754385964916,下降,9.523809523809515,46.46,94.03,47.57,102.38915195867413,2.3278596491228067,上升,13.83,13.98,0.15000000000000036,1.0845986984815643,0.0024385964912280833,上升,5.150214592274669,20260115,20260210,14.7,盛天网络
001299.SZ,平衡型,2.5,1.0999999999999996,-1.4000000000000004,-56.000000000000014,-0.09456140350877193,下降,8.029197080291969,25.0,61.09,36.09,144.36,1.6863508771929825,上升,13.09,13.16,0.07000000000000028,0.5347593582887722,0.005631578947368428,上升,4.103343465045587,20260115,20260210,13.7,美能能源
001225.SZ,平衡型,16.5,7.5,-9.0,-54.54545454545454,-0.4912280701754386,下降,9.25925925925926,14.04,84.57,70.53,502.3504273504274,1.0024561403508772,上升,77.92,77.09,-0.8299999999999983,-1.065195071868581,-0.011403508771929973,下降,5.071993773511475,20260115,20260210,81.0,和泰机电
301221.SZ,平衡型,11.100000000000001,5.100000000000001,-6.0,-54.05405405405405,-0.3726315789473682,下降,8.173076923076925,31.59,60.51,28.919999999999998,91.54795821462488,0.7253684210526317,上升,60.46,59.47,-0.990000000000002,-1.6374462454515415,-0.06296491228070175,下降,4.9268538759038165,20260115,20260210,62.4,光庭信息
002364.SZ,平衡型,8.599999999999998,4.0,-4.599999999999998,-53.48837209302324,-0.27824561403508763,下降,11.976047904191617,25.18,68.07,42.88999999999999,170.33359809372516,1.6388070175438594,上升,32.56,31.35,-1.2100000000000009,-3.7162162162162184,-0.0514561403508772,下降,6.539074960127582,20260115,20260210,33.4,中恒电气
920299.BJ,平衡型,4.5,2.1000000000000014,-2.3999999999999986,-53.3333333333333,-0.18631578947368416,下降,7.9847908745247205,22.12,89.49,67.36999999999999,304.56600361663646,1.2158771929824563,上升,24.67,25.17,0.5,2.026753141467369,-0.09073684210526316,下降,4.4894715931664635,20260115,20260210,26.3,灿能电力
600477.SH,平衡型,1.8999999999999995,0.8999999999999999,-0.9999999999999996,-52.63157894736841,-0.06280701754385963,下降,20.930232558139533,37.57,73.56,35.99,95.79451690178334,1.897473684210526,上升,3.91,3.91,0.0,0.0,-0.0005614035087719248,下降,9.974424552429658,20260115,20260210,4.3,杭萧钢构
301333.SZ,平衡型,31.199999999999996,14.799999999999997,-16.4,-52.56410256410257,-0.9171929824561402,下降,17.70334928229665,33.0,90.83,57.83,175.24242424242425,4.2770526315789485,上升,76.45,74.7,-1.75,-2.289077828646174,-0.09584210526315763,下降,11.914323962516722,20260115,20260210,83.6,诺思格
300246.SZ,平衡型,4.0,1.9000000000000004,-2.0999999999999996,-52.49999999999999,-0.032807017543859646,下降,13.286713286713288,53.97,76.84,22.870000000000005,42.375393737261454,0.7017368421052634,上升,13.31,13.42,0.10999999999999943,0.8264462809917312,-0.019912280701754416,下降,6.557377049180333,20260115,20260210,14.3,宝莱特
301315.SZ,平衡型,10.400000000000006,5.0,-5.400000000000006,-51.92307692307695,-0.4224561403508772,下降,7.836990595611286,6.15,98.62,92.47,1503.5772357723577,4.439877192982456,上升,69.14,61.41,-7.730000000000004,-11.180214058432172,-0.3585964912280703,下降,3.8918742875753143,20260115,20260210,63.8,威士顿
003041.SZ,平衡型,26.0,12.5,-13.5,-51.92307692307693,-0.7105263157894737,下降,18.115942028985508,23.01,76.19,53.17999999999999,231.11690569317682,2.150631578947368,上升,64.85,62.0,-2.8499999999999943,-4.394757131842705,-0.1249122807017544,下降,11.29032258064516,20260115,20260210,69.0,真爱美家
002205.SZ,平衡型,2.6999999999999993,1.3000000000000007,-1.3999999999999986,-51.85185185185182,-0.08719298245614034,下降,8.724832214765105,24.13,89.19,65.06,269.62287608785743,1.50819298245614,上升,14.09,14.23,0.14000000000000057,0.993612491128464,0.006438596491228079,上升,4.708362614195361,20260115,20260210,14.9,国统股份
300541.SZ,平衡型,2.4000000000000004,1.1999999999999993,-1.200000000000001,-50.000000000000036,-0.08122807017543861,下降,7.272727272727268,67.9,94.96,27.059999999999988,39.852724594992615,1.7072456140350873,上升,15.46,15.94,0.47999999999999865,3.104786545924959,0.027807017543859603,上升,3.51317440401506,20260115,20260210,16.5,先进数通
002316.SZ,平衡型,1.2000000000000002,0.5999999999999996,-0.6000000000000005,-50.000000000000036,-0.027719298245614057,下降,10.344827586206891,63.23,81.78,18.550000000000004,29.337339870314732,0.6550877192982457,上升,5.3,5.51,0.20999999999999996,3.9622641509433953,0.00828070175438597,上升,5.263157894736843,20260115,20260210,5.8,亚联发展
300310.SZ,平衡型,1.2000000000000002,0.5999999999999996,-0.6000000000000005,-50.000000000000036,-0.037543859649122845,下降,8.571428571428566,36.73,96.09,59.36000000000001,161.6117615028587,2.630122807017543,上升,6.73,6.78,0.04999999999999982,0.7429420505200567,0.00433333333333332,上升,3.244837758112091,20260115,20260210,7.0,宜通世纪
603709.SH,平衡型,5.600000000000001,2.8000000000000007,-2.8000000000000007,-50.0,-0.11017543859649122,下降,14.583333333333337,71.94,94.37,22.430000000000007,31.178760077842654,0.7665789473684211,上升,17.38,17.93,0.5500000000000007,3.164556962025321,0.031122807017543812,上升,7.083100948131621,20260115,20260210,19.2,中源家居
600292.SH,平衡型,4.199999999999999,2.0999999999999996,-2.0999999999999996,-50.0,-0.11456140350877189,下降,14.285714285714285,47.92,92.37,44.45,92.75876460767947,0.5859122807017545,上升,13.59,13.59,0.0,0.0,-0.0006140350877192851,下降,8.167770419426045,20260115,20260210,14.7,电投水电
920924.BJ,平衡型,6.399999999999999,3.1999999999999993,-3.1999999999999993,-50.0,-0.1971929824561403,下降,12.12121212121212,66.95,88.26,21.310000000000002,31.82972367438387,1.9191052631578944,上升,24.05,24.94,0.8900000000000006,3.700623700623703,0.03699999999999997,上升,5.8540497193263725,20260115,20260210,26.4,广脉科技
000572.SZ,平衡型,1.5999999999999996,0.7999999999999998,-0.7999999999999998,-50.0,-0.03964912280701751,下降,10.526315789473681,7.23,65.43,58.2,804.9792531120331,2.2015263157894736,上升,7.58,7.12,-0.45999999999999996,-6.068601583113456,-0.025719298245614024,下降,6.741573033707858,20260115,20260210,7.6,海马汽车
000514.SZ,平衡型,1.0,0.5,-0.5,-50.0,-0.027719298245614057,下降,9.090909090909092,41.2,75.34,34.14,82.86407766990291,0.23378947368421044,上升,5.28,5.24,-0.040000000000000036,-0.7575757575757582,-0.0025614035087719172,下降,4.961832061068698,20260115,20260210,5.5,渝开发
600340.SH,平衡型,0.7999999999999998,0.40000000000000013,-0.3999999999999997,-49.99999999999997,-0.0312280701754386,下降,22.22222222222223,43.12,75.24,32.12,74.48979591836734,1.0274561403508775,上升,1.86,1.63,-0.2300000000000002,-12.365591397849473,-0.002842105263157901,下降,10.429447852760747,20260115,20260210,1.8,华夏幸福
600556.SH,平衡型,1.799999999999999,0.9000000000000004,-0.8999999999999986,-49.99999999999995,-0.07614035087719298,下降,10.843373493975907,14.4,87.66,73.25999999999999,508.74999999999994,3.127561403508771,上升,8.65,7.91,-0.7400000000000002,-8.554913294797691,-0.030807017543859665,下降,4.930467762326177,20260115,20260210,8.3,天下秀
002324.SZ,平衡型,4.600000000000001,2.400000000000002,-2.1999999999999993,-47.826086956521706,-0.15122807017543843,下降,12.121212121212132,26.26,62.35,36.09,137.43335872048743,0.5384035087719297,上升,20.27,18.2,-2.0700000000000003,-10.212136161815492,-0.11050877192982456,下降,8.791208791208799,20260115,20260210,19.8,普利特
603230.SH,平衡型,2.1000000000000014,1.0999999999999996,-1.0000000000000018,-47.61904761904767,-0.061754385964912346,下降,8.208955223880594,65.81,86.65,20.840000000000003,31.666919920984654,2.799719298245614,上升,12.86,12.83,-0.02999999999999936,-0.23328149300155024,-0.0005964912280701409,下降,4.442712392829309,20260115,20260210,13.4,内蒙新华
300738.SZ,平衡型,5.599999999999998,3.0,-2.599999999999998,-46.42857142857141,-0.17543859649122803,下降,12.195121951219512,46.49,91.69,45.199999999999996,97.22520972252096,2.3044912280701757,上升,22.84,23.24,0.3999999999999986,1.7513134851138292,0.03705263157894732,上升,5.851979345955263,20260115,20260210,24.6,奥飞数据
002596.SZ,平衡型,1.3000000000000007,0.7000000000000002,-0.6000000000000005,-46.15384615384617,-0.026666666666666675,下降,14.000000000000004,5.77,63.57,57.8,1001.733102253033,1.0029473684210524,上升,5.03,4.56,-0.47000000000000064,-9.343936381709755,-0.019666666666666662,下降,9.649122807017553,20260115,20260210,5.0,海南瑞泽
603307.SH,平衡型,4.799999999999997,2.5999999999999943,-2.200000000000003,-45.83333333333342,-0.12000000000000023,下降,6.074766355140174,55.44,80.22,24.78,44.6969696969697,0.8694736842105261,上升,41.22,41.51,0.28999999999999915,0.7035419699175137,0.011491228070175545,上升,3.107684895205973,20260115,20260210,42.8,扬州金泉
003027.SZ,平衡型,3.5,1.8999999999999986,-1.6000000000000014,-45.71428571428576,-0.09385964912280703,下降,8.189655172413786,55.17,90.09,34.92,63.2952691680261,0.5163684210526314,上升,22.05,22.45,0.3999999999999986,1.8140589569160932,0.022526315789473714,上升,3.34075723830735,20260115,20260210,23.2,同兴科技
002748.SZ,平衡型,2.200000000000001,1.200000000000001,-1.0,-45.45454545454543,-0.0489473684210526,下降,8.955223880597023,13.96,60.79,46.83,335.458452722063,0.43700000000000006,上升,12.94,12.63,-0.3099999999999987,-2.395672333848522,-0.01698245614035088,下降,6.0965954077593,20260115,20260210,13.4,世龙实业
002729.SZ,平衡型,3.299999999999999,1.8000000000000007,-1.4999999999999982,-45.45454545454541,-0.10245614035087718,下降,9.230769230769234,33.34,62.36,29.019999999999996,87.04259148170364,1.115578947368421,上升,18.18,18.65,0.46999999999999886,2.5852585258525793,0.017210526315789464,上升,4.557640750670249,20260115,20260210,19.5,好利科技
002173.SZ,平衡型,3.799999999999997,2.099999999999998,-1.6999999999999993,-44.73684210526317,-0.21017543859649127,下降,7.070707070707064,1.41,65.54,64.13000000000001,4548.22695035461,3.013842105263158,上升,33.74,28.74,-5.0000000000000036,-14.819205690574993,-0.18133333333333335,下降,3.340292275574116,20260115,20260210,29.7,创新医疗
603373.SH,平衡型,11.199999999999996,6.200000000000003,-4.999999999999993,-44.642857142857096,-0.32210526315789445,下降,14.027149321266974,52.68,68.5,15.82,30.030372057706913,0.8445263157894736,上升,40.58,40.51,-0.07000000000000028,-0.1724987678659445,-0.008070175438596418,下降,9.108862009380413,20260115,20260210,44.2,安邦护卫
603311.SH,平衡型,3.5999999999999996,1.9999999999999982,-1.6000000000000014,-44.444444444444485,-0.10105263157894744,下降,12.195121951219502,62.83,97.25,34.42,54.782747095336624,0.44936842105263153,上升,14.71,15.57,0.8599999999999994,5.8463630183548565,0.05391228070175436,上升,5.330764290301851,20260115,20260210,16.4,金海高科
300113.SZ,平衡型,5.400000000000002,3.0,-2.400000000000002,-44.444444444444464,-0.11473684210526316,下降,10.869565217391305,43.02,83.59,40.57,94.30497443049744,2.4603684210526313,上升,22.82,26.08,3.259999999999998,14.285714285714276,0.22487719298245604,上升,5.828220858895718,20260115,20260210,27.6,顺网科技
000889.SZ,平衡型,0.9000000000000004,0.5,-0.40000000000000036,-44.444444444444464,-0.02315789473684213,下降,12.5,63.47,83.09,19.620000000000005,30.91224200409643,0.6380350877192985,上升,3.82,3.73,-0.08999999999999986,-2.356020942408373,-0.005631578947368407,下降,7.238605898123325,20260115,20260210,4.0,中嘉博创
600152.SH,平衡型,1.6000000000000005,0.9000000000000004,-0.7000000000000002,-43.74999999999999,-0.04280701754385971,下降,10.843373493975907,56.13,72.29,16.160000000000004,28.79030821307679,1.278947368421053,上升,7.72,7.84,0.1200000000000001,1.5544041450777215,0.0059999999999999975,上升,5.867346938775521,20260115,20260210,8.3,维科技术
002103.SZ,平衡型,1.4000000000000004,0.7999999999999989,-0.6000000000000014,-42.85714285714295,-0.027017543859649235,下降,7.843137254901951,43.82,89.12,45.300000000000004,103.37745321770882,1.6725087719298244,上升,9.99,9.8,-0.1899999999999995,-1.9019019019018968,-0.012122807017543872,下降,4.0816326530612095,20260115,20260210,10.2,广博股份
300688.SZ,平衡型,5.599999999999998,3.1999999999999957,-2.400000000000002,-42.85714285714291,-0.09192982456140346,下降,9.756097560975597,21.01,78.83,57.81999999999999,275.20228462636834,1.3489649122807017,上升,32.8,31.14,-1.6599999999999966,-5.060975609756087,-0.07999999999999993,下降,5.330764290301851,20260115,20260210,32.8,创业黑马
603138.SH,平衡型,4.200000000000001,2.3999999999999986,-1.8000000000000025,-42.857142857142904,-0.10052631578947362,下降,12.698412698412692,57.44,94.66,37.22,64.79805013927576,0.8765263157894737,上升,16.51,17.78,1.2699999999999996,7.692307692307689,0.07475438596491234,上升,6.299212598425181,20260115,20260210,18.9,海量数据
300511.SZ,平衡型,1.4000000000000004,0.7999999999999998,-0.6000000000000005,-42.85714285714288,-0.03333333333333336,下降,11.764705882352938,9.77,95.53,85.76,877.7891504605938,3.1846842105263153,上升,6.45,6.38,-0.07000000000000028,-1.0852713178294617,-0.012842105263157896,下降,6.583072100313479,20260115,20260210,6.8,雪榕生物
002571.SZ,平衡型,2.0999999999999996,1.200000000000001,-0.8999999999999986,-42.8571428571428,-0.02263157894736836,下降,9.302325581395356,35.28,81.61,46.33,131.32086167800452,2.2942631578947372,上升,12.56,12.22,-0.33999999999999986,-2.7070063694267503,-0.02107017543859646,下降,5.564648117839605,20260115,20260210,12.9,德力股份
301489.SZ,平衡型,42.900000000000006,24.700000000000017,-18.19999999999999,-42.424242424242394,-1.1335087719298242,下降,13.970588235294127,35.89,63.25,27.36,76.23293396489272,0.5050175438596487,上升,185.09,160.39,-24.700000000000017,-13.344859257658445,-1.5878070175438599,下降,10.231311179001201,20260115,20260210,176.8,思泉新材
300250.SZ,平衡型,3.6000000000000014,2.099999999999998,-1.5000000000000036,-41.66666666666675,-0.10421052631578952,下降,7.954545454545448,23.58,62.42,38.84,164.71586089906702,1.2042105263157896,上升,27.81,25.23,-2.5799999999999983,-9.27723840345199,-0.12447368421052629,下降,4.637336504161705,20260115,20260210,26.4,初灵信息
300288.SZ,平衡型,3.5999999999999996,2.0999999999999996,-1.5,-41.66666666666667,-0.087719298245614,下降,12.962962962962962,40.0,73.7,33.7,84.25,0.45385964912280696,上升,15.5,14.81,-0.6899999999999995,-4.451612903225803,-0.039280701754385944,下降,9.385550303848742,20260115,20260210,16.2,朗玛信息
301287.SZ,平衡型,3.9000000000000057,2.299999999999997,-1.6000000000000085,-41.025641025641185,-0.0733333333333337,下降,4.946236559139779,24.26,85.06,60.8,250.61830173124486,2.6862456140350868,上升,45.45,45.47,0.01999999999999602,0.04400440044003525,-0.009175438596491284,下降,2.26522982186057,20260115,20260210,46.5,康力源
600802.SH,平衡型,1.5,0.8999999999999995,-0.6000000000000005,-40.000000000000036,-0.03175438596491232,下降,12.676056338028163,12.75,62.94,50.19,393.6470588235294,0.828140350877193,上升,6.71,6.48,-0.22999999999999954,-3.4277198211624373,-0.012263157894736828,下降,9.567901234567888,20260115,20260210,7.1,福建水泥
300047.SZ,平衡型,3.5,2.0999999999999996,-1.4000000000000004,-40.00000000000001,-0.0419298245614036,下降,13.636363636363633,29.44,71.93,42.49000000000001,144.32744565217394,0.7004385964912282,上升,15.09,13.93,-1.1600000000000001,-7.687210072895959,-0.06394736842105263,下降,10.552763819095484,20260115,20260210,15.4,天源迪科
002069.SZ,平衡型,0.9999999999999996,0.6000000000000001,-0.39999999999999947,-39.999999999999964,-0.025964912280701705,下降,14.285714285714288,21.41,88.12,66.71000000000001,311.5833722559552,3.3359298245614037,上升,4.12,4.1,-0.020000000000000462,-0.4854368932038947,-0.0017368421052631473,下降,2.4390243902439157,20260115,20260210,4.2,獐子岛
002537.SZ,平衡型,1.0,0.6000000000000014,-0.3999999999999986,-39.99999999999986,-0.03263157894736837,下降,6.451612903225821,49.12,97.06,47.940000000000005,97.59771986970685,2.523614035087719,上升,8.91,8.97,0.0600000000000005,0.673400673400679,0.0011052631578947413,上升,3.678929765886288,20260115,20260210,9.3,海联金汇
688239.SH,平衡型,16.5,10.0,-6.5,-39.39393939393939,-0.37807017543859645,下降,13.698630136986301,16.29,92.32,76.03,466.72805402087175,1.532035087719298,上升,67.79,67.52,-0.27000000000001023,-0.39828883316124825,-0.014719298245613886,下降,8.116113744075836,20260115,20260210,73.0,航宇科技
300413.SZ,平衡型,7.800000000000001,4.800000000000001,-3.0,-38.46153846153846,-0.15157894736842117,下降,16.666666666666668,49.42,87.61,38.19,77.27640631323351,2.0705087719298247,上升,27.31,27.23,-0.0799999999999983,-0.29293299157817027,-0.022596491228070167,下降,5.765699596033787,20260115,20260210,28.8,芒果超媒
002691.SZ,平衡型,1.3000000000000007,0.8000000000000007,-0.5,-38.46153846153844,-0.03228070175438593,下降,8.510638297872347,30.26,96.63,66.36999999999999,219.33245208195635,1.990771929824561,上升,8.93,9.08,0.15000000000000036,1.679731243001124,0.006877192982456156,上升,3.524229074889871,20260115,20260210,9.4,冀凯股份
002181.SZ,平衡型,2.9000000000000004,1.8000000000000007,-1.0999999999999996,-37.931034482758605,-0.09807017543859647,下降,13.953488372093029,68.0,99.11,31.11,45.75,0.6625263157894736,上升,10.45,12.01,1.5600000000000005,14.928229665071777,0.08992982456140351,上升,7.410491257285601,20260115,20260210,12.9,粤传媒
300291.SZ,平衡型,3.200000000000001,2.0,-1.200000000000001,-37.50000000000002,-0.05333333333333338,下降,20.0,29.94,84.11,54.17,180.92852371409484,0.6668771929824557,上升,9.82,9.33,-0.4900000000000002,-4.989816700611001,-0.044912280701754397,下降,7.181136120042872,20260115,20260210,10.0,百纳千成
600498.SH,平衡型,9.600000000000001,6.0,-3.6000000000000014,-37.500000000000014,-0.3375438596491229,下降,13.513513513513514,30.91,88.29,57.38000000000001,185.63571659657072,3.525561403508772,上升,43.99,41.27,-2.719999999999999,-6.183223459877242,-0.07650877192982453,下降,7.584201599224606,20260115,20260210,44.4,烽火通信
301395.SZ,平衡型,3.1999999999999993,2.0,-1.1999999999999993,-37.499999999999986,-0.06929824561403511,下降,13.422818791946309,39.14,67.3,28.159999999999997,71.94685743484925,1.2028070175438594,上升,13.14,14.02,0.879999999999999,6.697108066971073,0.04238596491228068,上升,6.276747503566339,20260115,20260210,14.9,仁信新材
002856.SZ,平衡型,3.1999999999999993,2.0,-1.1999999999999993,-37.499999999999986,-0.08578947368421048,下降,12.269938650306749,53.67,77.08,23.409999999999997,43.61840879448481,0.40670175438596456,上升,14.2,15.48,1.2800000000000011,9.014084507042263,0.06942105263157895,上升,5.29715762273902,20260115,20260210,16.3,美芝股份
002084.SZ,平衡型,0.7999999999999998,0.5,-0.2999999999999998,-37.499999999999986,-0.02157894736842104,下降,11.627906976744185,14.42,92.79,78.37,543.4812760055479,2.999754385964912,上升,4.0,4.08,0.08000000000000007,2.0000000000000018,0.005543859649122801,上升,5.392156862745092,20260115,20260210,4.3,海鸥住工
600105.SH,平衡型,5.100000000000001,3.1999999999999993,-1.9000000000000021,-37.254901960784345,-0.18368421052631584,下降,11.072664359861589,19.28,88.72,69.44,360.1659751037344,2.5590350877192987,上升,28.85,27.2,-1.6500000000000021,-5.719237435008672,-0.09885964912280705,下降,6.249999999999997,20260115,20260210,28.9,永鼎股份
301033.SZ,平衡型,21.599999999999994,13.599999999999994,-8.0,-37.037037037037045,-0.4624561403508769,下降,16.831683168316825,35.82,61.36,25.54,71.30094919039642,1.6654385964912284,上升,75.0,73.0,-2.0,-2.666666666666667,-0.1305614035087718,下降,10.684931506849312,20260115,20260210,80.8,迈普医学
300624.SZ,平衡型,24.30000000000001,15.300000000000011,-9.0,-37.03703703703702,-0.6315789473684209,下降,14.655172413793114,22.66,84.01,61.35000000000001,270.7413945278023,2.6526315789473687,上升,107.73,96.83,-10.900000000000006,-10.117887310869772,-0.6927894736842107,下降,7.817825054218741,20260115,20260210,104.4,万兴科技
603255.SH,平衡型,7.599999999999998,4.799999999999997,-2.8000000000000007,-36.84210526315791,-0.17964912280701756,下降,13.953488372093014,46.56,56.52,9.96,21.39175257731959,1.125526315789474,上升,31.79,32.65,0.8599999999999994,2.7052532242843643,0.0659473684210526,上升,5.359877488514549,20260115,20260210,34.4,鼎际得
600732.SH,平衡型,3.8000000000000007,2.4000000000000004,-1.4000000000000004,-36.8421052631579,-0.06631578947368419,下降,15.384615384615389,37.49,73.04,35.550000000000004,94.82528674313151,0.8292807017543858,上升,14.21,14.31,0.09999999999999964,0.7037297677691741,0.0031754385964912384,上升,9.014675052410896,20260115,20260210,15.6,爱旭股份
301185.SZ,平衡型,4.399999999999999,2.8000000000000007,-1.5999999999999979,-36.363636363636324,-0.08947368421052627,下降,12.612612612612617,55.29,80.9,25.610000000000007,46.31940676433353,0.8462982456140351,上升,21.09,20.66,-0.4299999999999997,-2.038880986249406,-0.028333333333333304,下降,7.454017424975795,20260115,20260210,22.2,鸥玛软件
300597.SZ,平衡型,2.5,1.5999999999999996,-0.9000000000000004,-36.000000000000014,-0.0457894736842105,下降,14.285714285714283,47.14,78.46,31.319999999999993,66.44039032668645,1.521964912280702,上升,10.51,10.1,-0.41000000000000014,-3.901046622264511,-0.02189473684210527,下降,10.891089108910888,20260115,20260210,11.2,吉大通信
002730.SZ,平衡型,2.799999999999999,1.8000000000000007,-0.9999999999999982,-35.714285714285666,-0.04877192982456127,下降,10.843373493975907,59.41,91.9,32.49000000000001,54.68776300286149,0.9782456140350878,上升,15.67,15.75,0.08000000000000007,0.510529674537333,0.004192982456140371,上升,5.396825396825406,20260115,20260210,16.6,电光科技
301057.SZ,平衡型,9.2,6.0,-3.1999999999999993,-34.782608695652165,-0.1778947368421054,下降,13.953488372093023,72.49,98.15,25.66000000000001,35.397985929093686,1.7265789473684208,上升,36.82,40.45,3.6300000000000026,9.85877240630093,0.08945614035087712,上升,6.304079110012354,20260115,20260210,43.0,汇隆新材
002858.SZ,平衡型,2.5999999999999996,1.700000000000001,-0.8999999999999986,-34.61538461538456,-0.05122807017543859,下降,9.82658959537573,40.53,89.57,49.03999999999999,120.99679249938316,1.5696140350877186,上升,16.75,16.39,-0.35999999999999943,-2.1492537313432805,-0.030684210526315772,下降,5.552165954850519,20260115,20260210,17.3,力盛体育
300353.SZ,平衡型,7.0,4.600000000000001,-2.3999999999999986,-34.28571428571426,-0.11859649122807012,下降,17.968750000000007,40.88,78.16,37.279999999999994,91.19373776908022,2.4209122807017542,上升,23.59,23.2,-0.39000000000000057,-1.653242899533703,-0.03664912280701752,下降,10.344827586206906,20260115,20260210,25.6,东土科技
002164.SZ,平衡型,3.5,2.3000000000000007,-1.1999999999999993,-34.28571428571426,-0.06649122807017534,下降,14.375000000000004,3.29,58.49,55.2,1677.8115501519758,1.219140350877193,上升,15.43,14.29,-1.1400000000000006,-7.388204795852239,-0.05843859649122807,下降,11.966410076976914,20260115,20260210,16.0,宁波东力
000663.SZ,平衡型,1.2000000000000002,0.7999999999999989,-0.40000000000000124,-33.33333333333343,-0.02210526315789479,下降,9.756097560975597,72.22,92.77,20.549999999999997,28.45472168374411,0.5065087719298248,上升,7.64,7.8,0.16000000000000014,2.094240837696337,0.00863157894736843,上升,5.1282051282051215,20260115,20260210,8.2,永安林业
300248.SZ,平衡型,3.5999999999999996,2.3999999999999986,-1.200000000000001,-33.333333333333364,-0.07070175438596497,下降,15.789473684210517,42.55,67.14,24.590000000000003,57.79083431257346,0.6082982456140351,上升,14.45,13.61,-0.8399999999999999,-5.813148788927335,-0.050543859649122815,下降,11.68258633357825,20260115,20260210,15.2,新开普
603789.SH,平衡型,1.2000000000000002,0.7999999999999998,-0.40000000000000036,-33.33333333333336,-0.027368421052631604,下降,13.33333333333333,26.63,78.53,51.900000000000006,194.89297784453626,2.541070175438596,上升,5.79,5.74,-0.04999999999999982,-0.8635578583765081,-0.002508771929824545,下降,4.529616724738672,20260115,20260210,6.0,*ST星农
600825.SH,平衡型,1.2000000000000002,0.7999999999999998,-0.40000000000000036,-33.33333333333336,-0.028070175438596516,下降,11.111111111111107,70.38,95.95,25.570000000000007,36.33134413185565,0.6472105263157897,上升,6.95,6.96,0.009999999999999787,0.14388489208632785,-0.0007017543859648973,下降,3.448275862068969,20260115,20260210,7.2,新华传媒
920670.BJ,平衡型,4.800000000000001,3.1999999999999993,-1.6000000000000014,-33.33333333333336,-0.10473684210526325,下降,15.609756097560973,3.05,59.86,56.81,1862.6229508196723,1.662175438596491,上升,21.59,19.07,-2.5199999999999996,-11.672070402964334,-0.14882456140350875,下降,7.498689040377554,20260115,20260210,20.5,数字人
300648.SZ,平衡型,12.600000000000001,8.399999999999999,-4.200000000000003,-33.33333333333336,-0.21052631578947364,下降,13.592233009708737,40.96,68.58,27.619999999999997,67.43164062499999,2.071508771929824,上升,58.72,57.83,-0.8900000000000006,-1.515667574931881,-0.09315789473684206,下降,6.864948988414316,20260115,20260210,61.8,星云股份
002631.SZ,平衡型,1.2000000000000002,0.7999999999999998,-0.40000000000000036,-33.33333333333336,-0.027719298245614057,下降,12.90322580645161,23.12,80.37,57.25,247.62110726643596,2.4606140350877195,上升,6.1,6.03,-0.0699999999999994,-1.1475409836065475,-0.004385964912280676,下降,2.8192371475953553,20260115,20260210,6.2,德尔未来
688229.SH,平衡型,25.200000000000003,16.799999999999997,-8.400000000000006,-33.33333333333336,-0.5810526315789477,下降,19.999999999999996,47.98,96.57,48.589999999999996,101.27136306794498,3.3972280701754385,上升,73.6,76.15,2.5500000000000114,3.4646739130434936,0.0491754385964916,上升,10.308601444517391,20260115,20260210,84.0,博睿数据
000856.SZ,平衡型,2.4000000000000004,1.5999999999999996,-0.8000000000000007,-33.33333333333336,-0.03017543859649125,下降,13.79310344827586,50.75,84.51,33.760000000000005,66.52216748768474,0.3145087719298249,上升,10.23,10.98,0.75,7.331378299120233,0.04217543859649121,上升,5.646630236794164,20260115,20260210,11.6,冀东装备
603912.SH,平衡型,1.5,1.0,-0.5,-33.33333333333333,-0.04561403508771938,下降,10.75268817204301,65.25,91.47,26.22,40.183908045977006,1.9187543859649128,上升,8.71,8.83,0.11999999999999922,1.3777267508610702,0.0058771929824561146,上升,5.322763306908274,20260115,20260210,9.3,佳力图
300592.SZ,平衡型,3.0,2.0,-1.0,-33.33333333333333,-0.0785964912280702,下降,13.698630136986301,56.29,81.26,24.970000000000006,44.359566530467234,0.27659649122807023,上升,12.41,13.9,1.4900000000000002,12.006446414182113,0.09784210526315787,上升,5.035971223021578,20260115,20260210,14.6,华凯易佰
603110.SH,平衡型,1.799999999999999,1.1999999999999993,-0.5999999999999996,-33.33333333333333,-0.036140350877193,下降,6.857142857142853,16.28,69.88,53.599999999999994,329.2383292383292,2.142280701754386,上升,17.0,16.97,-0.030000000000001137,-0.1764705882353008,0.0012807017543859218,上升,3.123158515026524,20260115,20260210,17.5,东方材料
300369.SZ,平衡型,2.3999999999999995,1.5999999999999996,-0.7999999999999998,-33.33333333333333,-0.06105263157894728,下降,17.391304347826082,68.96,93.65,24.690000000000012,35.803364269141554,1.4074561403508772,上升,8.41,8.48,0.07000000000000028,0.832342449464926,-0.0025614035087719185,下降,8.490566037735835,20260115,20260210,9.2,绿盟科技
688033.SH,平衡型,1.7999999999999998,1.2000000000000002,-0.5999999999999996,-33.333333333333314,-0.04421052631578945,下降,13.333333333333336,44.48,85.14,40.660000000000004,91.41187050359714,0.261122807017544,上升,8.34,8.47,0.13000000000000078,1.5587529976019279,0.0077894736842105535,上升,6.257378984651704,20260115,20260210,9.0,天宜新材
688071.SH,平衡型,10.8,7.200000000000003,-3.599999999999998,-33.33333333333331,-0.1410526315789474,下降,17.475728155339812,47.66,92.55,44.89,94.18799832144357,0.448982456140351,上升,34.74,38.88,4.140000000000001,11.917098445595856,0.25056140350877204,上升,5.967078189300413,20260115,20260210,41.2,华依科技
002068.SZ,平衡型,2.3999999999999986,1.5999999999999996,-0.7999999999999989,-33.33333333333331,-0.05122807017543853,下降,15.38461538461538,14.53,66.7,52.17,359.050240880936,1.9952631578947366,上升,9.59,9.6,0.009999999999999787,0.10427528675703635,0.0058421052631578855,上升,8.333333333333341,20260115,20260210,10.4,黑猫股份
300838.SZ,平衡型,2.4000000000000004,1.6000000000000014,-0.7999999999999989,-33.33333333333328,-0.05614035087719292,下降,9.52380952380953,29.71,90.02,60.309999999999995,202.99562436889934,2.2151052631578945,上升,15.82,16.13,0.3099999999999987,1.959544879898854,0.017385964912280685,上升,4.153750774953513,20260115,20260210,16.8,浙江力诺
601918.SH,平衡型,1.2000000000000002,0.8000000000000007,-0.39999999999999947,-33.33333333333328,-0.022456140350877174,下降,10.81081081081082,67.12,91.24,24.11999999999999,35.93563766388556,0.971894736842105,上升,6.91,7.07,0.16000000000000014,2.3154848046309717,0.010070175438596483,上升,4.6676096181046685,20260115,20260210,7.4,新集能源
301111.SZ,平衡型,4.899999999999999,3.3000000000000007,-1.5999999999999979,-32.65306122448976,-0.08526315789473689,下降,13.983050847457628,32.24,87.38,55.13999999999999,171.02977667493792,0.7781052631578944,上升,22.65,22.13,-0.5199999999999996,-2.295805739514347,-0.047298245614035055,下降,6.642566651604169,20260115,20260210,23.6,粤万年青
605166.SH,平衡型,2.200000000000001,1.5,-0.7000000000000011,-31.818181818181852,-0.03754385964912282,下降,12.711864406779661,50.68,81.59,30.910000000000004,60.990528808208374,0.5988771929824563,上升,10.91,10.81,-0.09999999999999964,-0.9165902841429848,-0.007298245614035078,下降,9.158186864014803,20260115,20260210,11.8,聚合顺
603177.SH,平衡型,2.1999999999999993,1.5,-0.6999999999999993,-31.818181818181795,-0.03964912280701749,下降,11.811023622047244,60.13,80.02,19.889999999999993,33.078330284383824,0.45107017543859657,上升,11.73,11.73,0.0,0.0,-0.0007017543859649097,下降,8.269394714407492,20260115,20260210,12.7,德创环保
300556.SZ,平衡型,3.5,2.400000000000002,-1.0999999999999979,-31.428571428571367,-0.09824561403508766,下降,10.85972850678734,54.46,89.97,35.51,65.20381931692985,2.68559649122807,上升,20.32,20.81,0.48999999999999844,2.411417322834638,0.008771929824561398,上升,6.198942815953882,20260115,20260210,22.1,丝路视觉
603881.SH,平衡型,10.200000000000003,7.0,-3.200000000000003,-31.372549019607867,-0.26771929824561413,下降,16.509433962264154,58.64,89.94,31.299999999999997,53.37653478854024,2.6071403508771924,上升,36.91,39.52,2.6100000000000065,7.071254402600939,0.11029824561403535,上升,7.2874493927125386,20260115,20260210,42.4,数据港
000020.SZ,平衡型,3.1999999999999993,2.1999999999999993,-1.0,-31.250000000000007,-0.05403508771929829,下降,13.580246913580243,31.49,89.56,58.07000000000001,184.40774849158464,1.732491228070175,上升,14.94,15.06,0.120000000000001,0.8032128514056291,0.009543859649122808,上升,7.56972111553784,20260115,20260210,16.2,深华发Ａ
605003.SH,平衡型,9.0,6.199999999999996,-2.8000000000000043,-31.111111111111157,-0.17614035087719324,下降,17.318435754189935,52.14,81.06,28.92,55.46605293440737,1.1258070175438595,上升,31.6,32.58,0.9799999999999969,3.1012658227848,0.07145614035087718,上升,9.883364027010433,20260115,20260210,35.8,众望布艺
000952.SZ,平衡型,1.2999999999999998,0.9000000000000004,-0.39999999999999947,-30.76923076923073,-0.02298245614035086,下降,10.714285714285717,30.26,57.17,26.91,88.92927957699933,1.6859824561403507,上升,8.2,7.98,-0.21999999999999886,-2.682926829268279,-0.009298245614035071,下降,5.263157894736841,20260115,20260210,8.4,广济药业
603136.SH,平衡型,1.299999999999999,0.9000000000000004,-0.3999999999999986,-30.76923076923069,-0.02140350877192975,下降,7.142857142857145,63.24,88.02,24.779999999999994,39.18406072106261,1.539017543859649,上升,12.07,12.14,0.07000000000000028,0.5799502899751474,0.003947368421052622,上升,3.7891268533772573,20260115,20260210,12.6,天目湖
603158.SH,平衡型,1.299999999999999,0.9000000000000004,-0.3999999999999986,-30.76923076923069,-0.02666666666666657,下降,8.10810810810811,55.14,77.98,22.840000000000003,41.421835328255355,1.2255964912280701,上升,10.59,10.74,0.15000000000000036,1.416430594900853,0.008070175438596535,上升,3.351955307262564,20260115,20260210,11.1,腾龙股份
603937.SH,平衡型,2.299999999999999,1.6000000000000014,-0.6999999999999975,-30.43478260869556,-0.04719298245614019,下降,12.030075187969935,65.14,90.78,25.64,39.36137549892539,0.6612456140350875,上升,12.31,12.53,0.21999999999999886,1.787164906580007,0.014561403508771881,上升,6.145251396648056,20260115,20260210,13.3,丽岛新材
301102.SZ,平衡型,3.3000000000000007,2.3000000000000007,-1.0,-30.303030303030297,-0.051052631578947454,下降,17.16417910447762,65.77,89.3,23.53,35.776189752166644,1.1241929824561403,上升,12.1,12.53,0.4299999999999997,3.5537190082644603,0.02092982456140352,上升,6.9433359936153325,20260115,20260210,13.4,兆讯传媒
300464.SZ,平衡型,1.0,0.6999999999999993,-0.3000000000000007,-30.00000000000007,-0.027017543859649117,下降,9.859154929577455,30.15,94.57,64.41999999999999,213.66500829187393,2.6055087719298244,上升,6.64,6.73,0.09000000000000075,1.3554216867469993,0.007175438596491229,上升,5.497771173848428,20260115,20260210,7.1,星徽股份
601059.SH,平衡型,2.0,1.3999999999999986,-0.6000000000000014,-30.00000000000007,-0.03754385964912297,下降,7.4074074074074,14.15,69.76,55.61000000000001,393.00353356890463,1.9736315789473684,上升,18.12,17.88,-0.240000000000002,-1.3245033112582891,-0.015140350877193055,下降,5.704697986577179,20260115,20260210,18.9,信达证券
300016.SZ,平衡型,2.0,1.4000000000000004,-0.5999999999999996,-29.999999999999982,-0.03754385964912281,下降,13.207547169811324,59.59,89.69,30.099999999999994,50.51183084410135,1.5100877192982454,上升,9.65,10.3,0.6500000000000004,6.735751295336791,0.039982456140350904,上升,2.9126213592232904,20260115,20260210,10.6,北陆药业
300703.SZ,平衡型,4.0,2.8000000000000007,-1.1999999999999993,-29.999999999999982,-0.0715789473684209,下降,9.9290780141844,44.35,67.78,23.43,52.82976324689967,1.0825438596491226,上升,26.83,26.97,0.14000000000000057,0.5218039508013439,-0.010035087719298218,下降,4.5606229143492785,20260115,20260210,28.2,创源股份
300150.SZ,平衡型,1.0,0.7000000000000002,-0.2999999999999998,-29.999999999999982,-0.022631578947368374,下降,11.66666666666667,74.8,95.91,21.11,28.22192513368984,1.4679473684210527,上升,5.67,5.85,0.17999999999999972,3.1746031746031695,0.00870175438596491,上升,2.56410256410257,20260115,20260210,6.0,世纪瑞尔
603880.SH,平衡型,1.0,0.7000000000000002,-0.2999999999999998,-29.999999999999982,-0.020350877192982432,下降,10.294117647058826,40.16,90.23,50.07000000000001,124.67629482071716,2.5484035087719303,上升,6.38,6.43,0.04999999999999982,0.7836990595611257,0.002912280701754385,上升,5.754276827371697,20260115,20260210,6.8,南卫股份
300520.SZ,平衡型,9.399999999999999,6.600000000000001,-2.799999999999997,-29.787234042553166,-0.14421052631578943,下降,13.306451612903228,25.72,66.28,40.56,157.69828926905134,3.389684210526315,上升,50.93,47.29,-3.6400000000000006,-7.1470645984684875,-0.2462982456140351,下降,4.884753647705651,20260115,20260210,49.6,科大国创
600862.SH,平衡型,6.800000000000001,4.800000000000001,-2.0,-29.411764705882348,-0.10175438596491215,下降,17.647058823529417,35.18,84.59,49.410000000000004,140.44911881750997,0.6321929824561405,上升,24.91,25.2,0.28999999999999915,1.164191087916496,0.011140350877193003,上升,7.936507936507936,20260115,20260210,27.2,中航高科
600173.SH,平衡型,2.4000000000000004,1.7000000000000002,-0.7000000000000002,-29.166666666666668,-0.03438596491228071,下降,18.888888888888893,41.27,79.15,37.88,91.78580082384299,1.6271052631578946,上升,7.7,8.45,0.7499999999999991,9.740259740259729,0.04984210526315789,上升,6.50887573964498,20260115,20260210,9.0,卧龙新能
000712.SZ,平衡型,2.8000000000000007,2.0,-0.8000000000000007,-28.57142857142859,-0.045614035087719336,下降,14.705882352941178,23.11,72.24,49.129999999999995,212.59195153613155,2.2438070175438596,上升,12.9,12.62,-0.28000000000000114,-2.1705426356589235,-0.019438596491228127,下降,7.765451664025361,20260115,20260210,13.6,锦龙股份
002724.SZ,平衡型,1.4000000000000004,1.0,-0.40000000000000036,-28.57142857142859,-0.02947368421052634,下降,12.820512820512823,33.65,74.62,40.970000000000006,121.75334323922738,2.6867543859649126,上升,7.17,7.34,0.16999999999999993,2.3709902370990226,0.012280701754385955,上升,6.267029972752043,20260115,20260210,7.8,海洋王
300645.SZ,平衡型,3.5,2.5,-1.0,-28.57142857142857,-0.055614035087719435,下降,12.019230769230768,61.24,75.05,13.809999999999995,22.550620509470924,0.3545263157894735,上升,19.62,19.84,0.21999999999999886,1.1213047910295557,0.010280701754385939,上升,4.8387096774193585,20260115,20260210,20.8,正元智慧
300270.SZ,平衡型,2.0999999999999996,1.5,-0.5999999999999996,-28.57142857142856,-0.0363157894736842,下降,11.71875,47.4,71.28,23.880000000000003,50.37974683544304,0.25898245614035104,上升,12.3,12.03,-0.27000000000000135,-2.195121951219523,-0.020157894736842097,下降,6.400665004156288,20260115,20260210,12.8,中威电子
603836.SH,平衡型,2.200000000000001,1.5999999999999996,-0.6000000000000014,-27.272727272727327,-0.024912280701754375,下降,10.526315789473681,54.47,88.6,34.129999999999995,62.65834404259225,0.3392982456140349,上升,14.24,14.34,0.09999999999999964,0.7022471910112335,0.003912280701754368,上升,5.997210599721056,20260115,20260210,15.2,海程邦达
603779.SH,平衡型,1.1000000000000005,0.7999999999999998,-0.3000000000000007,-27.272727272727327,-0.021403508771929872,下降,11.111111111111107,40.71,79.74,39.029999999999994,95.87324981577007,1.51259649122807,上升,6.74,6.8,0.05999999999999961,0.8902077151335253,0.0040877192982456,上升,5.882352941176476,20260115,20260210,7.2,威龙股份
605186.SH,平衡型,4.399999999999999,3.1999999999999993,-1.1999999999999993,-27.272727272727266,-0.03929824561403505,下降,13.79310344827586,53.59,86.96,33.36999999999999,62.269080052248526,1.1332105263157892,上升,21.75,21.96,0.21000000000000085,0.9655172413793143,0.012210526315789486,上升,5.646630236794164,20260115,20260210,23.2,健麾信息
000892.SZ,平衡型,2.2,1.6000000000000005,-0.5999999999999996,-27.272727272727256,-0.0340350877192982,下降,18.181818181818183,26.96,97.21,70.25,260.57121661721067,1.2118245614035088,上升,8.54,7.87,-0.669999999999999,-7.8454332552693105,-0.036666666666666674,下降,11.817026683608647,20260115,20260210,8.8,欢瑞世纪
600992.SH,平衡型,2.1999999999999993,1.6000000000000014,-0.5999999999999979,-27.27272727272718,-0.0396491228070174,下降,10.81081081081082,36.19,90.72,54.53,150.67698259187623,3.251649122807017,上升,13.93,14.2,0.2699999999999996,1.9382627422828396,0.014333333333333304,上升,4.225352112676067,20260115,20260210,14.8,贵绳股份
688272.SH,平衡型,6.0000000000000036,4.399999999999999,-1.600000000000005,-26.666666666666732,-0.09333333333333357,下降,13.414634146341461,43.33,85.62,42.290000000000006,97.59981537041313,2.249052631578947,上升,30.59,30.58,-0.010000000000001563,-0.03269042170644512,-0.0005438596491228422,下降,7.259646827992149,20260115,20260210,32.8,富吉瑞
600692.SH,平衡型,1.5,1.0999999999999996,-0.40000000000000036,-26.66666666666669,-0.03140350877192985,下降,13.580246913580243,45.58,86.65,41.07000000000001,90.10530934620449,2.1263508771929827,上升,7.37,7.67,0.2999999999999998,4.070556309362277,0.019999999999999993,上升,5.606258148631026,20260115,20260210,8.1,亚通股份
002735.SZ,平衡型,3.0,2.1999999999999993,-0.8000000000000007,-26.66666666666669,-0.021929824561403567,下降,11.398963730569944,37.14,56.49,19.35,52.10016155088854,2.5013508771929827,上升,21.01,18.0,-3.0100000000000016,-14.326511185149934,-0.18721052631578952,下降,7.222222222222226,20260115,20260210,19.3,王子新材
603739.SH,平衡型,3.8000000000000007,2.799999999999999,-1.0000000000000018,-26.315789473684255,-0.05192982456140369,下降,16.0919540229885,51.86,75.89,24.03,46.336290011569616,0.4263508771929824,上升,15.88,15.7,-0.1800000000000015,-1.1335012594458531,-0.010684210526315826,下降,10.828025477707003,20260115,20260210,17.4,蔚蓝生物
603336.SH,平衡型,1.9000000000000004,1.4000000000000004,-0.5,-26.315789473684205,-0.03017543859649121,下降,14.141414141414144,10.12,65.54,55.42000000000001,547.6284584980239,2.044350877192983,上升,9.06,9.27,0.20999999999999908,2.3178807947019764,0.014473684210526286,上升,6.796116504854377,20260115,20260210,9.9,宏辉果蔬
002062.SZ,平衡型,1.8999999999999986,1.4000000000000004,-0.4999999999999982,-26.315789473684138,-0.020175438596491155,下降,13.461538461538463,10.77,71.04,60.27000000000001,559.6100278551532,0.4823333333333333,上升,9.45,9.78,0.33000000000000007,3.492063492063493,0.02138596491228069,上升,6.3394683026584975,20260115,20260210,10.4,宏润建设
300796.SZ,平衡型,2.3000000000000007,1.6999999999999993,-0.6000000000000014,-26.086956521739186,-0.03368421052631594,下降,16.831683168316825,46.97,81.78,34.81,74.11113476687248,0.2990350877192982,上升,9.16,9.43,0.2699999999999996,2.9475982532751046,0.013491228070175455,上升,7.104984093319193,20260115,20260210,10.1,贝斯美
001358.SZ,平衡型,5.400000000000002,4.0,-1.4000000000000021,-25.92592592592596,-0.08666666666666682,下降,13.333333333333334,48.21,95.47,47.26,98.02945447002696,0.4930526315789472,上升,27.03,28.26,1.2300000000000004,4.550499445061044,0.07452631578947363,上升,6.157112526539272,20260115,20260210,30.0,兴欣新材
301259.SZ,平衡型,4.800000000000004,3.6000000000000014,-1.2000000000000028,-25.00000000000004,-0.04421052631578968,下降,9.890109890109894,36.86,63.35,26.490000000000002,71.8665219750407,0.21298245614035108,上升,35.18,34.49,-0.6899999999999977,-1.9613416714042005,-0.0502280701754386,下降,5.537837054218604,20260115,20260210,36.4,艾布鲁
002591.SZ,平衡型,0.7999999999999998,0.5999999999999996,-0.20000000000000018,-25.00000000000003,-0.02596491228070176,下降,7.499999999999996,39.02,77.16,38.13999999999999,97.74474628395691,0.6943333333333334,上升,7.18,7.78,0.6000000000000005,8.356545961002794,0.027824561403508773,上升,2.8277634961439557,20260115,20260210,8.0,恒大高新
603268.SH,平衡型,16.80000000000001,12.600000000000009,-4.200000000000003,-25.0,-0.22736842105263086,下降,13.375796178343958,25.75,77.26,51.510000000000005,200.03883495145632,1.3433157894736847,上升,89.1,86.43,-2.6699999999999875,-2.9966329966329828,-0.15759649122806993,下降,8.989934050676842,20260115,20260210,94.2,*ST松发
300314.SZ,平衡型,2.0,1.5,-0.5,-25.0,-0.03754385964912279,下降,10.344827586206897,71.89,96.15,24.260000000000005,33.74600083460844,1.0855438596491231,上升,13.52,14.08,0.5600000000000005,4.14201183431953,0.024561403508771916,上升,2.982954545454545,20260115,20260210,14.5,戴维医疗
002343.SZ,平衡型,2.0,1.5,-0.5,-25.0,-0.06052631578947368,下降,17.647058823529413,58.56,81.7,23.14,39.51502732240437,1.069280701754386,上升,7.56,7.85,0.29000000000000004,3.8359788359788363,0.004140350877192997,上升,8.280254777070068,20260115,20260210,8.5,慈文传媒
605122.SH,平衡型,2.4000000000000004,1.8000000000000007,-0.5999999999999996,-24.999999999999982,-0.022807017543859626,下降,12.500000000000005,45.92,83.18,37.260000000000005,81.14111498257842,2.0654561403508773,上升,13.23,13.42,0.1899999999999995,1.4361300075585752,0.012736842105263158,上升,7.302533532041731,20260115,20260210,14.4,四方新材
300678.SZ,平衡型,7.199999999999996,5.400000000000002,-1.7999999999999936,-24.999999999999925,-0.11894736842105218,下降,14.516129032258068,48.67,71.06,22.39,46.00369837682351,0.8488947368421051,上升,35.34,33.93,-1.4100000000000037,-3.98981324278439,-0.09029824561403511,下降,9.637488947833784,20260115,20260210,37.2,中科信息
600872.SH,平衡型,3.1999999999999993,2.400000000000002,-0.7999999999999972,-24.99999999999992,-0.045614035087719135,下降,12.244897959183684,62.06,77.66,15.599999999999994,25.13696422816628,1.3402631578947368,上升,19.02,19.06,0.03999999999999915,0.21030494216613643,0.0003684210526315056,上升,2.833158447009458,20260115,20260210,19.6,中炬高新
300612.SZ,平衡型,2.900000000000002,2.1999999999999993,-0.7000000000000028,-24.13793103448284,-0.1442105263157895,下降,10.091743119266052,9.95,88.43,78.48,788.7437185929649,4.038473684210526,上升,22.17,20.72,-1.4500000000000028,-6.540369869192615,-0.06563157894736846,下降,5.212355212355221,20260115,20260210,21.8,宣亚国际
688251.SH,平衡型,5.0,3.8000000000000007,-1.1999999999999993,-23.999999999999986,-0.07228070175438599,下降,12.751677852348994,12.57,79.49,66.91999999999999,532.3786793953857,1.1585263157894736,上升,27.92,27.39,-0.5300000000000011,-1.8982808022922675,-0.03224561403508773,下降,8.798831690397956,20260115,20260210,29.8,井松智能
002881.SZ,平衡型,10.0,7.600000000000001,-2.3999999999999986,-23.999999999999986,-0.12350877192982422,下降,14.615384615384619,27.74,75.38,47.64,171.7375630857967,0.8579649122807016,上升,49.45,47.3,-2.1500000000000057,-4.347826086956533,-0.1300701754385966,下降,9.93657505285413,20260115,20260210,52.0,美格智能
001269.SZ,平衡型,4.199999999999999,3.1999999999999993,-1.0,-23.809523809523814,-0.0668421052631579,下降,12.167300380228134,36.58,85.28,48.7,133.13285948605798,0.5341929824561404,上升,24.13,24.49,0.35999999999999943,1.4919187733112285,0.014736842105263197,上升,7.390771743568814,20260115,20260210,26.3,欧晶科技
002866.SZ,平衡型,2.1000000000000014,1.6000000000000014,-0.5,-23.809523809523796,-0.03912280701754374,下降,8.000000000000007,46.81,80.68,33.870000000000005,72.35633411664175,2.166771929824561,上升,19.0,19.31,0.3099999999999987,1.6315789473684146,0.009385964912280753,上升,3.5732780942516897,20260115,20260210,20.0,传艺科技
300915.SZ,平衡型,3.3999999999999986,2.599999999999998,-0.8000000000000007,-23.529411764705912,-0.0603508771929825,下降,9.84848484848484,58.25,94.55,36.3,62.317596566523605,2.2712105263157896,上升,25.02,25.33,0.3099999999999987,1.2390087929656224,0.014771929824561375,上升,4.224240031583104,20260115,20260210,26.4,海融科技
002982.SZ,平衡型,1.6999999999999993,1.3000000000000007,-0.3999999999999986,-23.52941176470581,-0.02438596491228061,下降,8.724832214765105,62.51,76.77,14.259999999999998,22.81235002399616,0.3613333333333335,上升,14.02,14.36,0.33999999999999986,2.4251069900142643,0.022596491228070194,上升,3.7604456824512598,20260115,20260210,14.9,湘佳股份
301157.SZ,平衡型,6.0,4.600000000000001,-1.3999999999999986,-23.333333333333307,-0.11789473684210541,下降,8.013937282229968,61.09,86.82,25.72999999999999,42.11818628253395,0.21771929824561376,上升,55.06,55.11,0.04999999999999716,0.09081002542680196,-0.03759649122807033,下降,4.155325712211938,20260115,20260210,57.4,华塑科技
601012.SH,平衡型,5.199999999999999,4.0,-1.1999999999999993,-23.076923076923066,-0.08491228070175441,下降,18.51851851851852,48.28,68.43,20.150000000000006,41.735708367854194,1.2356491228070177,上升,19.96,19.73,-0.23000000000000043,-1.1523046092184388,-0.010789473684210592,下降,9.477952356817035,20260115,20260210,21.6,隆基绿能
001256.SZ,平衡型,2.599999999999998,2.0,-0.5999999999999979,-23.076923076923013,-0.029473684210526215,下降,8.695652173913043,34.13,94.02,59.88999999999999,175.47612071491355,0.6936140350877189,上升,21.85,21.87,0.019999999999999574,0.09153318077803008,-0.0008421052631579453,下降,5.166895290352076,20260115,20260210,23.0,炜冈科技
000555.SZ,平衡型,3.1000000000000014,2.400000000000002,-0.6999999999999993,-22.58064516129029,-0.029649122807017515,下降,12.765957446808521,35.66,70.08,34.42,96.52271452607965,3.0585614035087714,上升,18.29,17.59,-0.6999999999999993,-3.8272279934390343,-0.05157894736842099,下降,6.878908470722006,20260115,20260210,18.8,神州信息
000811.SZ,平衡型,3.1000000000000014,2.400000000000002,-0.6999999999999993,-22.58064516129029,-0.037192982456140396,下降,13.259668508287303,30.08,81.29,51.21000000000001,170.24601063829792,1.4699999999999998,上升,16.62,16.72,0.09999999999999787,0.60168471720817,0.004245614035087653,上升,8.253588516746428,20260115,20260210,18.1,冰轮环境
605007.SH,平衡型,3.5999999999999996,2.799999999999999,-0.8000000000000007,-22.222222222222243,-0.04701754385964912,下降,19.178082191780817,36.98,89.18,52.20000000000001,141.15738236884806,2.8110175438596494,上升,13.36,13.53,0.16999999999999993,1.2724550898203588,0.011508771929824583,上升,7.908351810790839,20260115,20260210,14.6,五洲特纸
603628.SH,平衡型,1.799999999999999,1.4000000000000004,-0.3999999999999986,-22.222222222222157,-0.036491228070175366,下降,9.395973154362418,13.67,76.27,62.599999999999994,457.9370885149963,1.2317543859649123,上升,13.93,14.3,0.370000000000001,2.656137832017236,0.020807017543859652,上升,4.195804195804193,20260115,20260210,14.9,清源股份
601001.SH,平衡型,3.6999999999999993,2.9000000000000004,-0.7999999999999989,-21.621621621621596,-0.051403508771929736,下降,18.125000000000004,44.36,88.54,44.18000000000001,99.59422903516683,1.953122807017544,上升,14.3,14.62,0.3199999999999985,2.2377622377622273,0.01961403508771927,上升,9.43912448700411,20260115,20260210,16.0,晋控煤业
600513.SH,平衡型,3.8000000000000007,3.0,-0.8000000000000007,-21.052631578947384,-0.052631578947368376,下降,14.018691588785048,49.79,84.69,34.9,70.09439646515364,2.280929824561403,上升,20.01,20.09,0.0799999999999983,0.3998000999500165,-0.007350877192982501,下降,6.520657043305121,20260115,20260210,21.4,联环药业
301228.SZ,平衡型,7.600000000000001,6.0,-1.6000000000000014,-21.052631578947384,-0.10596491228070147,下降,13.636363636363635,39.97,97.46,57.489999999999995,143.832874655992,0.2625964912280701,上升,40.29,40.88,0.5900000000000034,1.464383221643096,0.02736842105263173,上升,7.632093933463789,20260115,20260210,44.0,实朴检测
002678.SZ,平衡型,1.5,1.1999999999999993,-0.3000000000000007,-20.00000000000005,-0.021403508771929838,下降,19.672131147540973,68.31,86.45,18.14,26.555409164104816,1.4268070175438596,上升,5.37,5.6,0.22999999999999954,4.283054003724386,0.011263157894736834,上升,8.928571428571429,20260115,20260210,6.1,珠江钢琴
603180.SH,平衡型,3.0,2.3999999999999986,-0.6000000000000014,-20.00000000000005,-0.04631578947368432,下降,10.810810810810805,26.44,78.47,52.03,196.78517397881996,2.2300877192982456,上升,20.93,20.89,-0.03999999999999915,-0.1911132345914914,-0.0026140350877193264,下降,6.270943034944944,20260115,20260210,22.2,金牌家居
000607.SZ,平衡型,1.0,0.7999999999999998,-0.20000000000000018,-20.000000000000018,-0.02035087719298243,下降,14.285714285714283,56.26,88.53,32.27,57.358691788126556,1.6958245614035088,上升,4.59,5.23,0.6400000000000006,13.943355119825721,0.04077192982456138,上升,7.074569789674936,20260115,20260210,5.6,华媒控股
002106.SZ,平衡型,2.0,1.5999999999999996,-0.40000000000000036,-20.000000000000018,-0.021052631578947382,下降,13.33333333333333,49.81,87.72,37.91,76.10921501706484,0.6140701754385964,上升,11.19,11.44,0.25,2.234137622877569,0.01642105263157895,上升,4.895104895104899,20260115,20260210,12.0,莱宝高科
300860.SZ,平衡型,4.0,3.1999999999999993,-0.8000000000000007,-20.000000000000018,-0.06035087719298252,下降,10.389610389610388,50.12,80.78,30.660000000000004,61.17318435754191,1.91178947368421,上升,29.19,29.01,-0.17999999999999972,-0.6166495375128459,-0.026912280701754367,下降,6.170286108238535,20260115,20260210,30.8,锋尚文化
300254.SZ,平衡型,2.0,1.5999999999999996,-0.40000000000000036,-20.000000000000018,-0.03368421052631582,下降,13.33333333333333,46.64,74.91,28.269999999999996,60.6132075471698,2.3466491228070177,上升,11.3,11.41,0.10999999999999943,0.9734513274336233,-0.007298245614035088,下降,5.170902716914986,20260115,20260210,12.0,仟源医药
688337.SH,平衡型,8.0,6.399999999999999,-1.6000000000000014,-20.000000000000018,-0.10245614035087712,下降,14.953271028037381,53.45,91.86,38.41,71.86155285313376,0.26775438596491236,上升,39.68,39.73,0.04999999999999716,0.12600806451612187,-0.012403508771929937,下降,7.727158318650895,20260115,20260210,42.8,普源精电
600585.SH,平衡型,5.0,4.0,-1.0,-20.0,-0.05175438596491228,下降,15.384615384615385,39.99,82.21,42.21999999999999,105.57639409852459,2.9928245614035087,上升,23.7,24.05,0.3500000000000014,1.4767932489451538,0.023456140350877265,上升,8.108108108108105,20260115,20260210,26.0,海螺水泥
605399.SH,平衡型,3.0,2.4000000000000004,-0.5999999999999996,-19.999999999999986,-0.0389473684210526,下降,15.094339622641511,23.52,84.16,60.64,257.82312925170066,1.8712807017543858,上升,14.42,14.83,0.41000000000000014,2.843273231622747,0.030473684210526344,上升,7.215104517869186,20260115,20260210,15.9,晨光新材
603686.SH,平衡型,3.6000000000000014,2.8999999999999986,-0.7000000000000028,-19.444444444444517,-0.027894736842105257,下降,11.15384615384615,31.26,74.53,43.269999999999996,138.41970569417785,2.9977368421052626,上升,27.04,24.88,-2.16,-7.988165680473373,-0.17456140350877197,下降,4.5016077170418045,20260115,20260210,26.0,福龙马
300608.SZ,平衡型,2.0999999999999996,1.700000000000001,-0.3999999999999986,-19.047619047618984,-0.026315789473684112,下降,13.178294573643418,60.7,93.59,32.89,54.18451400329489,1.076824561403509,上升,12.16,12.22,0.0600000000000005,0.493421052631583,-0.0004736842105263555,下降,5.564648117839605,20260115,20260210,12.9,思特奇
300043.SZ,平衡型,1.5999999999999996,1.2999999999999998,-0.2999999999999998,-18.749999999999993,-0.05140350877192981,下降,16.88311688311688,46.49,89.71,43.21999999999999,92.9662292966229,3.474877192982456,上升,6.72,6.96,0.2400000000000002,3.5714285714285747,0.0012982456140350942,上升,10.632183908045981,20260115,20260210,7.7,星辉娱乐
603010.SH,平衡型,3.200000000000001,2.6000000000000014,-0.5999999999999996,-18.749999999999982,-0.04280701754385961,下降,20.31250000000001,12.48,64.16,51.67999999999999,414.10256410256403,3.336087719298246,上升,11.36,11.68,0.3200000000000003,2.8169014084507067,0.022403508771929835,上升,9.58904109589042,20260115,20260210,12.8,万盛股份
603908.SH,平衡型,4.399999999999999,3.6000000000000014,-0.7999999999999972,-18.181818181818123,-0.06105263157894715,下降,13.432835820895528,48.49,79.7,31.21,64.36378634770055,1.357526315789474,上升,25.04,25.21,0.1700000000000017,0.6789137380191762,0.009192982456140355,上升,6.30702102340341,20260115,20260210,26.8,牧高笛
300795.SZ,平衡型,2.1999999999999993,1.8000000000000007,-0.3999999999999986,-18.181818181818123,-0.020701754385964836,下降,11.688311688311693,46.63,85.43,38.800000000000004,83.20823504181858,1.0896666666666666,上升,14.43,14.31,-0.11999999999999922,-0.8316008316008263,-0.008280701754385972,下降,7.617051013277427,20260115,20260210,15.4,米奥会展
002928.SZ,平衡型,2.799999999999999,2.3000000000000007,-0.4999999999999982,-17.8571428571428,-0.027017543859649034,下降,19.491525423728817,39.77,81.42,41.65,104.72718129243145,0.6607894736842101,上升,10.6,10.83,0.23000000000000043,2.169811320754721,0.009087719298245618,上升,8.956602031394281,20260115,20260210,11.8,华夏航空
603810.SH,平衡型,3.4000000000000004,2.799999999999999,-0.6000000000000014,-17.647058823529452,-0.03333333333333345,下降,15.21739130434782,41.65,68.61,26.96,64.72989195678271,1.1265964912280702,上升,16.65,16.52,-0.129999999999999,-0.7807807807807748,-0.006543859649122721,下降,11.380145278450357,20260115,20260210,18.4,丰山集团
003030.SZ,平衡型,2.8999999999999986,2.3999999999999986,-0.5,-17.241379310344836,-0.04385964912280692,下降,10.714285714285708,68.7,90.91,22.209999999999994,32.32896652110625,0.6238070175438595,上升,20.77,21.4,0.629999999999999,3.033220991815113,0.03496491228070172,上升,4.672897196261683,20260115,20260210,22.4,祖名股份
300065.SZ,平衡型,3.5,2.900000000000002,-0.5999999999999979,-17.142857142857082,-0.05157894736842098,下降,9.96563573883162,11.71,57.78,46.07,393.4244235695986,1.7116842105263157,上升,24.14,27.49,3.349999999999998,13.877381938690961,0.3114385964912279,上升,5.856675154601684,20260115,20260210,29.1,海兰信
000425.SZ,平衡型,2.4000000000000004,2.0,-0.40000000000000036,-16.66666666666668,-0.02736842105263161,下降,16.806722689075627,58.03,97.53,39.5,68.06824056522488,2.355280701754386,上升,10.83,10.92,0.08999999999999986,0.831024930747921,0.0029824561403508664,上升,8.974358974358978,20260115,20260210,11.9,徐工机械
002986.SZ,平衡型,2.4000000000000004,2.0,-0.40000000000000036,-16.66666666666668,-0.020000000000000056,下降,15.748031496062993,56.92,92.14,35.22,61.87631763879128,0.7018245614035089,上升,11.37,11.93,0.5600000000000005,4.925241864555853,0.03301754385964913,上升,6.45431684828164,20260115,20260210,12.7,宇新股份
002812.SZ,平衡型,15.0,12.5,-2.5,-16.666666666666664,-0.10526315789473685,下降,20.833333333333336,50.17,78.02,27.849999999999994,55.51126171018536,2.016421052631579,上升,55.86,55.71,-0.14999999999999858,-0.2685284640171833,-0.06854385964912281,下降,7.7005923532579414,20260115,20260210,60.0,恩捷股份
688027.SH,平衡型,180.0,150.0,-30.0,-16.666666666666664,-1.1473684210526316,下降,20.833333333333336,50.99,75.19,24.199999999999996,47.460286330653055,2.3576666666666664,上升,582.66,663.69,81.03000000000009,13.906909690042236,4.15922807017544,上升,8.484382769063862,20260115,20260210,720.0,国盾量子
688202.SH,平衡型,20.4,17.000000000000007,-3.3999999999999915,-16.666666666666625,-0.20877192982456086,下降,23.809523809523817,68.19,88.14,19.950000000000003,29.256489221293453,1.5505263157894738,上升,66.09,65.14,-0.9500000000000028,-1.4374338023906836,-0.13028070175438602,下降,9.610070617132338,20260115,20260210,71.4,美迪西
003036.SZ,平衡型,2.9999999999999982,2.5,-0.4999999999999982,-16.666666666666618,-0.02157894736842099,下降,13.736263736263737,47.59,58.46,10.869999999999997,22.84093296911115,0.9142807017543857,上升,16.56,16.94,0.38000000000000256,2.2946859903381798,0.013912280701754416,上升,7.4380165289256075,20260115,20260210,18.2,泰坦股份
688026.SH,平衡型,3.799999999999999,3.1999999999999993,-0.5999999999999996,-15.789473684210522,-0.024912280701754323,下降,16.84210526315789,65.75,94.72,28.97,44.06083650190114,0.9111403508771933,上升,17.12,17.51,0.39000000000000057,2.278037383177573,0.022508771929824582,上升,8.509423186750418,20260115,20260210,19.0,洁特生物
300715.SZ,平衡型,2.6000000000000014,2.1999999999999993,-0.40000000000000213,-15.384615384615458,-0.027017543859649266,下降,17.460317460317455,68.4,90.11,21.709999999999994,31.739766081871334,1.4102280701754386,上升,11.5,11.91,0.41000000000000014,3.565217391304349,0.02001754385964915,上升,5.793450881612086,20260115,20260210,12.6,凯伦股份
605180.SH,平衡型,2.5999999999999996,2.1999999999999993,-0.40000000000000036,-15.3846153846154,-0.02175438596491224,下降,13.414634146341461,29.27,94.13,64.86,221.59207379569526,2.5526315789473686,上升,15.19,15.44,0.25,1.6458196181698488,0.011508771929824552,上升,6.217616580310875,20260115,20260210,16.4,华生科技
300166.SZ,平衡型,2.5999999999999996,2.200000000000001,-0.3999999999999986,-15.384615384615334,-0.054035087719298235,下降,17.187500000000007,51.19,95.78,44.59,87.10685680797032,0.8055263157894738,上升,11.4,11.89,0.4900000000000002,4.298245614035089,-0.00680701754385966,下降,7.653490328006729,20260115,20260210,12.8,东方国信
603076.SH,平衡型,5.199999999999999,4.400000000000002,-0.7999999999999972,-15.384615384615334,-0.04350877192982441,下降,15.942028985507253,56.72,79.06,22.340000000000003,39.386459802538795,0.3907192982456147,上升,24.93,24.94,0.010000000000001563,0.040112314480551796,-0.005350877192982457,下降,10.665597433841219,20260115,20260210,27.6,乐惠国际
300810.SZ,平衡型,6.600000000000001,5.600000000000001,-1.0,-15.151515151515149,-0.062105263157894816,下降,12.669683257918555,46.68,81.83,35.15,75.29991431019708,2.29959649122807,上升,40.6,41.76,1.1599999999999966,2.8571428571428488,0.06182456140350862,上升,5.842911877394648,20260115,20260210,44.2,中科海讯
301103.SZ,平衡型,4.0,3.3999999999999986,-0.6000000000000014,-15.000000000000036,-0.03824561403508777,下降,14.782608695652169,60.0,77.76,17.760000000000005,29.60000000000001,0.21912280701754341,上升,21.16,21.34,0.17999999999999972,0.8506616257088833,0.010614035087719211,上升,7.7788191190253055,20260115,20260210,23.0,何氏眼科
300469.SZ,平衡型,12.0,10.200000000000003,-1.7999999999999972,-14.999999999999977,-0.09368421052631534,下降,14.285714285714288,39.2,86.97,47.769999999999996,121.86224489795916,0.8930526315789474,上升,66.78,65.24,-1.5400000000000063,-2.3060796645702397,-0.09180701754385946,下降,9.442060085836927,20260115,20260210,71.4,信息发展
301039.SZ,平衡型,2.0,1.700000000000001,-0.29999999999999893,-14.999999999999947,-0.021929824561403424,下降,16.346153846153854,46.9,71.73,24.830000000000005,52.942430703624744,1.8389649122807017,上升,9.58,9.67,0.08999999999999986,0.9394572025052178,0.005000000000000003,上升,7.549120992761122,20260115,20260210,10.4,中集车辆
301337.SZ,平衡型,2.700000000000003,2.3000000000000007,-0.40000000000000213,-14.814814814814877,-0.041929824561403546,下降,7.055214723926382,42.07,80.02,37.949999999999996,90.20679819348703,3.152280701754386,上升,33.29,31.1,-2.1899999999999977,-6.578552117753072,-0.12282456140350875,下降,4.823151125401929,20260115,20260210,32.6,亚华电子
002361.SZ,平衡型,2.0999999999999996,1.799999999999999,-0.3000000000000007,-14.28571428571432,-0.09210526315789475,下降,11.538461538461533,16.56,55.31,38.75,233.99758454106282,3.2233508771929826,上升,17.21,14.67,-2.540000000000001,-14.758861127251603,-0.07024561403508774,下降,6.339468302658485,20260115,20260210,15.6,神剑股份
002034.SZ,平衡型,2.0999999999999996,1.799999999999999,-0.3000000000000007,-14.28571428571432,-0.02315789473684216,下降,10.169491525423723,40.46,67.68,27.220000000000006,67.27632229362335,1.8532280701754382,上升,16.66,16.73,0.07000000000000028,0.4201680672268925,0.004631578947368459,上升,5.797967722653908,20260115,20260210,17.7,旺能环境
300982.SZ,平衡型,5.600000000000001,4.800000000000001,-0.8000000000000007,-14.285714285714295,-0.05614035087719287,下降,19.04761904761905,44.75,78.83,34.08,76.15642458100558,0.7923508771929818,上升,22.43,23.17,0.740000000000002,3.2991529201961747,-0.010263157894736818,下降,8.761329305135941,20260115,20260210,25.2,苏文电能
000538.SZ,平衡型,7.0,6.0,-1.0,-14.285714285714285,-0.04210526315789475,下降,10.16949152542373,62.46,86.04,23.580000000000005,37.75216138328531,0.2731929824561405,上升,56.33,56.4,0.07000000000000028,0.12426770814841165,0.002000000000000038,上升,4.609929078014187,20260115,20260210,59.0,云南白药
600285.SH,平衡型,2.799999999999997,2.3999999999999986,-0.3999999999999986,-14.28571428571425,-0.02771929824561393,下降,10.344827586206891,21.3,64.12,42.82000000000001,201.03286384976528,3.7923157894736836,上升,21.87,21.77,-0.10000000000000142,-0.4572473708276242,-0.006000000000000028,下降,6.568672485071198,20260115,20260210,23.2,羚锐制药
300636.SZ,平衡型,1.4000000000000004,1.200000000000001,-0.1999999999999993,-14.285714285714231,-0.02807017543859651,下降,13.636363636363647,32.13,92.77,60.63999999999999,188.73327108621223,1.454736842105263,上升,8.12,8.29,0.16999999999999993,2.0935960591133,0.008789473684210564,上升,6.151990349819079,20260115,20260210,8.8,同和药业
301336.SZ,平衡型,8.5,7.299999999999997,-1.2000000000000028,-14.117647058823563,-0.14578947368421055,下降,11.587301587301582,16.56,76.07,59.50999999999999,359.3599033816425,3.552982456140351,上升,57.75,59.69,1.9399999999999977,3.3593073593073557,0.10471929824561396,上升,5.545317473613675,20260115,20260210,63.0,趣睡科技
301357.SZ,平衡型,12.900000000000006,11.099999999999994,-1.8000000000000114,-13.953488372093107,-0.10526315789473693,下降,8.149779735682817,39.72,74.03,34.31,86.37965760322257,1.9626315789473685,上升,148.49,130.56,-17.930000000000007,-12.074887197791101,-1.074157894736842,下降,4.31985294117646,20260115,20260210,136.2,北方长龙
300675.SZ,平衡型,2.200000000000001,1.8999999999999986,-0.3000000000000025,-13.636363636363743,-0.02052631578947385,下降,10.91954022988505,54.21,88.03,33.82,62.38701346615015,1.2806491228070174,上升,16.3,16.44,0.14000000000000057,0.8588957055214758,0.007245614035087754,上升,5.839416058394144,20260115,20260210,17.4,建科院
301065.SZ,平衡型,3.6999999999999993,3.1999999999999993,-0.5,-13.513513513513518,-0.03999999999999996,下降,13.223140495867765,72.62,98.4,25.78,35.499862296887905,0.8755263157894737,上升,22.29,23.03,0.740000000000002,3.319874383131458,0.04187719298245617,上升,5.080330004342154,20260115,20260210,24.2,本立科技
601969.SH,平衡型,3.0,2.5999999999999996,-0.40000000000000036,-13.333333333333345,-0.0581818181818182,下降,19.696969696969695,25.31,72.74,47.42999999999999,187.39628605294348,7.617272727272727,上升,11.66,11.84,0.17999999999999972,1.5437392795883338,0.010181818181818127,上升,11.486486486486482,20260115,20260210,13.2,海南矿业
301551.SZ,平衡型,6.0000000000000036,5.200000000000003,-0.8000000000000007,-13.333333333333336,-0.09403508771929828,下降,13.000000000000005,42.36,99.48,57.120000000000005,134.8441926345609,0.7414210526315789,上升,34.94,37.33,2.3900000000000006,6.840297653119635,0.12850877192982454,上升,7.152424323600326,20260115,20260210,40.0,无线传媒
688314.SH,平衡型,10.5,9.100000000000001,-1.3999999999999986,-13.33333333333332,-0.05894736842105257,下降,21.66666666666667,42.35,77.2,34.85,82.29043683589138,1.7298596491228069,上升,38.52,38.34,-0.17999999999999972,-0.4672897196261674,-0.015017543859649188,下降,9.546165884194044,20260115,20260210,42.0,康拓医疗
002235.SZ,平衡型,1.5999999999999996,1.3999999999999986,-0.20000000000000107,-12.50000000000007,-0.02684210526315784,下降,12.499999999999988,36.59,61.77,25.18,68.81661656190215,2.1578771929824563,上升,11.21,10.48,-0.7300000000000004,-6.51204281891169,-0.0437543859649123,下降,6.8702290076335775,20260115,20260210,11.2,安妮股份
605033.SH,平衡型,4.800000000000001,4.199999999999999,-0.6000000000000014,-12.500000000000028,-0.037192982456140486,下降,18.103448275862068,49.15,82.45,33.300000000000004,67.75178026449645,0.9538070175438599,上升,20.68,20.76,0.08000000000000185,0.38684719535784257,0.003631578947368434,上升,11.753371868978792,20260115,20260210,23.2,美邦股份
603029.SH,平衡型,2.400000000000002,2.1000000000000014,-0.3000000000000007,-12.50000000000002,-0.022105263157894784,下降,10.447761194029857,67.6,97.32,29.72,43.96449704142012,0.5861754385964912,上升,18.63,19.27,0.6400000000000006,3.435319377348366,0.03794736842105267,上升,4.3072132848988165,20260115,20260210,20.1,天鹅股份
603959.SH,平衡型,1.5999999999999996,1.3999999999999995,-0.20000000000000018,-12.500000000000014,-0.04035087719298246,下降,19.71830985915492,15.68,80.87,65.19,415.75255102040813,2.0370526315789474,上升,6.07,6.5,0.4299999999999997,7.084019769357491,0.008561403508771931,上升,9.230769230769226,20260115,20260210,7.1,百利科技
300781.SZ,平衡型,8.399999999999999,7.399999999999999,-1.0,-11.904761904761907,-0.11052631578947363,下降,13.754646840148697,10.52,58.45,47.93000000000001,455.6083650190115,1.2661929824561402,上升,47.96,49.94,1.9799999999999969,4.1284403669724705,0.43163157894736837,上升,7.729275130156187,20260115,20260210,53.8,因赛集团
688606.SH,平衡型,13.600000000000009,11.999999999999993,-1.6000000000000156,-11.764705882353049,-0.09543859649122909,下降,16.30434782608695,42.59,68.9,26.310000000000002,61.77506456914769,0.8267017543859649,上升,66.75,67.38,0.6299999999999955,0.9438202247190943,0.04392982456140351,上升,9.23122588305135,20260115,20260210,73.6,奥泰生物
600640.SH,平衡型,3.4000000000000004,3.0,-0.40000000000000036,-11.764705882352951,-0.03333333333333337,下降,19.480519480519483,72.16,89.39,17.230000000000004,23.877494456762758,1.2975438596491233,上升,14.05,14.31,0.2599999999999998,1.85053380782918,0.013157894736842101,上升,7.617051013277427,20260115,20260210,15.4,国脉文化
300877.SZ,平衡型,5.800000000000004,5.199999999999999,-0.600000000000005,-10.344827586206975,-0.03894736842105277,下降,16.049382716049383,31.5,98.2,66.7,211.74603174603175,2.0832631578947374,上升,29.96,30.12,0.16000000000000014,0.5340453938584784,-0.018280701754385998,下降,7.56972111553784,20260115,20260210,32.4,金春股份
600353.SH,平衡型,3.0,2.700000000000003,-0.29999999999999716,-9.999999999999904,-0.03491228070175427,下降,14.136125654450277,71.7,96.22,24.519999999999996,34.19804741980473,1.9702456140350868,上升,17.2,17.81,0.6099999999999994,3.5465116279069737,0.025859649122807048,上升,7.243121841662004,20260115,20260210,19.1,旭光电子
603298.SH,平衡型,6.599999999999998,6.0,-0.5999999999999979,-9.090909090909062,-0.045789473684210366,下降,20.408163265306122,49.4,89.91,40.51,82.00404858299595,1.867894736842105,上升,26.59,26.77,0.17999999999999972,0.6769462203836017,0.011508771929824472,上升,9.824430332461707,20260115,20260210,29.4,杭叉集团
300908.SZ,平衡型,4.399999999999999,4.0,-0.3999999999999986,-9.090909090909062,-0.02105263157894729,下降,12.658227848101264,57.05,72.23,15.180000000000007,26.608238387379508,0.35610526315789465,上升,29.18,29.15,-0.030000000000001137,-0.1028101439342054,-0.0021754385964912687,下降,8.404802744425396,20260115,20260210,31.6,仲景食品
605318.SH,平衡型,18.400000000000006,16.799999999999997,-1.6000000000000085,-8.695652173913087,-0.09543859649122867,下降,23.999999999999996,19.8,94.59,74.79,377.72727272727275,0.32596491228070174,上升,62.18,63.41,1.2299999999999969,1.9781280154390428,0.05763157894736827,上升,10.392682542185781,20260115,20260210,70.0,法狮龙
000999.SZ,平衡型,5.199999999999996,4.799999999999997,-0.3999999999999986,-7.692307692307672,-0.02456140350877184,下降,14.814814814814806,33.98,64.31,30.330000000000005,89.25838728663923,0.8876491228070178,上升,29.39,29.18,-0.21000000000000085,-0.7145287512759471,-0.014245614035087752,下降,11.034955448937625,20260115,20260210,32.4,华润三九
002400.SZ,平衡型,1.3999999999999986,1.3000000000000007,-0.09999999999999787,-7.1428571428569985,-0.05350877192982458,下降,10.483870967741941,24.41,79.9,55.49000000000001,227.3248668578452,1.6697543859649122,上升,12.97,11.76,-1.2100000000000009,-9.329221279876645,0.004824561403508741,上升,5.442176870748304,20260115,20260210,12.4,省广集团
