代码,名称,最新价,涨跌幅,今日主力净流入-净额,今日主力净流入-净占比,今日小单净流入-净占比,筛选维度,入选理由
002187,广百股份,8.97,10.0613,242330900.00000003,53.82743744643834,-27.698603942515852,A:机构锁仓,"中盘锁仓(市值62.9亿): 主力53.82743744643834%, 小单-27.698603942515852%"
002272,川润股份,17.88,10.0308,461835800.0,46.71716741551442,-21.820304006173945,A:机构锁仓,"中盘锁仓(市值69.1亿): 主力46.71716741551442%, 小单-21.820304006173945%"
001266,宏英智能,32.54,10.0068,47999399.99999999,45.14846623804873,-17.484526463093136,A:机构锁仓,"小盘锁仓(市值18.8亿): 主力45.14846623804873%, 小单-17.484526463093136%"
600178,东安动力,13.16,10.0334,117031399.99999997,33.8637723236103,-16.72762955303831,A:机构锁仓,"中盘锁仓(市值61.4亿): 主力33.8637723236103%, 小单-16.72762955303831%"
603332,苏州龙杰,13.79,9.9681,45419700.000000015,33.00368954911432,-16.86105837413189,A:机构锁仓,"小盘锁仓(市值29.8亿): 主力33.00368954911432%, 小单-16.86105837413189%"
002146,荣盛发展,1.73,10.1911,235531400.0,32.10680514091877,-18.49176313282256,A:机构锁仓,"中盘锁仓(市值67.7亿): 主力32.10680514091877%, 小单-18.49176313282256%"
603017,中衡设计,11.62,10.0379,62524700.000000015,32.036777751718404,-14.9062295540393,A:机构锁仓,"小盘锁仓(市值32.1亿): 主力32.036777751718404%, 小单-14.9062295540393%"
002177,御银股份,7.77,10.0567,421721099.99999994,30.71228791275873,-17.647080795581374,A:机构锁仓,"中盘锁仓(市值52.4亿): 主力30.71228791275873%, 小单-17.647080795581374%"
002261,拓维信息,33.77,10.0,1662885999.9999998,28.306658904356762,-14.391278295832524,A:机构锁仓,"中盘锁仓(市值386.9亿): 主力28.306658904356762%, 小单-14.391278295832524%"
000917,电广传媒,11.5,10.0478,195899200.00000003,28.23089941424637,-12.081433199182165,A:机构锁仓,"中盘锁仓(市值163.0亿): 主力28.23089941424637%, 小单-12.081433199182165%"
002591,恒大高新,8.2,10.0671,34381000.0,25.23004853061954,-9.723192956022302,A:机构锁仓,"小盘锁仓(市值18.3亿): 主力25.23004853061954%, 小单-9.723192956022302%"
002072,凯瑞德,7.72,9.9715,20376600.000000004,24.621142986956222,-11.570122330104104,A:机构锁仓,"小盘锁仓(市值22.9亿): 主力24.621142986956222%, 小单-11.570122330104104%"
002674,兴业科技,14.96,7.8587,68384499.99999999,24.153044614282518,-10.658109954653082,A:机构锁仓,"小盘锁仓(市值43.8亿): 主力24.153044614282518%, 小单-10.658109954653082%"
603116,红蜻蜓,6.3,9.9476,32196099.999999996,23.910263387784315,-13.248633119706883,A:机构锁仓,"小盘锁仓(市值36.3亿): 主力23.910263387784315%, 小单-13.248633119706883%"
002866,传艺科技,18.85,4.9555,151306300.0,22.793396571503706,-13.720330311825085,A:机构锁仓,"小盘锁仓(市值34.2亿): 主力22.793396571503706%, 小单-13.720330311825085%"
002413,雷科防务,10.37,9.9682,1018815399.9999998,22.687870527932784,-11.144444020949868,A:机构锁仓,"中盘锁仓(市值134.1亿): 主力22.687870527932784%, 小单-11.144444020949868%"
300582,英飞特,17.76,20.0,178748500.00000006,22.43321324742924,-9.328693129501149,A:机构锁仓,"小盘锁仓(市值39.3亿): 主力22.43321324742924%, 小单-9.328693129501149%"
000420,吉林化纤,4.65,9.9291,255426399.9999999,22.069963222220395,-9.065246569673638,A:机构锁仓,"中盘锁仓(市值114.3亿): 主力22.069963222220395%, 小单-9.065246569673638%"
001229,魅视科技,42.75,10.0103,43048499.999999985,21.634733173634448,-10.7249194825676,A:机构锁仓,"小盘锁仓(市值22.5亿): 主力21.634733173634448%, 小单-10.7249194825676%"
002767,先锋电子,22.65,6.1885,58816299.999999985,21.061919776675456,-10.674216451682568,A:机构锁仓,"小盘锁仓(市值29.5亿): 主力21.061919776675456%, 小单-10.674216451682568%"
600477,杭萧钢构,2.96,10.0372,87604699.99999997,20.59478512019246,-10.915849457442448,A:机构锁仓,"中盘锁仓(市值70.1亿): 主力20.59478512019246%, 小单-10.915849457442448%"
002465,海格通信,15.35,10.0358,674697800.0000001,20.450495458196887,-7.5422746173175,A:机构锁仓,"中盘锁仓(市值380.4亿): 主力20.450495458196887%, 小单-7.5422746173175%"
301237,和顺科技,58.34,19.9918,60841800.0,19.617602271194563,-5.431438751948044,A:机构锁仓,"小盘锁仓(市值38.4亿): 主力19.617602271194563%, 小单-5.431438751948044%"
003037,三和管桩,8.07,0.875,19989500.0,19.45235208660937,-9.382418401813162,A:机构锁仓,"小盘锁仓(市值48.3亿): 主力19.45235208660937%, 小单-9.382418401813162%"
301088,戎美股份,17.65,1.9642,23190299.999999996,19.31720261436754,-22.188839647643125,A:机构锁仓,"小盘锁仓(市值33.2亿): 主力19.31720261436754%, 小单-22.188839647643125%"
600828,茂业商业,6.3,9.9476,112824900.0,19.21176162372419,-11.01079693446251,A:机构锁仓,"中盘锁仓(市值109.1亿): 主力19.21176162372419%, 小单-11.01079693446251%"
603936,博敏电子,12.95,10.0255,245834200.00000003,18.894193104269963,-8.005988364656169,A:机构锁仓,"中盘锁仓(市值81.6亿): 主力18.894193104269963%, 小单-8.005988364656169%"
603458,勘设股份,9.49,9.9652,54219300.000000015,18.303603502127487,-6.477371744687242,A:机构锁仓,"小盘锁仓(市值29.1亿): 主力18.303603502127487%, 小单-6.477371744687242%"
300857,协创数据,148.75,1.8836,396271000.00000006,17.875260378502027,-13.179379483123288,A:机构锁仓,"大盘锁仓(市值513.4亿): 主力17.875260378502027%, 小单-13.179379483123288%"
003041,真爱美家,46.55,3.5595,101485800.0,17.731282463018957,-18.337235550428648,A:机构锁仓,"中盘锁仓(市值63.7亿): 主力17.731282463018957%, 小单-18.337235550428648%"
002875,安奈儿,17.17,3.5585,39988500.0,17.375318764764632,-8.575100113442186,A:机构锁仓,"小盘锁仓(市值31.3亿): 主力17.375318764764632%, 小单-8.575100113442186%"
002562,兄弟科技,6.58,4.2789,87530600.00000001,16.73388468935562,-17.3419057341791,A:机构锁仓,"小盘锁仓(市值46.2亿): 主力16.73388468935562%, 小单-17.3419057341791%"
300337,银邦股份,15.62,14.1813,449836300.0,16.623855230981498,-13.651632993238033,A:机构锁仓,"中盘锁仓(市值111.1亿): 主力16.623855230981498%, 小单-13.651632993238033%"
002627,三峡旅游,7.44,1.3624,25547100.0,16.577299472255785,-19.24703432351883,A:机构锁仓,"中盘锁仓(市值53.4亿): 主力16.577299472255785%, 小单-19.24703432351883%"
000948,南天信息,18.0,2.8571,39212400.0,16.346911643947053,-11.195260754655909,"A:机构锁仓,B:低位起爆","涨幅2.8571%, 主力流入3921万, 昨日流出-1312万 | 中盘锁仓(市值70.0亿): 主力16.346911643947053%, 小单-11.195260754655909%"
001326,,45.76,-1.2729,37083300.0,16.316176044091854,-26.397161973667504,A:机构锁仓,"小盘锁仓(市值11.0亿): 主力16.316176044091854%, 小单-26.397161973667504%"
601700,风范股份,6.16,10.0,78375000.00000001,16.040841384138673,-12.067501948156346,A:机构锁仓,"中盘锁仓(市值70.4亿): 主力16.040841384138673%, 小单-12.067501948156346%"
000700,模塑科技,12.63,10.0174,229190399.99999997,16.00973290590576,-6.808975929837137,A:机构锁仓,"中盘锁仓(市值115.9亿): 主力16.00973290590576%, 小单-6.808975929837137%"
301248,杰创智能,31.43,0.8665,48140899.99999999,15.592739762232977,-18.76311786776671,A:机构锁仓,"小盘锁仓(市值35.3亿): 主力15.592739762232977%, 小单-18.76311786776671%"
002015,协鑫能科,10.43,1.7561,62042799.999999985,15.528914757031117,-12.029009516930458,"A:机构锁仓,B:低位起爆","涨幅1.7561%, 主力流入6204万, 昨日流出-2050万 | 中盘锁仓(市值169.3亿): 主力15.528914757031117%, 小单-12.029009516930458%"
002169,智光电气,11.72,10.0469,140341800.00000003,15.504368022920879,-5.721330078478607,A:机构锁仓,"中盘锁仓(市值88.9亿): 主力15.504368022920879%, 小单-5.721330078478607%"
000659,珠海中富,3.88,9.915,59070699.99999998,15.159779085601546,-15.426733806044052,A:机构锁仓,"小盘锁仓(市值49.9亿): 主力15.159779085601546%, 小单-15.426733806044052%"
000652,泰达股份,4.31,2.619,21355100.000000004,15.143010402756243,-14.473969737294572,"A:机构锁仓,B:低位起爆","涨幅2.619%, 主力流入2136万, 昨日流出-1306万 | 中盘锁仓(市值63.5亿): 主力15.143010402756243%, 小单-14.473969737294572%"
300848,美瑞新材,16.01,8.1026,45864900.00000001,15.08190498492262,-18.947767541567153,A:机构锁仓,"小盘锁仓(市值40.5亿): 主力15.08190498492262%, 小单-18.947767541567153%"
300622,博士眼镜,31.0,2.108,63114500.00000001,14.87106915344863,-11.497360789019872,A:机构锁仓,"小盘锁仓(市值48.3亿): 主力14.87106915344863%, 小单-11.497360789019872%"
300682,朗新科技,15.69,1.2258,50259800.000000015,14.842370576988825,-17.356517507680834,"A:机构锁仓,B:低位起爆","涨幅1.2258%, 主力流入5026万, 昨日流出-2215万 | 中盘锁仓(市值161.9亿): 主力14.842370576988825%, 小单-17.356517507680834%"
600058,五矿发展,11.52,10.0287,106854900.00000001,14.730786352554645,-7.195021557251851,A:机构锁仓,"中盘锁仓(市值123.5亿): 主力14.730786352554645%, 小单-7.195021557251851%"
301586,,49.4,4.3735,16463399.999999996,14.553889396858526,-7.944375878782546,A:机构锁仓,"小盘锁仓(市值26.1亿): 主力14.553889396858526%, 小单-7.944375878782546%"
301261,恒工精密,86.72,6.6142,64690500.0,14.522382717069481,-5.049525218847574,A:机构锁仓,"小盘锁仓(市值32.5亿): 主力14.522382717069481%, 小单-5.049525218847574%"
001217,华尔泰,15.3,9.9928,76277300.0,14.435419994164839,-4.643665035637354,A:机构锁仓,"中盘锁仓(市值50.3亿): 主力14.435419994164839%, 小单-4.643665035637354%"
000987,越秀资本,8.4,9.9476,250422300.00000015,14.377387476547046,-6.479875295767306,A:机构锁仓,"中盘锁仓(市值421.2亿): 主力14.377387476547046%, 小单-6.479875295767306%"
688212,澳华内镜,43.4,-1.9209,16990800.000000004,14.308551911436949,-17.6473656084538,A:机构锁仓,"中盘锁仓(市值58.4亿): 主力14.308551911436949%, 小单-17.6473656084538%"
300179,四方达,15.63,3.0323,106446999.99999999,14.190072236368554,-12.644597178686185,A:机构锁仓,"中盘锁仓(市值58.5亿): 主力14.190072236368554%, 小单-12.644597178686185%"
002471,中超控股,6.89,10.0639,32574799.999999996,14.096103788325944,-7.2493580413175,A:机构锁仓,"中盘锁仓(市值92.5亿): 主力14.096103788325944%, 小单-7.2493580413175%"
300812,易天股份,29.18,0.0686,48635500.0,14.078272089754881,-23.003286692030873,A:机构锁仓,"小盘锁仓(市值27.1亿): 主力14.078272089754881%, 小单-23.003286692030873%"
003027,同兴科技,23.15,3.118,58276800.00000002,14.072220602293307,-16.593986063264555,A:机构锁仓,"小盘锁仓(市值24.3亿): 主力14.072220602293307%, 小单-16.593986063264555%"
300348,长亮科技,14.85,3.6288,96393300.0,13.649704227450329,-12.141151308873036,A:机构锁仓,"中盘锁仓(市值105.3亿): 主力13.649704227450329%, 小单-12.141151308873036%"
301053,远信工业,35.12,5.4655,13339799.999999996,13.027374889915075,-4.226245339030305,A:机构锁仓,"小盘锁仓(市值27.2亿): 主力13.027374889915075%, 小单-4.226245339030305%"
301633,,70.16,3.0855,10215200.000000002,13.01821119695132,-9.10810903600625,A:机构锁仓,"小盘锁仓(市值17.9亿): 主力13.01821119695132%, 小单-9.10810903600625%"
603353,和顺石油,27.3,9.9919,28506099.999999996,12.986155770574145,-6.8560429913592795,A:机构锁仓,"小盘锁仓(市值46.5亿): 主力12.986155770574145%, 小单-6.8560429913592795%"
301188,力诺药包,17.81,1.5973,12465100.000000002,12.969347045903495,-4.0745168483576295,A:机构锁仓,"小盘锁仓(市值42.6亿): 主力12.969347045903495%, 小单-4.0745168483576295%"
301373,凌玮科技,33.4,2.706,11792700.0,12.880514866707363,-9.004575085656564,"A:机构锁仓,B:低位起爆","涨幅2.706%, 主力流入1179万, 昨日流出-555万 | 小盘锁仓(市值12.8亿): 主力12.880514866707363%, 小单-9.004575085656564%"
002017,东信和平,22.21,3.5431,126031500.00000003,12.480819151242546,-11.483375602168342,A:机构锁仓,"中盘锁仓(市值128.8亿): 主力12.480819151242546%, 小单-11.483375602168342%"
300221,银禧科技,10.41,4.4132,74285400.0,12.403273852259629,-9.145914677289205,A:机构锁仓,"小盘锁仓(市值47.5亿): 主力12.403273852259629%, 小单-9.145914677289205%"
000159,国际实业,5.84,0.5164,11236399.999999998,12.26953375968263,-7.348136456730654,A:机构锁仓,"小盘锁仓(市值28.1亿): 主力12.26953375968263%, 小单-7.348136456730654%"
300229,拓尔思,19.2,1.9649,53148899.99999999,12.0453557211188,-10.19765283125396,A:机构锁仓,"中盘锁仓(市值167.6亿): 主力12.0453557211188%, 小单-10.19765283125396%"
300609,汇纳科技,39.83,5.1201,40176599.99999999,12.006469805519698,-7.345395692636295,A:机构锁仓,"小盘锁仓(市值47.8亿): 主力12.006469805519698%, 小单-7.345395692636295%"
002850,科达利,158.83,3.8105,154566200.00000006,11.963539063159574,-6.073768057327792,A:机构锁仓,"中盘锁仓(市值313.1亿): 主力11.963539063159574%, 小单-6.073768057327792%"
002965,祥鑫科技,40.81,7.0005,101087799.99999999,11.961521967291345,-4.416783685709821,A:机构锁仓,"中盘锁仓(市值81.4亿): 主力11.961521967291345%, 小单-4.416783685709821%"
605069,正和生态,13.5,10.0244,22143899.999999993,11.774113630790838,-6.609995123376619,A:机构锁仓,"小盘锁仓(市值11.4亿): 主力11.774113630790838%, 小单-6.609995123376619%"
300559,佳发教育,12.65,3.3497,18500900.000000007,11.573117441429071,-12.816510224392516,A:机构锁仓,"小盘锁仓(市值39.4亿): 主力11.573117441429071%, 小单-12.816510224392516%"
300100,双林股份,39.06,3.1696,109276300.00000001,11.536732780950478,-11.09703831210314,A:机构锁仓,"中盘锁仓(市值215.5亿): 主力11.536732780950478%, 小单-11.09703831210314%"
300773,拉卡拉,26.59,12.5741,370721400.00000006,11.520093284062998,-7.493737689815169,A:机构锁仓,"中盘锁仓(市值195.3亿): 主力11.520093284062998%, 小单-7.493737689815169%"
605168,三人行,37.38,10.0059,48079999.999999985,11.449409244535921,-4.1309078017031835,A:机构锁仓,"中盘锁仓(市值78.8亿): 主力11.449409244535921%, 小单-4.1309078017031835%"
301236,软通动力,48.26,3.4069,175857600.00000006,11.405145561372743,-8.792815342505097,A:机构锁仓,"中盘锁仓(市值377.9亿): 主力11.405145561372743%, 小单-8.792815342505097%"
300466,赛摩智能,9.98,1.4228,10976500.000000004,11.336629461060264,-7.576997650906614,A:机构锁仓,"小盘锁仓(市值44.8亿): 主力11.336629461060264%, 小单-7.576997650906614%"
002202,金风科技,21.66,10.0051,527287299.9999998,11.290253841696298,-4.2507983765128365,A:机构锁仓,"大盘锁仓(市值726.1亿): 主力11.290253841696298%, 小单-4.2507983765128365%"
603192,汇得科技,26.11,9.9832,30165600.000000015,11.264536410251301,-6.675911506083374,A:机构锁仓,"小盘锁仓(市值36.4亿): 主力11.264536410251301%, 小单-6.675911506083374%"
300047,天源迪科,12.4,1.5561,35171299.99999999,11.137516637059921,-10.752388770475738,"A:机构锁仓,B:低位起爆","涨幅1.5561%, 主力流入3517万, 昨日流出-882万 | 中盘锁仓(市值67.8亿): 主力11.137516637059921%, 小单-10.752388770475738%"
301234,五洲医疗,42.53,3.9853,11597199.999999993,11.013251523103943,-12.713595300232702,A:机构锁仓,"小盘锁仓(市值28.9亿): 主力11.013251523103943%, 小单-12.713595300232702%"
001319,铭科精技,26.88,3.9041,16433100.0,10.97606273078571,-14.509314170841654,A:机构锁仓,"小盘锁仓(市值22.0亿): 主力10.97606273078571%, 小单-14.509314170841654%"
002099,海翔药业,6.17,3.3501,35375400.0,10.961257584202027,-13.828287332985207,A:机构锁仓,"中盘锁仓(市值99.7亿): 主力10.961257584202027%, 小单-13.828287332985207%"
300141,和顺电气,13.07,1.7121,28237799.999999996,10.903802967047046,-8.417202396655721,A:机构锁仓,"小盘锁仓(市值33.3亿): 主力10.903802967047046%, 小单-8.417202396655721%"
301260,格力博,17.49,6.1931,19463400.0,10.903532576156456,-16.0910492307599,A:机构锁仓,"小盘锁仓(市值35.8亿): 主力10.903532576156456%, 小单-16.0910492307599%"
300673,佩蒂股份,18.39,0.9885,10028900.000000002,10.865793522273481,-2.6778505389076686,B:低位起爆,"涨幅0.9885%, 主力流入1003万, 昨日流出-1683万"
600713,南京医药,5.45,-1.4467,15813200.000000002,10.607808040882444,-5.9968608986335905,A:机构锁仓,"中盘锁仓(市值70.1亿): 主力10.607808040882444%, 小单-5.9968608986335905%"
001236,弘业期货,10.83,1.9774,21085200.0,10.428821195745673,-10.320107268496939,"A:机构锁仓,B:低位起爆","涨幅1.9774%, 主力流入2109万, 昨日流出-636万 | 中盘锁仓(市值82.1亿): 主力10.428821195745673%, 小单-10.320107268496939%"
300129,泰胜风能,10.7,4.5943,155681100.0,10.403645613214369,-7.592429087221342,A:机构锁仓,"中盘锁仓(市值76.9亿): 主力10.403645613214369%, 小单-7.592429087221342%"
002706,良信股份,10.88,4.0153,60248399.99999998,10.314131243504168,-4.51906188524968,A:机构锁仓,"中盘锁仓(市值99.6亿): 主力10.314131243504168%, 小单-4.51906188524968%"
003021,兆威机电,121.88,4.6001,149418000.00000006,10.299878219784379,-7.505852373047259,A:机构锁仓,"中盘锁仓(市值252.7亿): 主力10.299878219784379%, 小单-7.505852373047259%"
300130,新国都,27.07,4.3965,127709900.00000006,10.298678489895378,-12.867987489170737,A:机构锁仓,"中盘锁仓(市值117.5亿): 主力10.298678489895378%, 小单-12.867987489170737%"
002716,湖南白银,7.28,7.2165,372527399.9999998,10.290188347559976,-4.674440385098754,A:机构锁仓,"中盘锁仓(市值169.2亿): 主力10.290188347559976%, 小单-4.674440385098754%"
002173,创新医疗,22.34,3.7622,148230600.00000003,10.160304513491827,-7.5492203242950415,A:机构锁仓,"中盘锁仓(市值93.0亿): 主力10.160304513491827%, 小单-7.5492203242950415%"
002296,辉煌科技,11.44,3.3424,34404200.00000002,10.141754574774634,-7.218338001537789,A:机构锁仓,"小盘锁仓(市值39.7亿): 主力10.141754574774634%, 小单-7.218338001537789%"
000048,京基智农,16.27,10.0068,68318400.00000006,10.138049184656948,-5.462476775169396,A:机构锁仓,"中盘锁仓(市值85.6亿): 主力10.138049184656948%, 小单-5.462476775169396%"
002935,天奥电子,22.06,2.3191,81223800.00000001,10.08110734023239,-11.907958816534657,"A:机构锁仓,B:低位起爆","中盘锁仓(市值91.6亿): 主力10.08110734023239%, 小单-11.907958816534657% | 涨幅2.3191%, 主力流入8122万, 昨日流出-1857万"
000997,新大陆,27.16,2.4519,60231899.99999999,10.028005439359543,-9.91277775162961,A:机构锁仓,"中盘锁仓(市值273.6亿): 主力10.028005439359543%, 小单-9.91277775162961%"
002094,青岛金王,7.33,1.3831,23419000.0,9.970377773054159,-9.63881236848289,"A:机构锁仓,B:低位起爆","涨幅1.3831%, 主力流入2342万, 昨日流出-1251万 | 中盘锁仓(市值50.6亿): 主力9.970377773054159%, 小单-9.63881236848289%"
301667,,90.8,10.8669,127817799.99999994,9.908938835320706,-5.179335343890753,A:机构锁仓,"小盘锁仓(市值20.4亿): 主力9.908938835320706%, 小单-5.179335343890753%"
301368,丰立智能,61.69,4.8615,38031500.00000001,9.897511111736627,-7.990487146744879,A:机构锁仓,"小盘锁仓(市值39.6亿): 主力9.897511111736627%, 小单-7.990487146744879%"
603898,好莱客,13.3,3.0209,20069300.0,9.873814400480068,-8.949126734955993,A:机构锁仓,"小盘锁仓(市值41.4亿): 主力9.873814400480068%, 小单-8.949126734955993%"
300692,中赋科技,8.71,5.3204,14113599.999999996,9.733988366416241,-7.992662706943983,A:机构锁仓,"小盘锁仓(市值35.8亿): 主力9.733988366416241%, 小单-7.992662706943983%"
300386,飞天诚信,17.04,3.9658,22952799.999999996,9.695148882509146,-13.578310967600423,A:机构锁仓,"小盘锁仓(市值42.7亿): 主力9.695148882509146%, 小单-13.578310967600423%"
601033,,14.93,-1.1258,8411200.0,9.652894261605002,-11.682122865534279,A:机构锁仓,"小盘锁仓(市值35.8亿): 主力9.652894261605002%, 小单-11.682122865534279%"
002683,广东宏大,45.06,2.5723,97038100.0,9.634636575529496,-4.0646472109408505,"A:机构锁仓,B:低位起爆","中盘锁仓(市值299.5亿): 主力9.634636575529496%, 小单-4.0646472109408505% | 涨幅2.5723%, 主力流入9704万, 昨日流出-3119万"
002560,通达股份,10.33,1.1753,115026799.99999999,9.589599692687422,-16.19716191890952,"A:机构锁仓,B:低位起爆","涨幅1.1753%, 主力流入11503万, 昨日流出-10886万 | 小盘锁仓(市值46.8亿): 主力9.589599692687422%, 小单-16.19716191890952%"
301563,,165.19,7.7631,73611100.00000001,9.552657288413387,-7.249204862497491,A:机构锁仓,"小盘锁仓(市值23.0亿): 主力9.552657288413387%, 小单-7.249204862497491%"
603667,五洲新春,57.84,10.0038,252320799.99999988,9.414961719501571,-4.666047995344307,A:机构锁仓,"中盘锁仓(市值211.8亿): 主力9.414961719501571%, 小单-4.666047995344307%"
300720,海川智能,33.03,1.8816,24269900.000000007,9.39857667554252,-11.065814371668715,A:机构锁仓,"中盘锁仓(市值57.7亿): 主力9.39857667554252%, 小单-11.065814371668715%"
002510,天汽模,7.54,3.7139,76779700.0,9.351099701355423,-5.906999983269527,A:机构锁仓,"中盘锁仓(市值75.8亿): 主力9.351099701355423%, 小单-5.906999983269527%"
002348,高乐股份,5.85,0.8621,23600900.0,9.335569206555611,-15.035824434449049,A:机构锁仓,"中盘锁仓(市值52.9亿): 主力9.335569206555611%, 小单-15.035824434449049%"
000725,京东方Ａ,4.13,2.2277,353447799.9999998,9.276654719714175,-4.81553107142531,"A:机构锁仓,B:低位起爆","涨幅2.2277%, 主力流入35345万, 昨日流出-4371万 | 大盘锁仓(市值1516.0亿): 主力9.276654719714175%, 小单-4.81553107142531%"
301285,鸿日达,68.79,1.4901,15285400.00000001,9.269273448848608,-12.410495560473798,A:机构锁仓,"中盘锁仓(市值54.0亿): 主力9.269273448848608%, 小单-12.410495560473798%"
688383,新益昌,74.3,-5.5428,17438299.999999996,9.224895144005735,-6.481543800853062,A:机构锁仓,"中盘锁仓(市值75.9亿): 主力9.224895144005735%, 小单-6.481543800853062%"
301221,光庭信息,53.08,1.9201,22509999.999999993,9.217847272383707,-12.048844320281106,"A:机构锁仓,B:低位起爆","涨幅1.9201%, 主力流入2251万, 昨日流出-559万 | 小盘锁仓(市值33.3亿): 主力9.217847272383707%, 小单-12.048844320281106%"
002052,同洲电子,13.3,7.9545,83997000.00000007,9.1976779974237,-5.535141310134526,A:机构锁仓,"中盘锁仓(市值91.7亿): 主力9.1976779974237%, 小单-5.535141310134526%"
002319,乐通股份,12.28,2.1631,9109200.000000004,9.18198763602808,-8.037817548023037,"A:机构锁仓,B:低位起爆","小盘锁仓(市值24.6亿): 主力9.18198763602808%, 小单-8.037817548023037% | 涨幅2.1631%, 主力流入911万, 昨日流出-1264万"
688449,,46.63,-0.6816,35607099.99999999,9.168208408057998,-8.268564230976617,A:机构锁仓,"中盘锁仓(市值136.7亿): 主力9.168208408057998%, 小单-8.268564230976617%"
000973,佛塑科技,15.25,7.2433,228007100.0,9.045821877123613,-7.599293208149635,A:机构锁仓,"中盘锁仓(市值147.5亿): 主力9.045821877123613%, 小单-7.599293208149635%"
603273,,20.76,0.8256,9074899.999999998,9.03933509763177,-6.067029515054202,A:机构锁仓,"小盘锁仓(市值11.6亿): 主力9.03933509763177%, 小单-6.067029515054202%"
002892,科力尔,13.28,1.5291,18305700.000000007,8.978118926820494,-5.540275816884884,A:机构锁仓,"中盘锁仓(市值64.2亿): 主力8.978118926820494%, 小单-5.540275816884884%"
301282,金禄电子,29.72,2.6952,34886000.000000015,8.948366940347348,-12.296758330569624,A:机构锁仓,"小盘锁仓(市值23.7亿): 主力8.948366940347348%, 小单-12.296758330569624%"
603123,翠微股份,16.03,10.0206,211130400.00000006,8.920213263698079,-3.4740305319406266,A:机构锁仓,"中盘锁仓(市值104.6亿): 主力8.920213263698079%, 小单-3.4740305319406266%"
300872,天阳科技,20.48,3.2258,52936899.99999997,8.911982882361176,-10.659769849261345,A:机构锁仓,"中盘锁仓(市值86.4亿): 主力8.911982882361176%, 小单-10.659769849261345%"
002843,泰嘉股份,20.73,3.0318,59908699.99999999,8.901665935159501,-12.677459827834836,A:机构锁仓,"中盘锁仓(市值52.0亿): 主力8.901665935159501%, 小单-12.677459827834836%"
301316,慧博云通,44.3,-0.4494,65425600.00000003,8.873247896468898,-10.755986681035958,"A:机构锁仓,B:低位起爆","中盘锁仓(市值177.2亿): 主力8.873247896468898%, 小单-10.755986681035958% | 涨幅-0.4494%, 主力流入6543万, 昨日流出-4411万"
301158,德石股份,22.49,1.6727,15225100.000000004,8.849688896388908,-9.555857462784061,A:机构锁仓,"小盘锁仓(市值33.0亿): 主力8.849688896388908%, 小单-9.555857462784061%"
301021,英诺激光,49.99,15.264,72727400.0,8.788933424353186,-7.99861413879389,A:机构锁仓,"中盘锁仓(市值76.0亿): 主力8.788933424353186%, 小单-7.99861413879389%"
000850,华茂股份,5.56,-1.94,21295900.000000007,8.753813168604346,-11.838502717351172,"A:机构锁仓,B:低位起爆","涨幅-1.94%, 主力流入2130万, 昨日流出-700万 | 中盘锁仓(市值52.5亿): 主力8.753813168604346%, 小单-11.838502717351172%"
300424,航新科技,18.45,0.4902,28374499.99999999,8.745590445680767,-6.175528193578901,A:机构锁仓,"小盘锁仓(市值45.3亿): 主力8.745590445680767%, 小单-6.175528193578901%"
300680,隆盛科技,53.73,2.2844,93489599.99999999,8.743267609544466,-7.567115861778791,A:机构锁仓,"中盘锁仓(市值94.5亿): 主力8.743267609544466%, 小单-7.567115861778791%"
002987,京北方,20.8,1.9108,72775599.99999999,8.716941766489189,-9.847793186550009,A:机构锁仓,"中盘锁仓(市值175.5亿): 主力8.716941766489189%, 小单-9.847793186550009%"
300870,欧陆通,232.9,2.6805,133940899.99999994,8.695468653004262,-9.091851856003856,"A:机构锁仓,B:低位起爆","涨幅2.6805%, 主力流入13394万, 昨日流出-13666万 | 中盘锁仓(市值255.9亿): 主力8.695468653004262%, 小单-9.091851856003856%"
002530,金财互联,10.5,1.7442,31841999.99999998,8.689475691658394,-6.8946276742095485,A:机构锁仓,"中盘锁仓(市值73.0亿): 主力8.689475691658394%, 小单-6.8946276742095485%"
002902,铭普光磁,23.52,-0.5497,21837200.000000004,8.682875134981547,-5.3146884177781,"A:机构锁仓,B:低位起爆","涨幅-0.5497%, 主力流入2184万, 昨日流出-1448万 | 小盘锁仓(市值41.8亿): 主力8.682875134981547%, 小单-5.3146884177781%"
002979,雷赛智能,41.62,3.5323,32048200.000000007,8.634952737373675,-5.4650330864977645,A:机构锁仓,"中盘锁仓(市值92.0亿): 主力8.634952737373675%, 小单-5.4650330864977645%"
001267,汇绿生态,21.48,0.0932,68628600.0,8.618173092270517,-15.60140910644959,A:机构锁仓,"中盘锁仓(市值130.2亿): 主力8.618173092270517%, 小单-15.60140910644959%"
300674,宇信科技,23.13,2.2999,41078799.99999999,8.612537754019522,-8.066439107323548,A:机构锁仓,"中盘锁仓(市值162.6亿): 主力8.612537754019522%, 小单-8.066439107323548%"
605155,西大门,17.2,3.9903,22531200.0,8.569490408181618,-6.909197282256891,A:机构锁仓,"小盘锁仓(市值32.7亿): 主力8.569490408181618%, 小单-6.909197282256891%"
601366,利群股份,5.11,-2.6667,29285300.000000004,8.536005670449683,-6.072962603913438,A:机构锁仓,"小盘锁仓(市值46.7亿): 主力8.536005670449683%, 小单-6.072962603913438%"
300539,横河精密,40.87,5.3079,59080699.99999998,8.528326007699237,-7.494098292940232,A:机构锁仓,"中盘锁仓(市值70.5亿): 主力8.528326007699237%, 小单-7.494098292940232%"
600955,维远股份,16.82,8.0283,32634599.999999993,8.499601240493913,-7.473620252013051,A:机构锁仓,"中盘锁仓(市值92.5亿): 主力8.499601240493913%, 小单-7.473620252013051%"
002897,意华股份,51.77,5.245,92674400.0,8.451460914355227,-8.514039064086228,A:机构锁仓,"中盘锁仓(市值94.4亿): 主力8.451460914355227%, 小单-8.514039064086228%"
600312,平高电气,17.45,-3.0556,41930600.000000015,8.415156480606022,-10.595439542952075,"A:机构锁仓,B:低位起爆","涨幅-3.0556%, 主力流入4193万, 昨日流出-1074万 | 中盘锁仓(市值236.8亿): 主力8.415156480606022%, 小单-10.595439542952075%"
300644,南京聚隆,37.03,8.2116,43072400.000000015,8.386862089305161,-8.638239745467642,A:机构锁仓,"小盘锁仓(市值32.8亿): 主力8.386862089305161%, 小单-8.638239745467642%"
301589,,166.3,6.6026,27808099.999999996,8.371670360944949,-9.975341623840208,A:机构锁仓,"中盘锁仓(市值57.3亿): 主力8.371670360944949%, 小单-9.975341623840208%"
002452,长高电新,8.23,-0.4837,7934599.999999996,8.359701963234059,-7.673297377111638,A:机构锁仓,"小盘锁仓(市值42.5亿): 主力8.359701963234059%, 小单-7.673297377111638%"
301225,恒勃股份,139.09,19.9983,38044800.000000015,8.304238061634624,-5.495384891888983,A:机构锁仓,"小盘锁仓(市值41.6亿): 主力8.304238061634624%, 小单-5.495384891888983%"
002170,芭田股份,12.06,-1.6313,29604800.0,8.137249692777237,-7.150988027519466,"A:机构锁仓,B:低位起爆","涨幅-1.6313%, 主力流入2960万, 昨日流出-1923万 | 中盘锁仓(市值94.6亿): 主力8.137249692777237%, 小单-7.150988027519466%"
300918,南山智尚,17.69,3.0285,32198000.0,8.110434464623994,-9.732546546798018,A:机构锁仓,"中盘锁仓(市值89.5亿): 主力8.110434464623994%, 小单-9.732546546798018%"
003038,鑫铂股份,15.96,1.269,7257500.0,8.107928363025966,-8.134740664880962,A:机构锁仓,"小盘锁仓(市值26.4亿): 主力8.107928363025966%, 小单-8.134740664880962%"
688539,,51.29,0.8653,55409199.999999985,8.091992548161794,-8.304393989836584,A:机构锁仓,"中盘锁仓(市值53.7亿): 主力8.091992548161794%, 小单-8.304393989836584%"
002428,云南锗业,31.2,1.069,134283900.00000006,8.069361243625185,-6.3882510781974196,"A:机构锁仓,B:低位起爆","涨幅1.069%, 主力流入13428万, 昨日流出-22296万 | 中盘锁仓(市值203.7亿): 主力8.069361243625185%, 小单-6.3882510781974196%"
603205,,28.24,3.2541,5437100.0,8.053061843844716,-4.74806429030421,A:机构锁仓,"小盘锁仓(市值11.7亿): 主力8.053061843844716%, 小单-4.74806429030421%"
002384,东山精密,88.0,2.936,404616499.9999998,8.026571413116725,-5.226931774971799,A:机构锁仓,"大盘锁仓(市值1220.0亿): 主力8.026571413116725%, 小单-5.226931774971799%"
603086,先达股份,8.34,0.9685,6767400.000000001,7.958572709001177,-6.809251978956131,A:机构锁仓,"小盘锁仓(市值36.3亿): 主力7.958572709001177%, 小单-6.809251978956131%"
002148,北纬科技,8.66,0.9324,6605200.0,7.931902267752858,-5.477109889665841,A:机构锁仓,"小盘锁仓(市值38.9亿): 主力7.931902267752858%, 小单-5.477109889665841%"
600984,建设机械,4.05,-2.4096,12664600.000000002,7.925580770357992,-5.351641308512977,A:机构锁仓,"中盘锁仓(市值50.9亿): 主力7.925580770357992%, 小单-5.351641308512977%"
001205,盛航股份,17.29,0.0579,5210199.999999999,7.911724097884345,-9.246947121812351,A:机构锁仓,"小盘锁仓(市值27.6亿): 主力7.911724097884345%, 小单-9.246947121812351%"
002637,赞宇科技,10.39,1.6634,7576000.000000001,7.845504291483599,-5.816505273756063,A:机构锁仓,"小盘锁仓(市值46.0亿): 主力7.845504291483599%, 小单-5.816505273756063%"
301208,中亦科技,40.69,2.6488,28590699.999999996,7.80665696851859,-11.391023470812598,"A:机构锁仓,B:低位起爆","涨幅2.6488%, 主力流入2859万, 昨日流出-1685万 | 小盘锁仓(市值20.4亿): 主力7.80665696851859%, 小单-11.391023470812598%"
301632,,24.38,1.0361,4602599.999999999,7.73744088908518,-6.259752073740399,A:机构锁仓,"小盘锁仓(市值16.8亿): 主力7.73744088908518%, 小单-6.259752073740399%"
002836,新宏泽,15.78,6.6216,12413600.000000002,7.713683594735632,-11.295311879173402,A:机构锁仓,"小盘锁仓(市值36.4亿): 主力7.713683594735632%, 小单-11.295311879173402%"
603275,,42.86,1.8052,6824500.0,7.67929508335847,-7.313925149507419,A:机构锁仓,"小盘锁仓(市值17.8亿): 主力7.67929508335847%, 小单-7.313925149507419%"
300542,新晨科技,20.58,3.9394,39565300.00000001,7.659501664539479,-9.14397984905609,A:机构锁仓,"中盘锁仓(市值51.0亿): 主力7.659501664539479%, 小单-9.14397984905609%"
300778,新城市,14.06,9.0768,14795500.00000001,7.642150047055102,-5.964652787224691,A:机构锁仓,"小盘锁仓(市值28.6亿): 主力7.642150047055102%, 小单-5.964652787224691%"
605100,华丰股份,43.53,2.2791,16910400.0,7.637617488257948,-9.356695669957222,A:机构锁仓,"中盘锁仓(市值74.0亿): 主力7.637617488257948%, 小单-9.356695669957222%"
300719,安达维尔,18.18,3.2368,25300600.000000004,7.620527087852469,-6.194407878997189,A:机构锁仓,"小盘锁仓(市值32.7亿): 主力7.620527087852469%, 小单-6.194407878997189%"
002137,实益达,8.68,0.3468,10103799.999999998,7.617399863832512,-3.559003497416232,B:低位起爆,"涨幅0.3468%, 主力流入1010万, 昨日流出-773万"
688176,亚虹医药-U,11.57,4.6112,13880199.999999994,7.567086750051379,-6.563426377229333,A:机构锁仓,"中盘锁仓(市值50.4亿): 主力7.567086750051379%, 小单-6.563426377229333%"
000978,桂林旅游,7.07,1.4347,10316500.0,7.540428563416758,-14.299807161935817,A:机构锁仓,"小盘锁仓(市值33.1亿): 主力7.540428563416758%, 小单-14.299807161935817%"
002339,积成电子,9.34,2.5247,34370500.0,7.520709976903113,-11.748810435514457,"A:机构锁仓,B:低位起爆","涨幅2.5247%, 主力流入3437万, 昨日流出-5742万 | 小盘锁仓(市值44.7亿): 主力7.520709976903113%, 小单-11.748810435514457%"
300373,扬杰科技,67.84,2.9439,93714800.00000009,7.4975617331581725,-4.029659017445026,"A:机构锁仓,B:低位起爆","涨幅2.9439%, 主力流入9371万, 昨日流出-2767万 | 中盘锁仓(市值367.8亿): 主力7.4975617331581725%, 小单-4.029659017445026%"
301323,新莱福,56.3,0.8961,7423999.999999999,7.46936879668368,-6.179031312612176,A:机构锁仓,"小盘锁仓(市值38.1亿): 主力7.46936879668368%, 小单-6.179031312612176%"
002136,安纳达,12.8,-4.2633,41019300.0,7.434113348363523,-8.36611189280381,"A:机构锁仓,B:低位起爆","涨幅-4.2633%, 主力流入4102万, 昨日流出-1715万 | 小盘锁仓(市值27.5亿): 主力7.434113348363523%, 小单-8.36611189280381%"
300696,爱乐达,29.2,4.1369,43297999.999999985,7.3592839780081425,-6.061831572674753,A:机构锁仓,"中盘锁仓(市值77.6亿): 主力7.3592839780081425%, 小单-6.061831572674753%"
002188,中天服务,6.58,4.1139,24698000.0,7.281837098116036,-5.754119586268999,A:机构锁仓,"小盘锁仓(市值16.9亿): 主力7.281837098116036%, 小单-5.754119586268999%"
302132,中航成飞,79.93,2.5269,101404999.99999993,7.270045916880169,-4.215336154728187,"A:机构锁仓,B:低位起爆","涨幅2.5269%, 主力流入10140万, 昨日流出-1967万 | 中盘锁仓(市值468.4亿): 主力7.270045916880169%, 小单-4.215336154728187%"
300887,谱尼测试,9.32,0.6479,27615499.999999993,7.227047137878792,-5.457335893813766,A:机构锁仓,"小盘锁仓(市值33.8亿): 主力7.227047137878792%, 小单-5.457335893813766%"
600506,统一股份,26.47,10.0166,86325600.00000001,7.180489604209315,-8.719578278873218,A:机构锁仓,"中盘锁仓(市值50.8亿): 主力7.180489604209315%, 小单-8.719578278873218%"
600336,澳柯玛,8.71,-2.8986,17672200.0,7.138967527598955,-7.956756250161587,A:机构锁仓,"中盘锁仓(市值69.5亿): 主力7.138967527598955%, 小单-7.956756250161587%"
300421,力星股份,32.51,9.6829,133050799.99999994,7.1190712218352905,-4.537531201322422,A:机构锁仓,"中盘锁仓(市值74.9亿): 主力7.1190712218352905%, 小单-4.537531201322422%"
300531,优博讯,18.06,2.0916,11800200.0,7.10487346440848,-14.305480465607944,A:机构锁仓,"中盘锁仓(市值55.8亿): 主力7.10487346440848%, 小单-14.305480465607944%"
600824,益民集团,4.83,-2.4242,32688000.0,7.1001031747861125,-6.420197920328342,A:机构锁仓,"中盘锁仓(市值50.9亿): 主力7.1001031747861125%, 小单-6.420197920328342%"
603533,掌阅科技,19.46,1.0909,14408500.0,7.013164310776111,-7.419201140983929,A:机构锁仓,"中盘锁仓(市值85.4亿): 主力7.013164310776111%, 小单-7.419201140983929%"
000528,柳工,12.1,-4.0444,57571799.999999985,7.007754012051702,-7.426149005184198,"A:机构锁仓,B:低位起爆","涨幅-4.0444%, 主力流入5757万, 昨日流出-5045万 | 中盘锁仓(市值246.0亿): 主力7.007754012051702%, 小单-7.426149005184198%"
301181,标榜股份,44.26,-4.5504,28221699.99999999,6.998312055249587,-7.135690911895655,A:机构锁仓,"小盘锁仓(市值39.9亿): 主力6.998312055249587%, 小单-7.135690911895655%"
600481,双良节能,6.41,9.9485,73159899.99999999,6.960378750916463,-4.023658127572402,A:机构锁仓,"中盘锁仓(市值120.1亿): 主力6.960378750916463%, 小单-4.023658127572402%"
002486,嘉麟杰,3.12,-0.9524,4840799.999999999,6.917454693908416,-7.588365489394697,A:机构锁仓,"小盘锁仓(市值25.6亿): 主力6.917454693908416%, 小单-7.588365489394697%"
603619,中曼石油,23.12,1.049,16108599.999999996,6.912853204438283,-9.223646237348584,A:机构锁仓,"中盘锁仓(市值106.9亿): 主力6.912853204438283%, 小单-9.223646237348584%"
000510,新金路,12.08,1.3423,69039700.0,6.843020373999233,-6.893827840481734,A:机构锁仓,"中盘锁仓(市值73.3亿): 主力6.843020373999233%, 小单-6.893827840481734%"
301413,安培龙,123.75,0.2105,51521100.000000045,6.841550610234899,-7.226353057355367,A:机构锁仓,"中盘锁仓(市值72.7亿): 主力6.841550610234899%, 小单-7.226353057355367%"
002579,中京电子,12.25,3.9016,53356599.99999999,6.813887603151062,-6.688468835556146,A:机构锁仓,"中盘锁仓(市值71.5亿): 主力6.813887603151062%, 小单-6.688468835556146%"
001306,,86.6,3.8494,11388999.999999998,6.797521268858539,-12.031893165240087,A:机构锁仓,"小盘锁仓(市值13.4亿): 主力6.797521268858539%, 小单-12.031893165240087%"
002888,惠威科技,20.07,-0.3476,5765599.999999999,6.788736523420156,-10.487830227800757,A:机构锁仓,"小盘锁仓(市值15.0亿): 主力6.788736523420156%, 小单-10.487830227800757%"
002743,富煌钢构,5.5,1.476,4312399.999999999,6.788636272475117,-9.610885393450303,A:机构锁仓,"小盘锁仓(市值23.9亿): 主力6.788636272475117%, 小单-9.610885393450303%"
603099,长白山,44.9,-2.2213,20872499.999999993,6.734801095454075,-3.0400096778502874,A:机构锁仓,"中盘锁仓(市值119.7亿): 主力6.734801095454075%, 小单-3.0400096778502874%"
603068,博通集成,37.53,0.5897,11815000.0,6.727774140439447,-5.582657441630834,"A:机构锁仓,B:低位起爆","涨幅0.5897%, 主力流入1182万, 昨日流出-1083万 | 中盘锁仓(市值56.5亿): 主力6.727774140439447%, 小单-5.582657441630834%"
605365,立达信,28.0,2.489,33676399.999999985,6.71493993659661,-1.1308346160046858,B:低位起爆,"涨幅2.489%, 主力流入3368万, 昨日流出-808万"
301357,北方长龙,145.05,2.7266,39553200.00000001,6.711673698099017,-4.645510847807182,"A:机构锁仓,B:低位起爆","小盘锁仓(市值34.5亿): 主力6.711673698099017%, 小单-4.645510847807182% | 涨幅2.7266%, 主力流入3955万, 昨日流出-1063万"
002617,露笑科技,8.2,3.4048,79038400.00000001,6.695288667682978,-6.71403483893844,A:机构锁仓,"中盘锁仓(市值155.1亿): 主力6.695288667682978%, 小单-6.71403483893844%"
600096,云天化,32.58,-0.6707,140944300.0000001,6.642084446640251,-4.558690026750276,"A:机构锁仓,B:低位起爆","大盘锁仓(市值593.9亿): 主力6.642084446640251%, 小单-4.558690026750276% | 涨幅-0.6707%, 主力流入14094万, 昨日流出-4769万"
300690,双一科技,33.44,6.5987,40860600.00000001,6.589357713659074,-4.414433931903405,A:机构锁仓,"小盘锁仓(市值37.0亿): 主力6.589357713659074%, 小单-4.414433931903405%"
600615,鑫源智造,11.31,0.9821,3629199.9999999986,6.559425873472084,-5.5073367626630665,A:机构锁仓,"小盘锁仓(市值25.5亿): 主力6.559425873472084%, 小单-5.5073367626630665%"
300493,润欣科技,19.13,1.8095,28757000.000000007,6.526230116421665,-5.785235090753884,A:机构锁仓,"中盘锁仓(市值96.9亿): 主力6.526230116421665%, 小单-5.785235090753884%"
002218,拓日新能,4.45,2.2989,33179500.000000015,6.52504055281386,-9.35228608103077,"A:机构锁仓,B:低位起爆","中盘锁仓(市值62.0亿): 主力6.52504055281386%, 小单-9.35228608103077% | 涨幅2.2989%, 主力流入3318万, 昨日流出-5060万"
002104,恒宝股份,22.42,8.3092,265490999.99999985,6.5170299084237975,-3.1913958621198764,A:机构锁仓,"中盘锁仓(市值134.5亿): 主力6.5170299084237975%, 小单-3.1913958621198764%"
002463,沪电股份,76.74,6.91,498887099.99999994,6.483981344565502,-3.173469112503491,A:机构锁仓,"大盘锁仓(市值1475.6亿): 主力6.483981344565502%, 小单-3.173469112503491%"
002657,中科金财,28.36,1.6852,53852100.00000003,6.46753826827373,-8.302974469394456,A:机构锁仓,"中盘锁仓(市值95.3亿): 主力6.46753826827373%, 小单-8.302974469394456%"
300678,中科信息,30.35,1.3356,11894700.000000002,6.440665565439398,-7.646310596252059,A:机构锁仓,"中盘锁仓(市值88.4亿): 主力6.440665565439398%, 小单-7.646310596252059%"
601061,中信金属,14.64,0.1368,35500400.0,6.440169135439894,-5.078261051291888,"A:机构锁仓,B:低位起爆","涨幅0.1368%, 主力流入3550万, 昨日流出-668万 | 中盘锁仓(市值73.4亿): 主力6.440169135439894%, 小单-5.078261051291888%"
002164,宁波东力,16.72,4.4347,46586600.000000015,6.436061551309311,-3.943263033720238,A:机构锁仓,"中盘锁仓(市值80.2亿): 主力6.436061551309311%, 小单-3.943263033720238%"
300548,长芯博创,142.71,0.1685,207947200.00000015,6.419655656215624,-7.206683004683398,"A:机构锁仓,B:低位起爆","中盘锁仓(市值384.6亿): 主力6.419655656215624%, 小单-7.206683004683398% | 涨幅0.1685%, 主力流入20795万, 昨日流出-27837万"
300772,运达股份,19.8,3.5024,30019599.99999998,6.4142414912649475,-4.0023306271112675,A:机构锁仓,"中盘锁仓(市值138.2亿): 主力6.4142414912649475%, 小单-4.0023306271112675%"
605318,法狮龙,69.72,0.6642,14245000.000000002,6.391691248279622,-3.480768329837077,A:机构锁仓,"中盘锁仓(市值87.7亿): 主力6.391691248279622%, 小单-3.480768329837077%"
600189,泉阳泉,7.0,-1.2694,6467199.999999999,6.355670503337321,-10.174458300508922,A:机构锁仓,"中盘锁仓(市值50.1亿): 主力6.355670503337321%, 小单-10.174458300508922%"
301307,美利信,36.44,-1.1126,26478700.000000022,6.257923143003552,-5.746369530362772,B:低位起爆,"涨幅-1.1126%, 主力流入2648万, 昨日流出-5124万"
300579,数字认证,29.79,1.2576,9812000.0,6.257038371051864,-8.643857461860058,A:机构锁仓,"中盘锁仓(市值78.1亿): 主力6.257038371051864%, 小单-8.643857461860058%"
688117,圣诺生物,39.39,-3.6684,8888100.0,6.217430470945333,-4.887567275401382,A:机构锁仓,"中盘锁仓(市值62.0亿): 主力6.217430470945333%, 小单-4.887567275401382%"
600301,华锡有色,37.94,-0.8105,21616699.999999993,6.074149464388131,-0.8861407037565611,B:低位起爆,"涨幅-0.8105%, 主力流入2162万, 昨日流出-2000万"
688563,,57.63,1.1053,27078000.000000007,6.05967463655911,-5.659858745220141,A:机构锁仓,"中盘锁仓(市值67.4亿): 主力6.05967463655911%, 小单-5.659858745220141%"
002082,万邦德,13.62,-0.5839,14588699.999999994,6.022375883779334,-4.829352084254887,A:机构锁仓,"中盘锁仓(市值75.4亿): 主力6.022375883779334%, 小单-4.829352084254887%"
300607,拓斯达,31.89,1.2381,60370899.999999985,5.998328888696177,-6.395840176715664,A:机构锁仓,"中盘锁仓(市值105.9亿): 主力5.998328888696177%, 小单-6.395840176715664%"
000949,新乡化纤,5.56,-0.7143,20157399.999999993,5.944070470642346,-4.117772850620457,A:机构锁仓,"中盘锁仓(市值94.5亿): 主力5.944070470642346%, 小单-4.117772850620457%"
000881,中广核技,9.12,1.4461,17674899.999999993,5.78477515412348,-5.716699338585196,"A:机构锁仓,B:低位起爆","涨幅1.4461%, 主力流入1767万, 昨日流出-2288万 | 中盘锁仓(市值76.8亿): 主力5.78477515412348%, 小单-5.716699338585196%"
688766,普冉股份,128.11,-3.1597,57157399.99999998,5.761344579814804,-3.4329841776181342,"A:机构锁仓,B:低位起爆","涨幅-3.1597%, 主力流入5716万, 昨日流出-7134万 | 中盘锁仓(市值189.7亿): 主力5.761344579814804%, 小单-3.4329841776181342%"
300711,广哈通信,23.1,-0.5168,7133800.0,5.7533543645541565,-5.989979188709614,"A:机构锁仓,B:低位起爆","涨幅-0.5168%, 主力流入713万, 昨日流出-1473万 | 中盘锁仓(市值57.4亿): 主力5.7533543645541565%, 小单-5.989979188709614%"
000677,恒天海龙,4.54,0.0,8829700.000000002,5.745971010142316,-9.787679873387036,B:低位起爆,"涨幅0.0%, 主力流入883万, 昨日流出-2586万"
300661,圣邦股份,69.89,0.8805,82241999.99999999,5.7356353004307445,-5.875242736344298,"A:机构锁仓,B:低位起爆","中盘锁仓(市值414.3亿): 主力5.7356353004307445%, 小单-5.875242736344298% | 涨幅0.8805%, 主力流入8224万, 昨日流出-4682万"
600456,宝钛股份,38.4,1.346,86006000.00000001,5.715619335379456,-4.777033909696385,"A:机构锁仓,B:低位起爆","涨幅1.346%, 主力流入8601万, 昨日流出-2001万 | 中盘锁仓(市值183.5亿): 主力5.715619335379456%, 小单-4.777033909696385%"
002048,宁波华翔,30.05,4.0512,67596700.0,5.70119497254779,-5.065986747645593,A:机构锁仓,"中盘锁仓(市值213.3亿): 主力5.70119497254779%, 小单-5.065986747645593%"
002353,杰瑞股份,74.56,-0.7587,79130500.00000001,5.673548156714749,-4.091940986991489,"A:机构锁仓,B:低位起爆","大盘锁仓(市值516.9亿): 主力5.673548156714749%, 小单-4.091940986991489% | 涨幅-0.7587%, 主力流入7913万, 昨日流出-5882万"
002179,中航光电,36.05,3.6217,150236599.99999988,5.628541532422715,-4.664096238699321,A:机构锁仓,"大盘锁仓(市值750.1亿): 主力5.628541532422715%, 小单-4.664096238699321%"
688787,海天瑞声,113.11,-0.859,9918199.999999998,5.610866468952951,-6.218896079248232,A:机构锁仓,"中盘锁仓(市值68.2亿): 主力5.610866468952951%, 小单-6.218896079248232%"
300352,北信源,6.14,1.3201,20453400.0,5.596760414451309,0.04649053919716356,B:低位起爆,"涨幅1.3201%, 主力流入2045万, 昨日流出-1198万"
688717,,62.91,-2.9616,13673699.999999996,5.583235064498108,-11.715782029379389,A:机构锁仓,"中盘锁仓(市值61.6亿): 主力5.583235064498108%, 小单-11.715782029379389%"
002488,金固股份,8.93,1.4773,33165700.000000015,5.5506611801685395,-7.66293062585812,A:机构锁仓,"中盘锁仓(市值82.2亿): 主力5.5506611801685395%, 小单-7.66293062585812%"
688257,新锐股份,34.9,0.0,13643999.999999998,5.548237584886174,-3.3534224617064146,"A:机构锁仓,B:低位起爆","涨幅0.0%, 主力流入1364万, 昨日流出-3127万 | 中盘锁仓(市值88.1亿): 主力5.548237584886174%, 小单-3.3534224617064146%"
603013,亚普股份,24.59,3.5805,14583699.999999996,5.534289491827167,-5.273431781048563,A:机构锁仓,"中盘锁仓(市值126.0亿): 主力5.534289491827167%, 小单-5.273431781048563%"
002246,北化股份,17.63,1.9665,18056600.0,5.489104433517786,5.633015360205387,B:低位起爆,"涨幅1.9665%, 主力流入1806万, 昨日流出-1676万"
300917,特发服务,39.68,-0.7504,7567199.999999998,5.460308510028488,-5.434692568583039,"A:机构锁仓,B:低位起爆","中盘锁仓(市值67.1亿): 主力5.460308510028488%, 小单-5.434692568583039% | 涨幅-0.7504%, 主力流入757万, 昨日流出-2198万"
300775,三角防务,30.85,1.5805,48800200.00000001,5.458359797275157,-1.9737706059941653,B:低位起爆,"涨幅1.5805%, 主力流入4880万, 昨日流出-1935万"
603668,天马科技,16.93,3.106,24002900.000000007,5.386894644462947,-8.189402182438219,A:机构锁仓,"中盘锁仓(市值85.6亿): 主力5.386894644462947%, 小单-8.189402182438219%"
002487,大金重工,52.71,0.2472,42297100.0,5.37978529081807,-5.224155110927603,"A:机构锁仓,B:低位起爆","涨幅0.2472%, 主力流入4230万, 昨日流出-1101万 | 中盘锁仓(市值332.6亿): 主力5.37978529081807%, 小单-5.224155110927603%"
300066,三川智慧,6.33,0.6359,7250899.999999999,5.371556685409714,-0.44730253163750583,B:低位起爆,"涨幅0.6359%, 主力流入725万, 昨日流出-1366万"
600292,电投水电,12.89,1.3365,16940600.0,5.344725857676178,-6.584475350476813,A:机构锁仓,"中盘锁仓(市值100.6亿): 主力5.344725857676178%, 小单-6.584475350476813%"
601500,通用股份,4.88,-1.4141,14117100.0,5.321480168591228,-3.4860216652934937,A:机构锁仓,"中盘锁仓(市值77.3亿): 主力5.321480168591228%, 小单-3.4860216652934937%"
002358,森源电气,5.62,-0.1776,7048000.000000002,5.316174740732769,-7.1558668793035975,"A:机构锁仓,B:低位起爆","中盘锁仓(市值52.3亿): 主力5.316174740732769%, 小单-7.1558668793035975% | 涨幅-0.1776%, 主力流入705万, 昨日流出-1472万"
002669,康达新材,15.21,1.6032,15489100.00000001,5.315417913395915,-9.734300243785274,B:低位起爆,"涨幅1.6032%, 主力流入1549万, 昨日流出-3094万"
301076,新瀚新材,45.7,4.1714,42081200.00000001,5.31120019402493,-11.019201864481015,A:机构锁仓,"中盘锁仓(市值50.2亿): 主力5.31120019402493%, 小单-11.019201864481015%"
000505,京粮控股,9.01,1.009,55016099.999999985,5.272147387399948,-6.62079925942602,"A:机构锁仓,B:低位起爆","中盘锁仓(市值57.0亿): 主力5.272147387399948%, 小单-6.62079925942602% | 涨幅1.009%, 主力流入5502万, 昨日流出-6829万"
300573,兴齐眼药,68.87,0.4522,18175499.999999985,5.259908987874796,-3.9000392547712432,A:机构锁仓,"中盘锁仓(市值130.5亿): 主力5.259908987874796%, 小单-3.9000392547712432%"
300277,海联讯,13.19,2.8861,8446399.999999998,5.255383325565427,-8.043479163065271,B:低位起爆,"涨幅2.8861%, 主力流入845万, 昨日流出-815万"
301193,家联科技,22.75,0.7083,5657100.000000003,5.231660867412537,3.8846036791936434,B:低位起爆,"涨幅0.7083%, 主力流入566万, 昨日流出-964万"
000034,神州数码,39.24,2.0812,66004399.999999985,5.227259047670163,-1.5900341201160584,B:低位起爆,"涨幅2.0812%, 主力流入6600万, 昨日流出-4752万"
600602,云赛智联,18.79,4.505,40783299.99999999,5.194390181384559,-3.566479280002159,A:机构锁仓,"中盘锁仓(市值201.9亿): 主力5.194390181384559%, 小单-3.566479280002159%"
300709,精研科技,46.45,0.6719,24948000.0,5.185287815388174,-10.870481605346317,A:机构锁仓,"中盘锁仓(市值69.3亿): 主力5.185287815388174%, 小单-10.870481605346317%"
300747,锐科激光,27.25,1.3388,24028599.999999996,5.145275632436614,-3.3135535672730483,"A:机构锁仓,B:低位起爆","中盘锁仓(市值138.8亿): 主力5.145275632436614%, 小单-3.3135535672730483% | 涨幅1.3388%, 主力流入2403万, 昨日流出-10016万"
002092,中泰化学,4.8,1.0526,14592200.000000007,5.144786723712894,-3.037399269800754,A:机构锁仓,"中盘锁仓(市值123.6亿): 主力5.144786723712894%, 小单-3.037399269800754%"
301498,,66.4,-2.0649,14559000.000000004,5.124572843147228,-4.549637938140241,A:机构锁仓,"中盘锁仓(市值119.2亿): 主力5.124572843147228%, 小单-4.549637938140241%"
600707,彩虹股份,6.48,1.7268,30252399.999999996,5.117976121715664,-4.483211335903981,A:机构锁仓,"中盘锁仓(市值232.5亿): 主力5.117976121715664%, 小单-4.483211335903981%"
300777,中简科技,38.78,5.9852,99354900.00000006,5.117201542136101,-5.0948332379080234,A:机构锁仓,"中盘锁仓(市值164.3亿): 主力5.117201542136101%, 小单-5.0948332379080234%"
002350,北京科锐,8.4,0.5988,7318399.999999995,5.084519153749926,-11.36374468277155,B:低位起爆,"涨幅0.5988%, 主力流入732万, 昨日流出-1391万"
600513,联环药业,18.63,1.8033,13478800.000000004,5.05035383145089,-4.614778236512045,A:机构锁仓,"中盘锁仓(市值53.2亿): 主力5.05035383145089%, 小单-4.614778236512045%"
688386,泛亚微透,82.22,-2.119,20152400.000000007,5.011912257264569,-3.7758955680672917,A:机构锁仓,"中盘锁仓(市值74.8亿): 主力5.011912257264569%, 小单-3.7758955680672917%"
000636,风华高科,16.42,0.984,22888899.999999993,4.767763265548957,-4.845042653003953,B:低位起爆,"涨幅0.984%, 主力流入2289万, 昨日流出-5115万"
002059,云南旅游,5.37,0.0,5516599.999999998,4.700853910632664,-5.877899465278084,B:低位起爆,"涨幅0.0%, 主力流入552万, 昨日流出-988万"
002421,达实智能,2.9,1.7544,12675700.000000002,4.655519762941611,-0.2954760407146398,B:低位起爆,"涨幅1.7544%, 主力流入1268万, 昨日流出-926万"
688636,智明达,43.28,0.2548,15374200.0,4.573867046911697,-4.341844638598652,B:低位起爆,"涨幅0.2548%, 主力流入1537万, 昨日流出-946万"
000758,中色股份,6.53,0.4615,20599100.000000007,4.531103617374573,-0.17174952810783295,B:低位起爆,"涨幅0.4615%, 主力流入2060万, 昨日流出-3773万"
300008,天海防务,8.09,2.665,75017300.00000001,4.473858348652392,-9.172986137025552,B:低位起爆,"涨幅2.665%, 主力流入7502万, 昨日流出-18668万"
300807,天迈科技,54.94,1.1786,9101599.999999994,4.4554495043655065,-9.930479107580945,B:低位起爆,"涨幅1.1786%, 主力流入910万, 昨日流出-1063万"
301396,宏景科技,64.25,-0.4648,24211399.99999999,4.432472022677213,-5.521577818414211,B:低位起爆,"涨幅-0.4648%, 主力流入2421万, 昨日流出-3001万"
601609,金田股份,10.84,0.4634,20213500.0,4.342294871701314,-2.4380739202710933,B:低位起爆,"涨幅0.4634%, 主力流入2021万, 昨日流出-2439万"
000593,德龙汇能,11.7,0.9491,14336700.000000015,4.331602261510489,-1.095416459808212,B:低位起爆,"涨幅0.9491%, 主力流入1434万, 昨日流出-705万"
300846,首都在线,22.21,2.3502,69236800.00000004,4.275536913660435,0.3553849244638081,B:低位起爆,"涨幅2.3502%, 主力流入6924万, 昨日流出-13173万"
603101,汇嘉时代,9.85,-1.99,6412600.0,4.195423076450761,-11.873140209402287,B:低位起爆,"涨幅-1.99%, 主力流入641万, 昨日流出-541万"
300443,金雷股份,28.68,-0.3128,10781400.000000004,4.1892686343391095,-8.90030159633423,B:低位起爆,"涨幅-0.3128%, 主力流入1078万, 昨日流出-598万"
300922,天秦装备,23.44,2.4923,7775300.0,4.021404778117583,0.07535640762050598,B:低位起爆,"涨幅2.4923%, 主力流入778万, 昨日流出-1010万"
000733,振华科技,52.43,0.7107,39454000.000000015,3.979376786507341,-1.0008353504038554,B:低位起爆,"涨幅0.7107%, 主力流入3945万, 昨日流出-6895万"
002638,勤上股份,3.17,1.6026,5596599.999999998,3.8967728265134385,-5.909077287419436,B:低位起爆,"涨幅1.6026%, 主力流入560万, 昨日流出-2147万"
300123,亚光科技,8.27,1.348,40952200.00000002,3.725769160734694,-1.134374352477684,B:低位起爆,"涨幅1.348%, 主力流入4095万, 昨日流出-9306万"
300395,菲利华,107.62,3.2722,135240799.99999988,3.6541744455327643,-6.33291921312515,A:机构锁仓,"大盘锁仓(市值550.6亿): 主力3.6541744455327643%, 小单-6.33291921312515%"
300581,晨曦航空,16.73,1.6403,14062700.000000013,3.61605774847336,-0.08675843787714327,B:低位起爆,"涨幅1.6403%, 主力流入1406万, 昨日流出-2422万"
300360,炬华科技,17.69,0.3973,18369900.000000026,3.5821399985815323,0.11481630445265213,B:低位起爆,"涨幅0.3973%, 主力流入1837万, 昨日流出-1480万"
300570,太辰光,119.26,1.7143,90851099.99999994,3.5731011622790776,-3.109327292554761,B:低位起爆,"涨幅1.7143%, 主力流入9085万, 昨日流出-4943万"
002079,苏州固锝,9.67,0.9395,6396200.000000004,3.556633974515559,-6.255999164673113,B:低位起爆,"涨幅0.9395%, 主力流入640万, 昨日流出-956万"
300707,威唐工业,17.1,2.8262,9545099.999999993,3.537209911479254,-5.437537034931675,B:低位起爆,"涨幅2.8262%, 主力流入955万, 昨日流出-1158万"
000407,胜利股份,5.34,2.4952,28533000.0,3.5336132474010142,-7.341117745562626,B:低位起爆,"涨幅2.4952%, 主力流入2853万, 昨日流出-3130万"
688270,臻镭科技,128.14,-7.1449,242447200.0,3.4623470585668947,-2.1891111676155925,B:低位起爆,"涨幅-7.1449%, 主力流入24245万, 昨日流出-3452万"
600490,鹏欣资源,7.75,-1.6497,20310800.000000007,3.4580150875240663,-0.619098226695344,B:低位起爆,"涨幅-1.6497%, 主力流入2031万, 昨日流出-1199万"
300753,爱朋医疗,28.89,1.797,9503200.000000011,3.430262022646613,-2.0955814040193976,B:低位起爆,"涨幅1.797%, 主力流入950万, 昨日流出-1998万"
688109,品茗科技,134.18,-7.4621,14808499.999999994,3.409026035080708,-3.7572377230074427,B:低位起爆,"涨幅-7.4621%, 主力流入1481万, 昨日流出-1490万"
688682,霍莱沃,53.54,-4.3074,8336300.000000005,3.3856697093533574,-4.033659347594936,B:低位起爆,"涨幅-4.3074%, 主力流入834万, 昨日流出-734万"
605589,圣泉集团,28.76,-0.4844,17935399.999999996,3.377032445231705,-2.4658659583417952,B:低位起爆,"涨幅-0.4844%, 主力流入1794万, 昨日流出-2491万"
605196,华通线缆,32.9,-2.1998,12646000.000000007,3.3561636591833603,-2.2496328383230733,B:低位起爆,"涨幅-2.1998%, 主力流入1265万, 昨日流出-654万"
300589,江龙船艇,19.46,0.1544,42541100.00000001,3.2787757132521413,-5.609829395799068,B:低位起爆,"涨幅0.1544%, 主力流入4254万, 昨日流出-599万"
002941,新疆交建,16.51,0.9169,14361899.999999996,3.2498756645755753,0.26264844372073765,B:低位起爆,"涨幅0.9169%, 主力流入1436万, 昨日流出-4979万"
600966,博汇纸业,6.84,-0.5814,7127300.0,3.173782763380096,-3.8167061079521227,B:低位起爆,"涨幅-0.5814%, 主力流入713万, 昨日流出-683万"
300053,航宇微,18.6,2.1417,53725900.000000075,3.135908186619804,-3.454268307572269,B:低位起爆,"涨幅2.1417%, 主力流入5373万, 昨日流出-5591万"
603815,交建股份,7.63,-4.5056,7179399.999999994,3.1281240283705323,-4.507445731662259,B:低位起爆,"涨幅-4.5056%, 主力流入718万, 昨日流出-526万"
300670,大烨智能,6.69,-16.375,11580800.000000007,3.029808720563277,-7.4896249955033465,B:低位起爆,"涨幅-16.375%, 主力流入1158万, 昨日流出-2783万"
600478,科力远,6.86,-2.0,8618700.0,3.0181334149440175,-5.291880066205983,B:低位起爆,"涨幅-2.0%, 主力流入862万, 昨日流出-667万"
601126,四方股份,31.09,-3.4472,23311900.000000004,2.981094653445186,-2.1383742502947043,B:低位起爆,"涨幅-3.4472%, 主力流入2331万, 昨日流出-1973万"
300776,帝尔激光,61.48,0.853,9458400.000000006,2.8755863798676864,-7.69875441724958,B:低位起爆,"涨幅0.853%, 主力流入946万, 昨日流出-1955万"
603929,亚翔集成,94.36,-6.2028,36574899.99999997,2.86748805882195,-1.6527752438321692,B:低位起爆,"涨幅-6.2028%, 主力流入3657万, 昨日流出-3570万"
002195,岩山科技,6.97,1.4556,40119399.99999997,2.8596174366680343,-5.482585874311121,B:低位起爆,"涨幅1.4556%, 主力流入4012万, 昨日流出-2551万"
600570,恒生电子,30.2,0.7338,32466400.00000005,2.8356715993020343,-2.7880790896779377,B:低位起爆,"涨幅0.7338%, 主力流入3247万, 昨日流出-1923万"
301191,菲菱科思,116.15,-0.3346,18862399.999999996,2.820858820086786,-0.8875452182888205,B:低位起爆,"涨幅-0.3346%, 主力流入1886万, 昨日流出-5170万"
688630,芯碁微装,135.05,0.3567,13556899.999999987,2.7306711045465186,-2.555815821564656,B:低位起爆,"涨幅0.3567%, 主力流入1356万, 昨日流出-553万"
603023,威帝股份,5.28,-5.3763,7326799.999999999,2.6316305556774764,-3.0299597425320823,B:低位起爆,"涨幅-5.3763%, 主力流入733万, 昨日流出-1180万"
002374,中锐股份,3.79,0.7979,7930300.000000002,2.6190652447386733,-0.5859812950001683,B:低位起爆,"涨幅0.7979%, 主力流入793万, 昨日流出-533万"
002307,北新路桥,5.21,1.3619,6826299.999999992,2.605657198864038,-5.550080751974431,B:低位起爆,"涨幅1.3619%, 主力流入683万, 昨日流出-1106万"
300111,向日葵,6.39,0.4717,15285799.999999972,2.586069218098859,-1.3731249653178659,B:低位起爆,"涨幅0.4717%, 主力流入1529万, 昨日流出-8800万"
300476,胜宏科技,299.16,2.4556,282909099.99999976,2.5702212734608607,0.3367971762930701,B:低位起爆,"涨幅2.4556%, 主力流入28291万, 昨日流出-100311万"
300447,全信股份,17.86,-0.5568,6759700.0,2.5649722746255104,2.0505131403536816,B:低位起爆,"涨幅-0.5568%, 主力流入676万, 昨日流出-812万"
002951,金时科技,16.2,0.809,7751899.999999997,2.4991791644485026,-0.7196194240077308,B:低位起爆,"涨幅0.809%, 主力流入775万, 昨日流出-2304万"
301205,联特科技,171.6,1.2987,39574300.0,2.403977870309199,-0.8317454963410003,B:低位起爆,"涨幅1.2987%, 主力流入3957万, 昨日流出-11505万"
688707,振华新材,14.44,2.2663,7261999.999999996,2.378558654311476,-2.0104749011146654,B:低位起爆,"涨幅2.2663%, 主力流入726万, 昨日流出-1096万"
002602,世纪华通,17.56,2.5701,82228999.99999994,2.375828190104519,-1.0233232223948112,B:低位起爆,"涨幅2.5701%, 主力流入8223万, 昨日流出-8399万"
600487,亨通光电,24.95,-1.9646,63362600.00000002,2.367087623311366,-0.26044740562161506,B:低位起爆,"涨幅-1.9646%, 主力流入6336万, 昨日流出-838万"
002155,湖南黄金,21.26,-1.3915,27649300.00000004,2.355121324961808,-0.8967915772814422,B:低位起爆,"涨幅-1.3915%, 主力流入2765万, 昨日流出-5585万"
002453,华软科技,6.67,0.0,11054499.999999998,2.3540929334729928,-12.7472817360556,B:低位起爆,"涨幅0.0%, 主力流入1105万, 昨日流出-3760万"
603698,航天工程,37.11,-5.7883,50661900.00000002,2.323226123071941,-0.656999849299999,B:低位起爆,"涨幅-5.7883%, 主力流入5066万, 昨日流出-1062万"
300010,豆神教育,7.28,1.1111,12903099.999999959,2.306402840512471,-4.126253725923085,B:低位起爆,"涨幅1.1111%, 主力流入1290万, 昨日流出-10636万"
002805,丰元股份,18.33,-2.9131,27200899.999999985,2.2582035814632757,-12.552141368118575,B:低位起爆,"涨幅-2.9131%, 主力流入2720万, 昨日流出-6547万"
603978,深圳新星,29.28,-7.6632,21336600.0,2.213786131669202,-2.574958461109712,B:低位起爆,"涨幅-7.6632%, 主力流入2134万, 昨日流出-1149万"
601020,华钰矿业,27.41,0.4765,24942500.0,2.197199034895222,-2.3489526593279813,B:低位起爆,"涨幅0.4765%, 主力流入2494万, 昨日流出-4440万"
002281,光迅科技,70.8,1.7241,57103700.00000006,2.1957525657402996,-2.4001327379081743,B:低位起爆,"涨幅1.7241%, 主力流入5710万, 昨日流出-3837万"
000426,兴业银锡,36.79,2.8803,93135800.00000001,2.1912373288366696,-1.5823639704943813,B:低位起爆,"涨幅2.8803%, 主力流入9314万, 昨日流出-12676万"
002023,海特高新,13.57,1.42,9880200.00000001,2.1520970042183274,-5.539446544915883,B:低位起爆,"涨幅1.42%, 主力流入988万, 昨日流出-5266万"
300145,南方泵业,4.76,-1.6529,7314300.000000007,2.1415008226141103,-2.382783081738876,B:低位起爆,"涨幅-1.6529%, 主力流入731万, 昨日流出-1814万"
001288,运机集团,31.66,-4.8106,6477599.999999997,2.128736153610778,3.2585345392008866,B:低位起爆,"涨幅-4.8106%, 主力流入648万, 昨日流出-1537万"
688568,中科星图,54.41,2.0634,40720399.99999993,2.0983615137536145,-1.978670540973498,B:低位起爆,"涨幅2.0634%, 主力流入4072万, 昨日流出-9992万"
601168,西部矿业,26.59,-3.2035,38339999.999999925,2.091277694247363,-0.8838293719023822,B:低位起爆,"涨幅-3.2035%, 主力流入3834万, 昨日流出-6922万"
603990,麦迪科技,15.33,-6.3531,11437199.999999993,2.0784797211484607,-7.802949291340855,B:低位起爆,"涨幅-6.3531%, 主力流入1144万, 昨日流出-2107万"
600711,盛屯矿业,14.42,-2.8956,43623800.00000008,2.0349046209396886,1.203852368815863,B:低位起爆,"涨幅-2.8956%, 主力流入4362万, 昨日流出-9560万"
603773,沃格光电,31.8,-1.548,8457099.999999996,1.979932820973732,-5.440197341974543,B:低位起爆,"涨幅-1.548%, 主力流入846万, 昨日流出-521万"
600143,金发科技,19.03,1.8737,38195900.00000002,1.8229314565817012,-1.5585159787712641,B:低位起爆,"涨幅1.8737%, 主力流入3820万, 昨日流出-9954万"
002297,博云新材,12.33,-0.4843,34496699.99999995,1.8155993468326495,-2.531034972884851,B:低位起爆,"涨幅-0.4843%, 主力流入3450万, 昨日流出-11958万"
002025,航天电器,49.34,0.3662,27708500.00000006,1.7351572456813842,-0.6119969773289633,B:低位起爆,"涨幅0.3662%, 主力流入2771万, 昨日流出-6587万"
600577,精达股份,12.14,-1.9386,24914900.000000034,1.7195914167032966,-1.8208831081471195,B:低位起爆,"涨幅-1.9386%, 主力流入2491万, 昨日流出-881万"
600884,杉杉股份,13.47,-2.0364,12788699.99999999,1.71882306895627,-1.140868862420367,B:低位起爆,"涨幅-2.0364%, 主力流入1279万, 昨日流出-1136万"
603319,XD美湖股,37.12,-0.0808,7572299.999999995,1.6851335626851962,0.17571695008071747,B:低位起爆,"涨幅-0.0808%, 主力流入757万, 昨日流出-2702万"
300850,新强联,43.35,0.3705,7099999.999999996,1.619160637980488,-10.26684674956079,B:低位起爆,"涨幅0.3705%, 主力流入710万, 昨日流出-1909万"
688353,华盛锂电,113.79,-7.3522,29066699.99999998,1.4808601149503193,-0.7622837576305915,B:低位起爆,"涨幅-7.3522%, 主力流入2907万, 昨日流出-5166万"
000905,厦门港务,14.62,1.8106,17708899.999999985,1.449312200209747,-2.311817009405714,B:低位起爆,"涨幅1.8106%, 主力流入1771万, 昨日流出-13257万"
688503,聚和材料,62.65,0.5457,7836500.00000001,1.4288948708445166,-1.103730802296435,B:低位起爆,"涨幅0.5457%, 主力流入784万, 昨日流出-1129万"
300450,先导智能,50.53,-0.5902,60373000.00000003,1.2548029806432006,-0.959239545555747,B:低位起爆,"涨幅-0.5902%, 主力流入6037万, 昨日流出-20292万"
603933,睿能科技,25.67,2.7211,5985000.0,1.1129796213431333,0.17614273973871825,B:低位起爆,"涨幅2.7211%, 主力流入598万, 昨日流出-1191万"
002190,成飞集成,37.77,1.4777,6456299.999999992,1.1072845995605123,-1.9770354459820334,B:低位起爆,"涨幅1.4777%, 主力流入646万, 昨日流出-4155万"
603069,海汽集团,28.47,-6.287,17002499.99999998,1.1061456961086882,-0.3169682367893626,B:低位起爆,"涨幅-6.287%, 主力流入1700万, 昨日流出-5308万"
600392,盛和资源,21.52,-0.3704,7608400.000000002,0.8924287410183174,0.199601228719694,B:低位起爆,"涨幅-0.3704%, 主力流入761万, 昨日流出-2489万"
600699,均胜电子,29.73,-1.4911,11052800.000000024,0.7442438438946426,-0.6146435501822806,B:低位起爆,"涨幅-1.4911%, 主力流入1105万, 昨日流出-2660万"
000060,中金岭南,5.77,0.0,7934199.999999982,0.6850798301053813,2.4343034113347315,B:低位起爆,"涨幅0.0%, 主力流入793万, 昨日流出-2590万"
603799,华友钴业,65.12,-1.3333,27837399.999999907,0.6689980455727741,-0.19073512211962756,B:低位起爆,"涨幅-1.3333%, 主力流入2784万, 昨日流出-8325万"
603678,火炬电子,36.37,-0.5469,5248999.999999979,0.6360281976103742,-1.5833818378041629,B:低位起爆,"涨幅-0.5469%, 主力流入525万, 昨日流出-1323万"
601399,国机重装,4.86,-4.3307,7919199.999999992,0.5535153855305563,-0.057971216885424885,B:低位起爆,"涨幅-4.3307%, 主力流入792万, 昨日流出-7174万"
603920,世运电路,46.45,0.4324,7711600.000000035,0.39215547815642066,0.13976857354024327,B:低位起爆,"涨幅0.4324%, 主力流入771万, 昨日流出-1998万"
301358,湖南裕能,67.08,-5.4146,6069399.999999914,0.3069351528487989,-3.426018125847251,B:低位起爆,"涨幅-5.4146%, 主力流入607万, 昨日流出-5310万"
