ts_code,strategy,cost_range_start,cost_range_end,cost_range_change,cost_range_change_rate,cost_range_slope,cost_range_percent,winner_rate_start,winner_rate_end,winner_rate_change,winner_rate_change_rate,winner_rate_slope,weight_avg_start,weight_avg_end,weight_avg_change,weight_avg_change_rate,weight_avg_slope,weight_avg_diff_percent,start_date,end_date,latest_price,stock_name
000021.SZ,平衡型,7.400000000000002,6.600000000000001,-0.8000000000000007,-10.810810810810818,-0.05192982456140348,19.411764705882355,52.69,75.99,23.299999999999997,44.220914784589105,1.2418070175438596,30.43,31.46,1.0300000000000011,3.3848176141965203,-0.016596491228070182,8.073744437380798,20260122,20260225,34.0,深科技
000037.SZ,平衡型,1.6000000000000014,1.200000000000001,-0.40000000000000036,-25.0,-0.02491228070175438,12.244897959183684,67.32,92.65,25.330000000000013,37.626262626262644,1.8601578947368425,8.82,9.35,0.5299999999999994,6.009070294784573,0.020982456140350863,4.812834224598942,20260122,20260225,9.8,深南电A
000400.SZ,平衡型,7.600000000000001,4.0,-3.6000000000000014,-47.36842105263159,-0.20070175438596521,12.34567901234568,41.95,75.58,33.629999999999995,80.16686531585219,0.8836140350877192,30.46,30.63,0.16999999999999815,0.5581089954038022,-0.004052631578947403,5.778648383937315,20260122,20260225,32.4,许继电气
000510.SZ,平衡型,4.099999999999998,3.5000000000000018,-0.5999999999999961,-14.634146341463328,-0.038771929824561395,18.81720430107528,44.7,95.74,51.03999999999999,114.18344519015658,1.538859649122807,17.6,16.96,-0.6400000000000006,-3.636363636363639,-0.14592982456140358,9.66981132075472,20260122,20260225,18.6,新金路
000514.SZ,平衡型,0.8999999999999995,0.5,-0.39999999999999947,-44.444444444444414,-0.024210526315789443,9.090909090909092,63.59,77.44,13.849999999999994,21.780154112281796,0.481719298245614,5.28,5.24,-0.040000000000000036,-0.7575757575757582,-0.00233333333333331,4.961832061068698,20260122,20260225,5.5,渝开发
000537.SZ,平衡型,1.5,1.200000000000001,-0.29999999999999893,-19.99999999999993,-0.023684210526315707,12.903225806451623,52.07,82.62,30.550000000000004,58.67101978106396,1.2450701754385967,8.86,8.84,-0.019999999999999574,-0.2257336343115076,-0.00201754385964908,5.203619909502272,20260122,20260225,9.3,绿发电力
000555.SZ,平衡型,2.8000000000000007,2.0,-0.8000000000000007,-28.57142857142859,-0.04438596491228067,10.75268817204301,23.58,55.89,32.31,137.0229007633588,3.7400526315789473,18.0,17.74,-0.26000000000000156,-1.444444444444453,-0.010315789473684327,4.847801578354019,20260122,20260225,18.6,神州信息
000682.SZ,平衡型,3.200000000000001,2.799999999999999,-0.40000000000000213,-12.50000000000006,-0.027017543859649256,19.178082191780817,43.76,61.92,18.160000000000004,41.499085923217564,1.5156140350877194,13.56,13.54,-0.02000000000000135,-0.14749262536874153,-0.004578947368421086,7.828655834564257,20260122,20260225,14.6,东方电子
000712.SZ,平衡型,2.4000000000000004,2.0,-0.40000000000000036,-16.66666666666668,-0.031578947368421074,14.705882352941178,26.19,81.65,55.46000000000001,211.76021382206952,4.208000000000001,12.83,12.75,-0.08000000000000007,-0.6235385814497277,-0.007350877192982486,6.666666666666663,20260122,20260225,13.6,锦龙股份
000798.SZ,平衡型,1.5999999999999996,1.4000000000000004,-0.1999999999999993,-12.49999999999996,-0.021754385964912283,11.111111111111114,15.82,75.65,59.830000000000005,378.1921618204804,3.3800877192982455,11.27,11.98,0.7100000000000009,6.299911268855377,0.0422105263157895,5.175292153589309,20260122,20260225,12.6,中水渔业
000838.SZ,平衡型,1.0,0.6000000000000001,-0.3999999999999999,-39.99999999999999,-0.02245614035087719,20.689655172413797,20.42,80.42,60.0,293.82957884427026,2.442087719298246,3.07,2.62,-0.44999999999999973,-14.657980456026051,-0.03250877192982455,10.68702290076335,20260122,20260225,2.9,财信发展
000917.SZ,平衡型,2.5,1.799999999999999,-0.7000000000000011,-28.000000000000043,-0.026666666666666672,14.285714285714276,30.15,64.34,34.190000000000005,113.39966832504149,1.9305964912280702,12.05,11.8,-0.25,-2.0746887966804977,-0.029192982456140347,6.7796610169491425,20260122,20260225,12.6,电广传媒
000955.SZ,平衡型,1.4000000000000004,0.9000000000000004,-0.5,-35.7142857142857,-0.023859649122807008,13.846153846153852,40.37,77.72,37.35,92.5191974238296,1.2319649122807017,5.96,5.81,-0.15000000000000036,-2.516778523489939,-0.008736842105263164,11.876075731497426,20260122,20260225,6.5,欣龙控股
000969.SZ,平衡型,4.699999999999999,3.6999999999999993,-1.0,-21.276595744680854,-0.05157894736842097,13.602941176470587,49.91,62.46,12.550000000000004,25.145261470647174,0.31733333333333336,26.44,24.77,-1.6700000000000017,-6.316187594553712,-0.0985964912280702,9.810254339927331,20260122,20260225,27.2,安泰科技
000999.SZ,平衡型,5.199999999999996,4.799999999999997,-0.3999999999999986,-7.692307692307672,-0.03157894736842095,14.814814814814806,15.46,56.85,41.39,267.72315653298836,2.627719298245614,29.35,29.16,-0.19000000000000128,-0.6473594548552003,-0.010964912280701785,11.111111111111107,20260122,20260225,32.4,华润三九
600076.SH,平衡型,1.4999999999999996,0.8000000000000003,-0.6999999999999993,-46.666666666666636,-0.037368421052631544,18.181818181818183,31.07,55.85,24.78,79.75539105246219,0.5098771929824562,4.07,4.07,0.0,0.0,-0.002175438596491233,8.10810810810811,20260122,20260225,4.4,康欣新材
600089.SH,平衡型,6.399999999999999,2.8000000000000007,-3.599999999999998,-56.24999999999998,-0.15824561403508772,9.27152317880795,23.01,95.68,72.67,315.819209039548,3.234701754385965,29.5,28.59,-0.9100000000000001,-3.084745762711865,-0.0590877192982456,5.631339629240991,20260122,20260225,30.2,特变电工
600228.SH,平衡型,2.5999999999999996,1.4000000000000004,-1.1999999999999993,-46.15384615384613,-0.06894736842105262,21.875000000000007,41.7,72.28,30.58,73.33333333333333,0.6038771929824561,5.63,5.82,0.1900000000000004,3.3747779751332216,0.014456140350877196,9.965635738831615,20260122,20260225,6.4,*ST返利
600292.SH,平衡型,3.8000000000000007,3.3999999999999986,-0.40000000000000213,-10.526315789473738,-0.03719298245614043,20.987654320987648,63.75,91.4,27.650000000000006,43.37254901960785,1.5838947368421055,13.58,14.63,1.0500000000000007,7.731958762886604,0.04914035087719299,10.731373889268616,20260122,20260225,16.2,电投水电
600303.SH,平衡型,0.6999999999999997,0.2999999999999998,-0.3999999999999999,-57.14285714285715,-0.027017543859649107,8.571428571428566,75.72,95.05,19.33,25.528262017960905,2.630473684210527,3.39,3.41,0.020000000000000018,0.5899705014749268,0.0006842105263157889,2.63929618768328,20260122,20260225,3.5,曙光股份
600329.SH,平衡型,13.5,10.0,-3.5,-25.925925925925924,-0.2114035087719298,21.73913043478261,26.74,74.17,47.43000000000001,177.37471952131642,2.8885789473684205,42.61,42.68,0.07000000000000028,0.164280685285145,0.00614035087719292,7.7788191190253055,20260122,20260225,46.0,达仁堂
600383.SH,平衡型,1.0999999999999996,0.6000000000000001,-0.49999999999999956,-45.45454545454543,-0.03122807017543858,16.216216216216218,46.67,83.97,37.3,79.92286265266766,1.7714035087719298,3.35,3.38,0.029999999999999805,0.8955223880596956,0.002578947368421056,9.467455621301783,20260122,20260225,3.7,金地集团
600505.SH,平衡型,2.0,1.6999999999999993,-0.3000000000000007,-15.000000000000036,-0.025087719298245638,11.643835616438352,43.78,90.53,46.75,106.78391959798994,1.5341052631578946,13.76,13.98,0.22000000000000064,1.5988372093023302,0.008578947368421082,4.4349070100143,20260122,20260225,14.6,西昌电力
600508.SH,平衡型,2.6999999999999993,2.1000000000000014,-0.5999999999999979,-22.22222222222215,-0.027368421052631483,15.217391304347835,54.24,72.77,18.529999999999994,34.16297935103243,0.47692982456140376,12.7,12.62,-0.08000000000000007,-0.6299212598425202,-0.00464912280701752,9.350237717908094,20260122,20260225,13.8,上海能源
600520.SH,平衡型,5.600000000000001,4.0,-1.6000000000000014,-28.57142857142859,-0.10245614035087726,13.333333333333334,40.13,62.08,21.949999999999996,54.697233989534,1.592017543859649,28.52,28.06,-0.46000000000000085,-1.6129032258064546,-0.028736842105263206,6.913756236635786,20260122,20260225,30.0,三佳科技
600550.SH,平衡型,4.4,2.599999999999998,-1.8000000000000025,-40.90909090909096,-0.12280701754385982,14.942528735632173,19.05,92.66,73.61,386.4041994750656,2.5795087719298246,15.36,16.04,0.6799999999999997,4.427083333333331,0.03363157894736839,8.4788029925187,20260122,20260225,17.4,保变电气
600644.SH,平衡型,2.1999999999999993,0.9000000000000004,-1.299999999999999,-59.09090909090906,-0.06666666666666662,7.6271186440677985,39.65,81.5,41.85,105.54854981084489,2.3085087719298247,11.32,11.31,-0.009999999999999787,-0.0883392226148391,-0.003298245614035064,4.3324491600353685,20260122,20260225,11.8,乐山电力
600671.SH,平衡型,5.399999999999999,4.800000000000001,-0.5999999999999979,-11.111111111111075,-0.05403508771929823,20.689655172413797,29.07,73.58,44.51,153.11317509459923,3.6993508771929817,20.45,20.87,0.4200000000000017,2.053789731051353,-0.005964912280701777,11.164350742692852,20260122,20260225,23.2,天目药业
600690.SH,平衡型,4.5,3.900000000000002,-0.5999999999999979,-13.333333333333286,-0.027368421052631424,14.130434782608702,51.55,70.54,18.99000000000001,36.83802133850632,2.0077368421052633,25.85,25.76,-0.08999999999999986,-0.34816247582204973,-0.005508771929824525,7.142857142857142,20260122,20260225,27.6,海尔智家
600732.SH,平衡型,3.599999999999998,2.0,-1.5999999999999979,-44.444444444444414,-0.09228070175438578,13.157894736842104,23.79,58.71,34.92,146.7843631778058,0.3300526315789475,14.09,14.38,0.2900000000000009,2.0581973030518164,0.015298245614035129,5.702364394993036,20260122,20260225,15.2,爱旭股份
600769.SH,平衡型,2.1999999999999993,1.6999999999999993,-0.5,-22.727272727272734,-0.02298245614035082,12.408759124087588,25.39,75.85,50.459999999999994,198.73966128397004,3.1277894736842105,12.96,12.8,-0.16000000000000014,-1.234567901234569,-0.01140350877192985,7.031249999999989,20260122,20260225,13.7,祥龙电业
600775.SH,平衡型,3.5999999999999996,1.299999999999999,-2.3000000000000007,-63.888888888888914,-0.07824561403508784,8.609271523178801,60.58,92.41,31.83,52.542093100033014,1.9475263157894735,14.97,14.47,-0.5,-3.34001336005344,-0.03498245614035087,4.35383552176917,20260122,20260225,15.1,南京熊猫
600831.SH,平衡型,1.2000000000000002,0.5999999999999996,-0.6000000000000005,-50.000000000000036,-0.022456140350877212,12.499999999999993,44.54,61.65,17.11,38.414907947911985,1.7613333333333336,4.45,4.46,0.009999999999999787,0.22471910112359073,0.001035087719298247,7.623318385650221,20260122,20260225,4.8,广电网络
600872.SH,平衡型,3.1999999999999993,2.400000000000002,-0.7999999999999972,-24.99999999999992,-0.06315789473684187,12.244897959183684,38.71,87.08,48.37,124.95479204339964,3.2226842105263156,19.01,19.16,0.14999999999999858,0.7890583903208762,0.008947368421052622,2.296450939457209,20260122,20260225,19.6,中炬高新
002028.SZ,平衡型,51.19999999999999,46.400000000000006,-4.799999999999983,-9.374999999999968,-0.29192982456140293,20.567375886524825,44.58,76.25,31.67,71.04082548227906,2.842894736842106,184.72,208.27,23.55000000000001,12.749025552187101,1.2209473684210526,8.320929562587018,20260122,20260225,225.6,思源电气
600984.SH,平衡型,1.1999999999999997,1.0,-0.19999999999999973,-16.66666666666665,-0.02140350877192981,20.0,5.18,97.01,91.83000000000001,1772.779922779923,3.712526315789475,4.23,4.58,0.34999999999999964,8.27423167848699,0.015894736842105253,9.170305676855893,20260122,20260225,5.0,建设机械
601001.SH,平衡型,3.6999999999999993,3.4000000000000004,-0.29999999999999893,-8.10810810810808,-0.03263157894736849,20.60606060606061,75.76,95.39,19.629999999999995,25.910770855332622,1.6422280701754386,14.29,14.85,0.5600000000000005,3.9188243526941955,0.03107017543859648,11.111111111111112,20260122,20260225,16.5,晋控煤业
002069.SZ,平衡型,0.9999999999999996,0.6000000000000001,-0.39999999999999947,-39.999999999999964,-0.024210526315789464,14.285714285714288,65.36,87.73,22.370000000000005,34.22582619339046,2.038421052631579,4.09,4.12,0.03000000000000025,0.7334963325183435,0.0020000000000000118,1.9417475728155356,20260122,20260225,4.2,獐子岛
002083.SZ,平衡型,2.0,1.5999999999999996,-0.40000000000000036,-20.000000000000018,-0.026140350877193033,12.307692307692305,19.64,63.22,43.58,221.89409368635435,2.0554035087719296,12.82,11.95,-0.870000000000001,-6.786271450858042,-0.046596491228070164,8.786610878661094,20260122,20260225,13.0,孚日股份
002156.SZ,平衡型,15.600000000000001,8.400000000000006,-7.199999999999996,-46.153846153846125,-0.09614035087719275,15.217391304347835,47.89,65.86,17.97,37.523491334307785,0.20192982456140365,53.83,50.06,-3.769999999999996,-7.003529630317659,-0.2830175438596491,10.267678785457452,20260122,20260225,55.2,通富微电
002173.SZ,平衡型,5.100000000000001,2.3000000000000007,-2.8000000000000007,-54.90196078431372,-0.10578947368421052,7.615894039735102,65.14,94.66,29.519999999999996,45.31777709548664,2.01480701754386,29.28,29.13,-0.15000000000000213,-0.5122950819672204,-0.011789473684210587,3.673189152076898,20260122,20260225,30.2,创新医疗
002208.SZ,平衡型,3.599999999999998,3.1999999999999993,-0.3999999999999986,-11.111111111111079,-0.04070175438596487,19.16167664670658,37.8,63.36,25.560000000000002,67.61904761904763,3.49119298245614,15.19,15.13,-0.05999999999999872,-0.3949967083607553,-0.028263157894736865,10.37673496364837,20260122,20260225,16.7,合肥城建
002195.SZ,平衡型,3.299999999999999,0.8999999999999986,-2.4000000000000004,-72.72727272727276,-0.10245614035087713,8.411214953271015,68.94,89.38,20.439999999999998,29.648970118944007,0.500719298245614,10.06,10.16,0.09999999999999964,0.9940357852882667,-0.004000000000000005,5.314960629921251,20260122,20260225,10.7,岩山科技
601390.SH,平衡型,7.000000000000001,1.4000000000000004,-5.6000000000000005,-80.0,-0.24754385964912284,20.895522388059707,33.27,85.82,52.54999999999999,157.95010519987974,0.5014035087719297,6.24,6.01,-0.23000000000000043,-3.685897435897443,-0.011807017543859639,11.48086522462563,20260122,20260225,6.7,中国中铁
002222.SZ,平衡型,13.600000000000001,7.199999999999989,-6.400000000000013,-47.05882352941185,-0.4035087719298247,9.78260869565216,35.28,59.43,24.15,68.45238095238095,2.734824561403509,69.37,69.73,0.35999999999999943,0.5189563211763002,0.009403508771929874,5.549978488455457,20260122,20260225,73.6,福晶科技
002235.SZ,平衡型,1.799999999999999,1.0,-0.7999999999999989,-44.444444444444414,-0.03929824561403509,9.090909090909092,44.75,66.69,21.939999999999998,49.02793296089385,0.8427719298245616,10.34,10.64,0.3000000000000007,2.9013539651837594,0.021473684210526336,3.3834586466165355,20260122,20260225,11.0,安妮股份
002255.SZ,平衡型,1.6999999999999993,1.5,-0.1999999999999993,-11.764705882352905,-0.02245614035087716,11.11111111111111,53.8,81.53,27.730000000000004,51.54275092936804,1.9174736842105264,13.6,12.45,-1.1500000000000004,-8.45588235294118,-0.0625263157894737,8.433734939759043,20260122,20260225,13.5,海陆重工
002270.SZ,平衡型,9.3,6.899999999999999,-2.400000000000002,-25.806451612903246,-0.12157894736842122,19.827586206896548,27.35,77.91,50.559999999999995,184.8628884826325,3.853491228070175,32.33,32.12,-0.21000000000000085,-0.6495515001546578,-0.01935087719298264,8.34371108343711,20260122,20260225,34.8,华明装备
002290.SZ,平衡型,16.0,10.800000000000004,-5.199999999999996,-32.49999999999997,-0.22245614035087732,16.265060240963862,52.05,84.15,32.10000000000001,61.67146974063402,2.347456140350877,61.94,60.16,-1.7800000000000011,-2.8737487891507927,-0.10829824561403514,10.372340425531931,20260122,20260225,66.4,禾盛新材
601126.SH,平衡型,10.0,8.0,-2.0,-20.0,-0.12491228070175452,18.348623853211006,36.72,56.12,19.4,52.83224400871459,1.7978771929824564,36.9,40.65,3.75,10.16260162601626,0.16057894736842096,7.257072570725715,20260122,20260225,43.6,四方股份
300353.SZ,平衡型,6.400000000000002,2.900000000000002,-3.5,-54.68749999999998,-0.19631578947368417,11.693548387096781,22.32,84.88,62.559999999999995,280.2867383512544,4.311280701754385,23.52,23.53,0.010000000000001563,0.042517006802727735,-0.002035087719298277,5.397365065873351,20260122,20260225,24.8,东土科技
300444.SZ,平衡型,1.8000000000000007,1.3000000000000007,-0.5,-27.777777777777768,-0.04140350877192985,8.176100628930822,1.07,75.47,74.4,6953.271028037383,1.096140350877193,14.68,15.32,0.6400000000000006,4.359673024523165,0.04763157894736842,3.7859007832898173,20260122,20260225,15.9,双杰电气
601877.SH,平衡型,6.800000000000001,6.0,-0.8000000000000007,-11.764705882352951,-0.050526315789473766,17.857142857142858,72.31,89.62,17.310000000000002,23.938597704328586,0.9032631578947369,30.16,30.53,0.370000000000001,1.2267904509283853,0.012192982456140387,10.055682934818213,20260122,20260225,33.6,正泰电器
002347.SZ,平衡型,1.799999999999999,0.9000000000000004,-0.8999999999999986,-49.99999999999995,-0.03052631578947367,8.737864077669906,58.62,74.59,15.970000000000006,27.2432616854316,0.7450701754385965,10.38,9.87,-0.5100000000000016,-4.913294797687876,-0.028771929824561452,4.356636271529904,20260122,20260225,10.3,泰尔股份
002364.SZ,平衡型,6.399999999999999,5.599999999999998,-0.8000000000000007,-12.500000000000014,-0.04070175438596481,15.819209039548019,30.42,97.3,66.88,219.85535831689674,2.686157894736842,31.71,32.72,1.009999999999998,3.1851151056449005,0.03203508771929821,8.190709046454767,20260122,20260225,35.4,中恒电气
002380.SZ,平衡型,6.0,3.599999999999998,-2.400000000000002,-40.000000000000036,-0.07684210526315789,10.975609756097555,25.41,70.53,45.120000000000005,177.56788665879577,3.2121578947368423,31.55,30.93,-0.620000000000001,-1.9651347068145832,-0.05801754385964906,6.045910119624951,20260122,20260225,32.8,科远智慧
002384.SZ,平衡型,14.400000000000006,12.799999999999997,-1.6000000000000085,-11.111111111111166,-0.02245614035087761,15.38461538461538,22.32,81.89,59.57,266.89068100358423,3.070561403508772,79.27,76.23,-3.039999999999992,-3.8349943231991825,-0.203859649122807,9.143381870654595,20260122,20260225,83.2,东山精密
300054.SZ,平衡型,10.0,6.0,-4.0,-40.0,-0.22385964912280715,12.5,44.39,86.3,41.91,94.41315611624239,1.2231754385964912,45.63,45.05,-0.5800000000000054,-1.2710935787858983,-0.05268421052631578,6.548279689234191,20260122,20260225,48.0,鼎龙股份
002459.SZ,平衡型,4.0,2.8000000000000007,-1.1999999999999993,-29.999999999999982,-0.06947368421052623,20.000000000000004,37.18,66.55,29.369999999999997,78.99408284023667,0.615719298245614,12.53,12.57,0.040000000000000924,0.3192338387869188,0.004859649122807054,11.376292760540968,20260122,20260225,14.0,晶澳科技
300099.SZ,平衡型,0.9999999999999991,0.8000000000000007,-0.1999999999999984,-19.999999999999858,-0.028245614035087678,9.090909090909099,67.05,96.5,29.450000000000003,43.92244593586876,0.7363859649122805,7.9,8.38,0.4800000000000004,6.075949367088613,0.018929824561403515,5.0119331742243425,20260122,20260225,8.8,尤洛卡
002484.SZ,平衡型,5.400000000000002,4.800000000000001,-0.6000000000000014,-11.111111111111132,-0.07087719298245636,14.723926380368098,71.2,99.17,27.97,39.28370786516854,0.24643859649122832,30.07,30.21,0.14000000000000057,0.46558031260392607,-0.020807017543859642,7.911287653095004,20260122,20260225,32.6,江海股份
300111.SZ,平衡型,1.2000000000000002,0.5999999999999996,-0.6000000000000005,-50.000000000000036,-0.03263157894736848,11.999999999999993,30.63,78.92,48.290000000000006,157.6558929154424,1.4743684210526316,4.79,4.68,-0.11000000000000032,-2.296450939457209,-0.006929824561403528,6.8376068376068435,20260122,20260225,5.0,向日葵
300130.SZ,平衡型,4.199999999999999,3.1000000000000014,-1.0999999999999979,-26.19047619047614,-0.0508771929824561,10.472972972972977,28.34,58.77,30.430000000000003,107.37473535638675,0.6909824561403509,28.4,27.59,-0.8099999999999987,-2.8521126760563336,-0.04959649122807014,7.28524827836173,20260122,20260225,29.6,新国都
002643.SZ,平衡型,3.8000000000000007,2.6000000000000014,-1.1999999999999993,-31.57894736842103,-0.07087719298245611,14.606741573033716,51.23,90.68,39.45000000000001,77.00566074565687,0.8914561403508776,16.56,16.79,0.23000000000000043,1.3888888888888915,0.0040350877192982595,6.01548540798095,20260122,20260225,17.8,万润股份
300151.SZ,平衡型,4.0,2.400000000000002,-1.5999999999999979,-39.99999999999994,-0.10666666666666652,13.636363636363647,62.7,84.52,21.819999999999993,34.80063795853268,0.42277192982456124,16.46,16.87,0.41000000000000014,2.490886998784934,0.014526315789473635,4.327208061647898,20260122,20260225,17.6,昌红科技
002546.SZ,平衡型,1.5999999999999996,0.7999999999999989,-0.8000000000000007,-50.00000000000006,-0.03438596491228065,8.333333333333323,14.07,90.26,76.19,541.5067519545131,3.735649122807018,9.4,9.2,-0.20000000000000107,-2.1276595744680966,-0.015684210526315776,4.347826086956526,20260122,20260225,9.6,新联电子
601616.SH,平衡型,0.9000000000000004,0.5,-0.40000000000000036,-44.444444444444464,-0.035964912280701734,9.090909090909092,23.04,90.32,67.28,292.01388888888886,2.519122807017544,6.06,5.26,-0.7999999999999998,-13.2013201320132,-0.03608771929824561,4.562737642585556,20260122,20260225,5.5,广电电气
002706.SZ,平衡型,2.3999999999999986,1.6000000000000014,-0.7999999999999972,-33.333333333333236,-0.041754385964912134,13.559322033898317,52.06,86.72,34.66,66.57702650787552,1.8020701754385962,11.3,11.12,-0.1800000000000015,-1.592920353982314,-0.021122807017543873,6.115107913669079,20260122,20260225,11.8,良信股份
300214.SZ,平衡型,1.6000000000000005,1.1000000000000005,-0.5,-31.24999999999999,-0.030701754385964876,13.924050632911397,71.98,90.27,18.289999999999992,25.40983606557376,0.4040877192982454,7.31,7.35,0.040000000000000036,0.5471956224350211,0.00014035087719298413,7.482993197278922,20260122,20260225,7.9,日科化学
002571.SZ,平衡型,1.5,1.200000000000001,-0.29999999999999893,-19.99999999999993,-0.02578947368421043,9.302325581395356,37.94,96.2,58.260000000000005,153.55824986821298,2.5978070175438597,12.43,12.25,-0.17999999999999972,-1.4481094127111804,-0.010631578947368384,5.306122448979594,20260122,20260225,12.9,德力股份
002580.SZ,平衡型,2.1999999999999993,1.299999999999999,-0.9000000000000004,-40.90909090909094,-0.05350877192982456,9.558823529411757,62.77,93.53,30.759999999999998,49.00430141787477,1.5626491228070174,13.02,13.04,0.019999999999999574,0.1536098310291826,-0.0017719298245614217,4.2944785276073665,20260122,20260225,13.6,圣阳股份
300215.SZ,平衡型,1.700000000000001,1.299999999999999,-0.40000000000000213,-23.529411764705994,-0.022631578947368423,12.264150943396217,16.6,75.49,58.88999999999999,354.7590361445782,2.044,9.22,9.9,0.6799999999999997,7.375271149674617,0.04475438596491229,7.070707070707064,20260122,20260225,10.6,电科院
300222.SZ,平衡型,1.799999999999999,1.0999999999999996,-0.6999999999999993,-38.88888888888887,-0.038596491228070066,8.87096774193548,59.11,83.98,24.870000000000005,42.074099137201834,2.0459122807017547,11.98,11.96,-0.019999999999999574,-0.16694490818029692,-0.005122807017543844,3.678929765886283,20260122,20260225,12.4,科大智能
300231.SZ,平衡型,1.6000000000000014,1.0999999999999996,-0.5000000000000018,-31.25000000000008,-0.032456140350877336,9.401709401709399,53.61,76.36,22.75,42.43611266554747,1.260701754385965,11.09,11.31,0.22000000000000064,1.9837691614066784,0.011649122807017572,3.448275862068954,20260122,20260225,11.7,银信科技
300226.SZ,平衡型,4.700000000000003,2.8000000000000007,-1.9000000000000021,-40.42553191489364,-0.05824561403508776,9.150326797385624,39.7,76.38,36.67999999999999,92.39294710327454,0.5953333333333332,29.9,29.21,-0.6899999999999977,-2.3076923076923004,-0.05212280701754382,4.7586442998972975,20260122,20260225,30.6,上海钢联
300236.SZ,平衡型,17.599999999999994,10.399999999999991,-7.200000000000003,-40.90909090909094,-0.26245614035087733,12.149532710280365,29.65,77.07,47.419999999999995,159.9325463743676,1.3729649122807017,82.03,79.53,-2.5,-3.047665488236011,-0.17519298245614034,7.632339997485217,20260122,20260225,85.6,上海新阳
002629.SZ,平衡型,2.0999999999999996,0.7999999999999998,-1.2999999999999998,-61.904761904761905,-0.07666666666666665,11.764705882352938,61.79,74.64,12.850000000000001,20.796245347143554,0.9466315789473687,6.45,6.44,-0.009999999999999787,-0.15503875968991915,-0.0037017543859649083,5.590062111801234,20260122,20260225,6.8,仁智股份
300283.SZ,平衡型,1.6000000000000005,0.9000000000000004,-0.7000000000000002,-43.74999999999999,-0.034035087719298265,10.000000000000004,44.69,73.11,28.42,63.59364511076304,0.7444736842105262,8.75,8.39,-0.35999999999999943,-4.114285714285708,-0.022894736842105228,7.270560190703211,20260122,20260225,9.0,温州宏丰
002631.SZ,平衡型,1.2000000000000002,0.7999999999999998,-0.40000000000000036,-33.33333333333336,-0.024210526315789495,12.90322580645161,69.01,82.96,13.949999999999989,20.214461672221397,1.2880526315789471,6.08,6.02,-0.0600000000000005,-0.986842105263166,-0.0031754385964912354,2.9900332225913724,20260122,20260225,6.2,德尔未来
002633.SZ,平衡型,2.6000000000000014,2.1999999999999993,-0.40000000000000213,-15.384615384615458,-0.020701754385965106,12.087912087912084,50.03,88.64,38.61,77.17369578253049,3.309,16.94,16.84,-0.10000000000000142,-0.5903187721369623,-0.008315789473684226,8.076009501187645,20260122,20260225,18.2,申科股份
300279.SZ,平衡型,2.6000000000000005,0.8000000000000007,-1.7999999999999998,-69.23076923076921,-0.11807017543859646,8.510638297872347,22.35,77.52,55.169999999999995,246.8456375838926,3.152,8.91,9.04,0.129999999999999,1.4590347923681146,0.012017543859649085,3.982300884955766,20260122,20260225,9.4,和晶科技
300285.SZ,平衡型,8.800000000000004,6.400000000000002,-2.400000000000002,-27.27272727272728,-0.15789473684210545,17.977528089887645,64.29,93.94,29.64999999999999,46.119147612381376,0.9837192982456139,31.58,32.29,0.7100000000000009,2.248258391386957,-0.02143859649122808,10.250851656859716,20260122,20260225,35.6,国瓷材料
300314.SZ,平衡型,1.9000000000000004,1.1999999999999993,-0.7000000000000011,-36.84210526315794,-0.04491228070175444,8.275862068965512,58.33,75.85,17.519999999999996,30.036002057260408,1.3670526315789473,13.84,14.13,0.2900000000000009,2.095375722543359,0.01578947368421053,2.6185421089879632,20260122,20260225,14.5,戴维医疗
603123.SH,平衡型,2.4000000000000004,1.700000000000001,-0.6999999999999993,-29.166666666666636,-0.028070175438596492,11.805555555555562,30.83,70.21,39.379999999999995,127.7327278624716,1.813561403508772,14.3,13.33,-0.9700000000000006,-6.783216783216788,-0.04571929824561403,8.027006751687923,20260122,20260225,14.4,翠微股份
002682.SZ,平衡型,1.4000000000000004,0.5999999999999996,-0.8000000000000007,-57.14285714285718,-0.04228070175438596,7.999999999999995,58.55,81.88,23.33,39.8462852263023,0.6584912280701755,7.28,7.2,-0.08000000000000007,-1.0989010989010999,-0.00431578947368421,4.166666666666664,20260122,20260225,7.5,龙洲股份
300322.SZ,平衡型,5.099999999999998,2.8999999999999986,-2.1999999999999993,-43.13725490196079,-0.07649122807017551,9.999999999999995,31.51,90.97,59.459999999999994,188.7019993652808,0.9198070175438596,28.84,27.19,-1.6499999999999986,-5.721220527045765,-0.10528070175438595,6.656859139389476,20260122,20260225,29.0,硕贝德
002679.SZ,平衡型,3.4000000000000004,2.1999999999999993,-1.200000000000001,-35.294117647058854,-0.05157894736842106,16.17647058823529,54.47,86.22,31.75,58.28896640352488,1.332421052631579,12.32,12.24,-0.08000000000000007,-0.6493506493506499,-0.021894736842105203,11.111111111111107,20260122,20260225,13.6,福建金森
300397.SZ,平衡型,2.700000000000001,2.0999999999999996,-0.6000000000000014,-22.222222222222264,-0.021403508771929845,13.461538461538462,51.6,87.24,35.63999999999999,69.06976744186045,3.6185438596491233,15.14,14.4,-0.7400000000000002,-4.88771466314399,-0.045789473684210526,8.333333333333329,20260122,20260225,15.6,天和防务
002703.SZ,平衡型,5.099999999999998,4.399999999999999,-0.6999999999999993,-13.725490196078423,-0.10561403508771924,17.460317460317455,10.72,91.32,80.6,751.865671641791,2.9608947368421052,24.0,23.63,-0.370000000000001,-1.541666666666671,-0.09140350877192986,6.6440964875158715,20260122,20260225,25.2,浙江世宝
002748.SZ,平衡型,2.0,1.1000000000000014,-0.8999999999999986,-44.99999999999993,-0.05912280701754383,8.270676691729333,53.87,94.47,40.6,75.36662335251532,1.9884385964912281,12.79,12.7,-0.08999999999999986,-0.7036747458952296,-0.008087719298245581,4.72440944881891,20260122,20260225,13.3,世龙实业
603005.SH,平衡型,5.199999999999999,4.399999999999999,-0.8000000000000007,-15.3846153846154,-0.04842105263157895,12.94117647058823,57.46,86.49,29.029999999999994,50.522102332057074,1.1581052631578945,30.4,32.19,1.7899999999999991,5.88815789473684,0.0647368421052631,5.622864243553906,20260122,20260225,34.0,晶方科技
300438.SZ,平衡型,9.799999999999997,6.600000000000001,-3.1999999999999957,-32.65306122448976,-0.1694736842105262,13.043478260869568,22.22,57.7,35.480000000000004,159.6759675967597,2.4042456140350876,48.42,47.55,-0.8700000000000045,-1.796778190830245,-0.06905263157894738,6.4143007360673066,20260122,20260225,50.6,鹏辉能源
603789.SH,平衡型,1.2000000000000002,0.7999999999999998,-0.40000000000000036,-33.33333333333336,-0.030877192982456163,13.33333333333333,31.89,78.18,46.290000000000006,145.15522107243652,2.0850701754385965,5.75,5.75,0.0,0.0,-0.00029824561403508134,4.3478260869565215,20260122,20260225,6.0,*ST星农
300467.SZ,平衡型,6.200000000000003,3.1999999999999993,-3.0000000000000036,-48.38709677419358,-0.1824561403508774,9.142857142857142,43.23,68.69,25.46,58.89428637520241,3.2615263157894745,33.64,33.59,-0.04999999999999716,-0.14863258026158488,0.001578947368421175,4.197677880321514,20260122,20260225,35.0,迅游科技
002730.SZ,平衡型,2.1999999999999993,2.0,-0.1999999999999993,-9.090909090909062,-0.023157894736842023,11.904761904761903,73.08,96.81,23.730000000000004,32.4712643678161,2.208017543859649,15.68,15.94,0.2599999999999998,1.6581632653061211,0.010824561403508803,5.395232120451702,20260122,20260225,16.8,电光科技
002732.SZ,平衡型,2.099999999999998,1.8000000000000007,-0.29999999999999716,-14.285714285714166,-0.02210526315789453,9.677419354838712,66.33,81.49,15.159999999999997,22.85541987034524,1.3188070175438595,17.65,17.71,0.060000000000002274,0.3399433427762169,0.0043157894736842615,5.025409373235464,20260122,20260225,18.6,燕塘乳业
300523.SZ,平衡型,5.400000000000002,3.599999999999998,-1.8000000000000043,-33.3333333333334,-0.0863157894736844,13.63636363636363,46.16,76.45,30.290000000000006,65.61958405545928,1.6854736842105265,24.74,24.45,-0.28999999999999915,-1.172190784155211,-0.021912280701754352,7.975460122699383,20260122,20260225,26.4,辰安科技
603017.SH,平衡型,2.9000000000000004,1.5,-1.4000000000000004,-48.27586206896552,-0.05754385964912284,11.194029850746269,68.59,86.8,18.209999999999994,26.54905962968362,2.5877543859649124,12.84,12.55,-0.28999999999999915,-2.25856697819314,-0.017333333333333322,6.772908366533861,20260122,20260225,13.4,中衡设计
300552.SZ,平衡型,5.599999999999994,3.900000000000002,-1.6999999999999922,-30.357142857142748,-0.083157894736842,10.955056179775287,14.59,58.34,43.75,299.8629198080877,2.721894736842105,35.81,33.79,-2.020000000000003,-5.64088243507401,-0.1281754385964912,5.356614382953544,20260122,20260225,35.6,万集科技
300469.SZ,平衡型,11.399999999999991,9.600000000000009,-1.799999999999983,-15.789473684210389,-0.07473684210526245,13.445378151260515,40.09,87.92,47.83,119.3065602394612,3.248157894736842,65.94,66.57,0.6299999999999955,0.9554140127388467,0.011719298245613822,7.255520504731881,20260122,20260225,71.4,信息发展
603986.SH,平衡型,60.900000000000006,52.5,-8.400000000000006,-13.79310344827587,-0.44210526315789456,16.233766233766232,53.97,70.89,16.92,31.350750416898283,0.6412807017543863,292.19,298.32,6.1299999999999955,2.097949964064477,-0.038877192982456184,8.407079646017694,20260122,20260225,323.4,兆易创新
002789.SZ,平衡型,2.4000000000000004,1.4000000000000004,-1.0,-41.666666666666664,-0.05912280701754392,12.727272727272732,37.72,69.35,31.629999999999995,83.85471898197243,2.25459649122807,10.34,10.23,-0.10999999999999943,-1.0638297872340372,-0.007245614035087674,7.5268817204301035,20260122,20260225,11.0,*ST建艺
603189.SH,平衡型,3.6000000000000014,2.8999999999999986,-0.7000000000000028,-19.444444444444517,-0.03421052631578951,12.888888888888882,46.52,72.3,25.779999999999994,55.41702493551159,2.7653508771929824,21.45,20.99,-0.46000000000000085,-2.1445221445221483,-0.03166666666666668,7.19390185802764,20260122,20260225,22.5,网达软件
300414.SZ,平衡型,3.1000000000000014,2.0000000000000018,-1.0999999999999996,-35.48387096774191,-0.06491228070175441,11.695906432748547,25.19,77.09,51.900000000000006,206.03414053195715,1.3942280701754386,16.8,15.74,-1.0600000000000005,-6.309523809523812,-0.055824561403508784,8.640406607369766,20260122,20260225,17.1,中光防雷
300442.SZ,平衡型,39.599999999999994,15.0,-24.599999999999994,-62.12121212121211,-1.918681318681319,16.778523489932883,48.09,78.0,29.909999999999997,62.195882719900176,1.1933516483516484,77.15,81.9,4.75,6.156837329876863,0.3813186813186813,9.157509157509157,20260122,20260225,89.4,润泽科技
300456.SZ,平衡型,9.600000000000001,4.200000000000003,-5.399999999999999,-56.24999999999998,-0.3894736842105264,7.500000000000005,55.42,79.92,24.5,44.20786719595814,1.681578947368421,57.42,53.94,-3.480000000000004,-6.060606060606067,-0.17063157894736827,3.819058212829074,20260122,20260225,56.0,赛微电子
300499.SZ,平衡型,3.8000000000000007,3.5,-0.3000000000000007,-7.894736842105281,-0.03140350877192979,10.9717868338558,22.95,89.01,66.06,287.84313725490193,4.071929824561403,31.42,30.74,-0.6800000000000033,-2.1642266072565346,-0.06408771929824564,3.773584905660378,20260122,20260225,31.9,高澜股份
603067.SH,平衡型,10.800000000000004,6.199999999999996,-4.6000000000000085,-42.59259259259265,-0.2919298245614036,15.57788944723617,46.05,99.26,53.21000000000001,115.5483170466884,2.1578421052631582,36.82,36.25,-0.5700000000000003,-1.5480717001629558,-0.06492982456140342,9.793103448275854,20260122,20260225,39.8,振华股份
300446.SZ,平衡型,5.099999999999998,2.1999999999999993,-2.8999999999999986,-56.86274509803921,-0.14999999999999986,8.627450980392155,32.98,83.2,50.220000000000006,152.2741055184961,0.9311052631578948,25.85,23.94,-1.9100000000000001,-7.388781431334623,-0.10782456140350877,6.5162907268170365,20260122,20260225,25.5,航天智造
300560.SZ,平衡型,2.1000000000000014,1.799999999999999,-0.3000000000000025,-14.285714285714393,-0.03578947368421056,10.650887573964491,40.65,80.19,39.54,97.26937269372694,4.21178947368421,17.43,16.33,-1.1000000000000014,-6.310958118187042,-0.0634035087719298,3.4905082669932663,20260122,20260225,16.9,中富通
300541.SZ,平衡型,2.0999999999999996,1.200000000000001,-0.8999999999999986,-42.8571428571428,-0.05719298245614027,7.228915662650608,41.35,57.9,16.549999999999997,40.0241837968561,0.28014035087719286,15.48,16.12,0.6400000000000006,4.134366925064603,0.039228070175438605,2.9776674937965284,20260122,20260225,16.6,先进数通
601858.SH,平衡型,6.0,5.200000000000003,-0.7999999999999972,-13.333333333333286,-0.04140350877192968,22.033898305084758,42.39,88.27,45.879999999999995,108.23307383816936,2.5395087719298246,21.27,21.58,0.3099999999999987,1.4574518100611131,0.012368421052631617,9.36051899907323,20260122,20260225,23.6,中国科传
603966.SH,平衡型,3.1999999999999993,1.8000000000000007,-1.3999999999999986,-43.749999999999964,-0.07736842105263156,12.587412587412592,21.23,84.4,63.17,297.5506358926048,3.107,13.38,13.12,-0.26000000000000156,-1.943198804185363,-0.011701754385964965,8.993902439024403,20260122,20260225,14.3,法兰泰克
300567.SZ,平衡型,45.5,24.69999999999999,-20.80000000000001,-45.714285714285744,-1.2087719298245616,16.23931623931623,59.41,96.52,37.11,62.464231610839924,1.2828070175438597,140.14,136.62,-3.519999999999982,-2.511773940345356,-0.4801754385964913,11.330698287220018,20260122,20260225,152.1,精测电子
300597.SZ,平衡型,2.1999999999999993,1.5,-0.6999999999999993,-31.818181818181795,-0.044035087719298226,13.513513513513514,43.88,57.59,13.71,31.24430264357338,2.6497192982456137,10.29,10.13,-0.15999999999999837,-1.5549076773566413,-0.009140350877192982,9.575518262586364,20260122,20260225,11.1,吉大通信
300593.SZ,平衡型,5.9999999999999964,3.799999999999997,-2.1999999999999993,-36.66666666666668,-0.1119298245614035,11.728395061728387,28.08,88.99,60.91,216.91595441595442,1.338175438596491,31.86,30.18,-1.6799999999999997,-5.273069679849341,-0.11017543859649123,7.3558648111331975,20260122,20260225,32.4,新雷能
300629.SZ,平衡型,6.699999999999999,2.200000000000003,-4.4999999999999964,-67.16417910447757,-0.24105263157894732,8.118081180811817,35.97,71.42,35.45,98.55435084792884,0.2915614035087719,27.5,25.75,-1.75,-6.363636363636363,-0.09363157894736841,5.242718446601947,20260122,20260225,27.1,新劲刚
603855.SH,平衡型,3.599999999999998,2.6000000000000014,-0.9999999999999964,-27.777777777777697,-0.047368421052631414,12.037037037037043,39.53,76.06,36.53,92.41082721983304,3.35561403508772,19.96,19.97,0.00999999999999801,0.050100200400791634,-0.0003157894736842848,8.162243365047585,20260122,20260225,21.6,华荣股份
603496.SH,平衡型,7.699999999999996,5.600000000000001,-2.0999999999999943,-27.272727272727217,-0.08192982456140341,16.617210682492583,10.58,55.8,45.22,427.4102079395085,2.781263157894737,33.28,30.24,-3.0400000000000027,-9.134615384615392,-0.18078947368421058,11.441798941798957,20260122,20260225,33.7,恒为科技
603721.SH,平衡型,4.399999999999999,3.799999999999997,-0.6000000000000014,-13.636363636363674,-0.032105263157894824,16.964285714285705,55.12,77.94,22.82,41.40058055152395,1.4004210526315792,20.46,20.83,0.36999999999999744,1.8084066471163118,0.02019298245614041,7.537205952952474,20260122,20260225,22.4,*ST天择
300608.SZ,平衡型,2.0999999999999996,1.5,-0.5999999999999996,-28.57142857142856,-0.028245614035087723,11.450381679389313,50.61,62.43,11.82,23.355068168346175,2.490017543859649,12.13,12.47,0.33999999999999986,2.802967848309974,0.01640350877192979,5.052125100240569,20260122,20260225,13.1,思特奇
002880.SZ,平衡型,9.600000000000001,6.199999999999999,-3.400000000000002,-35.416666666666686,-0.21473684210526314,19.1358024691358,24.55,83.29,58.74000000000001,239.2668024439919,1.8142105263157893,28.4,29.52,1.120000000000001,3.9436619718309895,0.07236842105263169,9.756097560975606,20260122,20260225,32.4,卫光生物
603978.SH,平衡型,4.0,3.3999999999999986,-0.6000000000000014,-15.000000000000036,-0.04842105263157908,12.142857142857137,12.29,79.65,67.36000000000001,548.0878763222133,1.116824561403509,27.37,25.98,-1.3900000000000006,-5.078553160394595,-0.07736842105263159,7.775211701308697,20260122,20260225,28.0,深圳新星
001332.SZ,平衡型,11.0,8.599999999999994,-2.4000000000000057,-21.81818181818187,-0.125263157894737,13.694267515923558,36.69,69.45,32.760000000000005,89.28863450531482,1.128842105263158,59.18,58.02,-1.1599999999999966,-1.9601216627238873,-0.0828245614035089,8.238538435022395,20260122,20260225,62.8,锡装股份
603880.SH,平衡型,1.0,0.8000000000000007,-0.1999999999999993,-19.99999999999993,-0.020526315789473667,11.594202898550735,73.11,93.84,20.730000000000004,28.35453426343866,2.1775964912280696,6.35,6.48,0.13000000000000078,2.0472440944882013,0.007701754385964932,6.48148148148148,20260122,20260225,6.9,南卫股份
300648.SZ,平衡型,11.399999999999999,9.0,-2.3999999999999986,-21.05263157894736,-0.18631578947368435,14.423076923076925,22.35,97.06,74.71000000000001,334.2729306487696,4.310894736842105,58.39,58.59,0.20000000000000284,0.34252440486385144,0.012684210526315796,6.502816180235527,20260122,20260225,62.4,星云股份
300963.SZ,平衡型,3.8000000000000007,2.8999999999999986,-0.9000000000000021,-23.68421052631584,-0.05210526315789476,12.946428571428568,33.92,71.08,37.16,109.55188679245282,1.0147543859649122,22.58,20.3,-2.2799999999999976,-10.097431355181568,-0.13643859649122797,10.344827586206886,20260122,20260225,22.4,中洲特材
300604.SZ,平衡型,23.19999999999999,16.799999999999983,-6.400000000000006,-27.58620689655176,-0.2708771929824563,12.068965517241368,34.21,96.31,62.1,181.5258696287635,2.6581754385964915,134.26,129.98,-4.280000000000001,-3.1878444808580375,-0.3275263157894735,7.093398984459147,20260122,20260225,139.2,长川科技
002925.SZ,平衡型,4.400000000000002,4.0,-0.40000000000000213,-9.090909090909136,-0.03508771929824577,18.181818181818183,61.76,98.22,36.46,59.034974093264246,2.6956666666666664,20.22,20.58,0.35999999999999943,1.7804154302670596,0.015543859649122744,6.899902818270174,20260122,20260225,22.0,盈趣科技
300773.SZ,平衡型,3.6000000000000014,2.0,-1.6000000000000014,-44.444444444444464,-0.09368421052631586,6.9930069930069925,20.88,83.58,62.7,300.2873563218391,0.8125087719298245,28.84,27.42,-1.4199999999999982,-4.923717059639383,-0.07991228070175431,4.303428154631654,20260122,20260225,28.6,拉卡拉
300915.SZ,平衡型,3.1999999999999993,2.3999999999999986,-0.8000000000000007,-25.00000000000003,-0.044561403508772024,9.090909090909086,56.84,84.38,27.539999999999992,48.45179451090779,1.5343157894736843,25.04,25.47,0.4299999999999997,1.7172523961661332,0.02668421052631578,3.6513545347467598,20260122,20260225,26.4,海融科技
603810.SH,平衡型,3.200000000000001,2.5999999999999996,-0.6000000000000014,-18.75000000000004,-0.024561403508772124,14.285714285714285,66.13,86.85,20.72,31.332224406472104,1.1921929824561404,16.56,16.56,0.0,0.0,-0.0015614035087718747,9.90338164251208,20260122,20260225,18.2,丰山集团
300753.SZ,平衡型,4.899999999999999,1.8999999999999986,-3.0,-61.22448979591838,-0.14052631578947367,5.523255813953484,14.23,72.87,58.64,412.087139845397,2.707385964912281,35.65,33.55,-2.1000000000000014,-5.890603085554001,-0.11064912280701768,2.5335320417287677,20260122,20260225,34.4,爱朋医疗
603739.SH,平衡型,3.6000000000000014,2.5999999999999996,-1.0000000000000018,-27.777777777777818,-0.057543859649122966,15.11627906976744,55.31,76.52,21.209999999999994,38.34749593201951,1.5782105263157893,15.79,15.71,-0.0799999999999983,-0.5066497783407112,-0.00619298245614035,9.484404837682995,20260122,20260225,17.2,蔚蓝生物
300960.SZ,平衡型,6.600000000000001,5.0,-1.6000000000000014,-24.24242424242426,-0.10736842105263153,17.006802721088434,61.93,89.26,27.330000000000005,44.13046988535444,3.1228771929824566,26.52,26.76,0.240000000000002,0.9049773755656184,0.010666666666666677,9.865470852017925,20260122,20260225,29.4,通业科技
300716.SZ,平衡型,4.0,3.1999999999999993,-0.8000000000000007,-20.000000000000018,-0.041052631578947375,23.529411764705877,46.45,95.39,48.94,105.36060279870827,3.8127894736842105,12.08,12.55,0.47000000000000064,3.8907284768211974,0.03621052631578948,8.366533864541823,20260122,20260225,13.6,ST泉为
300970.SZ,平衡型,3.5,2.3000000000000007,-1.1999999999999993,-34.28571428571426,-0.07561403508771931,9.543568464730292,36.46,95.03,58.57,160.6417992320351,2.837894736842105,22.22,22.85,0.6300000000000026,2.835283528352847,0.029947368421052646,5.470459518599562,20260122,20260225,24.1,华绿生物
002977.SZ,平衡型,5.600000000000001,2.5,-3.1000000000000014,-55.35714285714287,-0.15491228070175422,7.668711656441718,46.72,65.89,19.17,41.03167808219179,1.608789473684211,32.69,31.51,-1.1799999999999962,-3.609666564698673,-0.06522807017543848,3.4592192954617573,20260122,20260225,32.6,天箭科技
300831.SZ,平衡型,2.799999999999999,2.1999999999999993,-0.5999999999999996,-21.428571428571423,-0.06543859649122799,14.193548387096769,28.05,79.9,51.85000000000001,184.84848484848487,4.289017543859649,13.29,14.46,1.1700000000000017,8.803611738148998,0.05096491228070175,7.1922544951590535,20260122,20260225,15.5,派瑞股份
688005.SH,平衡型,8.0,6.0,-2.0,-25.0,-0.05263157894736841,17.142857142857142,13.26,66.58,53.32,402.1116138763198,0.5349473684210525,33.24,32.23,-1.0100000000000051,-3.038507821901339,-0.07743859649122825,8.5944771951598,20260122,20260225,35.0,容百科技
688116.SH,平衡型,12.100000000000001,8.799999999999997,-3.3000000000000043,-27.272727272727305,-0.15631578947368444,16.326530612244895,52.2,89.51,37.31,71.47509578544062,0.5593508771929824,49.55,48.35,-1.1999999999999957,-2.421796165489396,-0.08473684210526305,11.47880041365046,20260122,20260225,53.9,天奈科技
688288.SH,平衡型,4.800000000000001,4.400000000000002,-0.3999999999999986,-8.333333333333302,-0.03438596491228072,14.285714285714294,61.29,88.94,27.65,45.11339533365965,2.9625789473684216,28.22,28.53,0.3100000000000023,1.0985116938341684,0.006526315789473713,7.9565369786189954,20260122,20260225,30.8,鸿泉技术
688016.SH,平衡型,19.200000000000003,16.799999999999997,-2.4000000000000057,-12.500000000000028,-0.12631578947368452,15.555555555555554,46.22,83.01,36.790000000000006,79.59757680657725,1.9021929824561399,99.56,98.76,-0.7999999999999972,-0.80353555644837,-0.04814035087719293,9.356014580801938,20260122,20260225,108.0,心脉医疗
688268.SH,平衡型,13.5,9.0,-4.5,-33.33333333333333,-0.22736842105263116,12.987012987012989,66.53,95.25,28.72,43.16849541560198,0.38985964912280735,66.13,65.78,-0.3499999999999943,-0.5292605474066148,-0.04942105263157887,5.351170568561867,20260122,20260225,69.3,华特气体
688202.SH,平衡型,20.4,13.600000000000009,-6.79999999999999,-33.333333333333286,-0.36982456140350806,19.047619047619058,39.08,89.7,50.620000000000005,129.52917093142273,2.6286491228070177,66.18,65.59,-0.5900000000000034,-0.8915080084617759,-0.019052631578947515,8.858057630736397,20260122,20260225,71.4,美迪西
688310.SH,平衡型,5.700000000000001,3.799999999999999,-1.9000000000000021,-33.333333333333364,-0.10333333333333353,20.320855614973258,75.24,91.32,16.08,21.371610845295056,1.5894912280701752,16.22,16.78,0.5600000000000023,3.4525277435265247,0.029561403508771945,11.44219308700833,20260122,20260225,18.7,迈得医疗
300880.SZ,平衡型,3.1999999999999993,2.8000000000000007,-0.3999999999999986,-12.49999999999996,-0.03157894736842094,13.461538461538463,42.56,86.03,43.47,102.13815789473684,0.6340701754385965,19.46,19.45,-0.010000000000001563,-0.05138746145941194,-0.0037192982456140055,6.940874035989725,20260122,20260225,20.8,迦南智能
003023.SZ,平衡型,2.6000000000000014,2.0,-0.6000000000000014,-23.07692307692312,-0.028421052631578902,8.130081300813007,60.16,82.24,22.08,36.702127659574465,0.7058421052631579,23.61,23.68,0.07000000000000028,0.2964845404489635,-0.00043859649122810135,3.8851351351351426,20260122,20260225,24.6,彩虹集团
605122.SH,平衡型,2.1999999999999993,1.8000000000000007,-0.3999999999999986,-18.181818181818123,-0.029122807017543748,12.500000000000005,77.47,93.52,16.049999999999997,20.71769717309926,1.0209824561403507,13.21,13.52,0.3099999999999987,2.3467070401211108,0.015719298245614022,6.508875739644976,20260122,20260225,14.4,四方新材
605298.SH,平衡型,11.599999999999994,9.199999999999996,-2.3999999999999986,-20.68965517241379,-0.11859649122806996,19.65811965811965,59.86,72.12,12.260000000000005,20.48112261944538,1.1158771929824562,42.08,42.25,0.1700000000000017,0.4039923954372664,0.003070175438596541,10.769230769230763,20260122,20260225,46.8,必得科技
301299.SZ,平衡型,15.0,7.200000000000003,-7.799999999999997,-51.99999999999998,-0.41999999999999976,11.009174311926609,32.89,78.19,45.3,137.7318333840073,3.059754385964912,61.97,61.32,-0.6499999999999986,-1.0488946264321424,-0.0477192982456138,6.653620352250498,20260122,20260225,65.4,卓创资讯
300911.SZ,平衡型,15.199999999999996,8.0,-7.199999999999996,-47.36842105263157,-0.3326315789473682,19.607843137254903,38.66,76.27,37.61,97.2840144852561,3.284210526315789,37.12,36.5,-0.6199999999999974,-1.6702586206896484,-0.03196491228070174,11.780821917808211,20260122,20260225,40.8,亿田智能
300920.SZ,平衡型,8.0,5.600000000000001,-2.3999999999999986,-29.999999999999982,-0.14385964912280688,12.173913043478263,35.95,90.97,55.019999999999996,153.04589707927676,1.2907543859649122,43.65,42.76,-0.8900000000000006,-2.0389461626575045,-0.06598245614035092,7.577174929840978,20260122,20260225,46.0,润阳科技
688596.SH,平衡型,7.799999999999997,6.0,-1.7999999999999972,-23.07692307692305,-0.10596491228070141,16.39344262295082,56.77,77.32,20.54999999999999,36.19869649462743,0.5158947368421052,33.92,33.68,-0.240000000000002,-0.7075471698113266,-0.025912280701754428,8.669833729216156,20260122,20260225,36.6,正帆科技
688017.SH,平衡型,68.80000000000001,41.60000000000002,-27.19999999999999,-39.53488372093021,-1.9592982456140347,16.993464052287592,49.71,81.05,31.339999999999996,63.04566485616575,2.0121754385964907,204.02,223.9,19.879999999999995,9.744142731104791,0.9868070175438595,9.334524341223762,20260122,20260225,244.8,绿的谐波
300966.SZ,平衡型,2.900000000000002,2.299999999999997,-0.600000000000005,-20.68965517241395,-0.03473684210526346,10.50228310502282,72.45,88.67,16.22,22.387853692201514,0.2951052631578948,20.75,21.2,0.4499999999999993,2.168674698795177,0.02140350877192984,3.3018867924528266,20260122,20260225,21.9,共同药业
688676.SH,平衡型,22.39999999999999,16.0,-6.3999999999999915,-28.57142857142854,-0.3999999999999997,15.384615384615385,48.22,88.57,40.349999999999994,83.67897138116963,1.118157894736842,96.62,96.49,-0.13000000000000966,-0.1345477126888943,-0.027701754385965248,7.783189967872324,20260122,20260225,104.0,金盘科技
688345.SH,平衡型,8.800000000000004,7.199999999999999,-1.600000000000005,-18.18181818181823,-0.10526315789473721,18.75,64.42,95.56,31.14,48.33902514746973,1.6345614035087719,34.56,35.18,0.6199999999999974,1.7939814814814738,0.028403508771929733,9.152927799886296,20260122,20260225,38.4,博力威
688314.SH,平衡型,9.799999999999997,9.100000000000001,-0.6999999999999957,-7.142857142857101,-0.0540350877192979,21.66666666666667,38.42,56.0,17.58,45.75741801145236,1.946842105263158,38.4,38.43,0.030000000000001137,0.07812500000000297,0.0017894736842104819,9.289617486338798,20260122,20260225,42.0,康拓医疗
688456.SH,平衡型,17.200000000000003,10.000000000000007,-7.199999999999996,-41.86046511627904,-0.4343859649122804,14.619883040935683,10.48,74.15,63.67,607.5381679389313,3.104263157894737,65.93,62.94,-2.990000000000009,-4.535112998634929,-0.16785964912280724,8.674928503336524,20260122,20260225,68.4,有研粉材
688113.SH,平衡型,10.200000000000003,9.0,-1.2000000000000028,-11.764705882352967,-0.04631578947368432,18.9873417721519,71.33,86.54,15.210000000000008,21.323426328333113,0.6203684210526317,42.63,43.79,1.1599999999999966,2.7210884353741416,0.048473684210526294,8.243891299383419,20260122,20260225,47.4,联测科技
301033.SZ,平衡型,20.400000000000006,12.799999999999997,-7.6000000000000085,-37.254901960784345,-0.4898245614035088,15.999999999999998,25.56,55.1,29.540000000000003,115.57120500782474,1.801719298245614,74.4,72.98,-1.4200000000000017,-1.9086021505376365,-0.0797719298245612,9.619073718827071,20260122,20260225,80.0,迈普医学
301185.SZ,平衡型,4.0,2.0,-2.0,-50.0,-0.1024561403508772,9.090909090909092,39.82,81.45,41.63,104.54545454545455,3.2678421052631585,20.96,20.82,-0.14000000000000057,-0.6679389312977126,-0.011561403508771948,5.667627281460133,20260122,20260225,22.0,鸥玛软件
301031.SZ,平衡型,46.89999999999999,13.299999999999983,-33.60000000000001,-71.64179104477614,-1.805263157894737,8.796296296296285,52.19,84.24,32.05,61.41023184518106,2.033982456140351,144.22,143.85,-0.37000000000000455,-0.256552489252534,-0.13022807017543858,5.109489051094887,20260122,20260225,151.2,中熔电气
301049.SZ,平衡型,4.199999999999999,2.6000000000000014,-1.5999999999999979,-38.095238095238045,-0.11157894736842099,10.000000000000005,33.13,88.65,55.52,167.58225173558708,3.750736842105263,24.19,24.64,0.4499999999999993,1.8602728400165327,0.020508771929824532,5.519480519480517,20260122,20260225,26.0,超越科技
301078.SZ,平衡型,1.4000000000000004,1.0,-0.40000000000000036,-28.57142857142859,-0.020350877192982494,8.620689655172415,28.77,59.6,30.830000000000002,107.16023635731666,0.2988771929824562,11.16,10.9,-0.2599999999999998,-2.3297491039426506,-0.01326315789473685,6.422018348623847,20260122,20260225,11.6,孩子王
301012.SZ,平衡型,5.399999999999999,3.6999999999999993,-1.6999999999999993,-31.481481481481477,-0.07719298245614033,11.974110032362457,45.1,75.26,30.160000000000004,66.87361419068736,2.414438596491228,30.01,28.99,-1.0200000000000031,-3.398867044318571,-0.07357894736842104,6.588478785788205,20260122,20260225,30.9,扬电科技
301083.SZ,平衡型,3.200000000000003,2.6000000000000014,-0.6000000000000014,-18.75000000000003,-0.029649122807017623,11.926605504587162,35.58,57.86,22.28,62.619449128724,1.6860350877192982,20.87,20.23,-0.6400000000000006,-3.0666027791087713,-0.04008771929824557,7.760751359367278,20260122,20260225,21.8,百胜智能
301138.SZ,平衡型,9.600000000000001,7.200000000000003,-2.3999999999999986,-24.999999999999982,-0.07368421052631578,15.58441558441559,27.65,69.65,42.00000000000001,151.89873417721523,0.8304210526315792,43.25,41.37,-1.8800000000000026,-4.346820809248561,-0.1328245614035088,11.675126903553315,20260122,20260225,46.2,华研精机
688359.SH,平衡型,16.799999999999997,15.199999999999989,-1.6000000000000085,-9.523809523809575,-0.2238596491228073,18.627450980392144,80.04,99.1,19.059999999999988,23.813093453273346,1.0231754385964913,71.22,74.22,3.0,4.212299915754001,0.14759649122807023,9.943411479385604,20260122,20260225,81.6,三孚新科
301148.SZ,平衡型,12.200000000000003,8.600000000000001,-3.6000000000000014,-29.50819672131148,-0.16807017543859656,15.034965034965037,41.12,76.41,35.29,85.82198443579767,0.40801754385964933,54.05,53.09,-0.9599999999999937,-1.7761332099907379,-0.06628070175438584,7.741570917310227,20260122,20260225,57.2,嘉戎技术
301160.SZ,平衡型,13.600000000000001,11.599999999999994,-2.000000000000007,-14.705882352941227,-0.04070175438596483,15.508021390374324,25.14,78.63,53.489999999999995,212.7684964200477,2.472736842105263,71.33,66.91,-4.420000000000002,-6.196551240712185,-0.28380701754385984,11.79195934837842,20260122,20260225,74.8,翔楼新材
603213.SH,平衡型,3.4000000000000004,2.8000000000000007,-0.5999999999999996,-17.6470588235294,-0.040701754385964906,19.444444444444446,57.67,88.51,30.840000000000003,53.47667764869083,1.457859649122807,13.48,13.51,0.02999999999999936,0.22255192878337804,0.0014736842105262844,6.5877128053293905,20260122,20260225,14.4,镇洋发展
301256.SZ,平衡型,4.5,2.799999999999999,-1.700000000000001,-37.7777777777778,-0.08736842105263158,15.38461538461538,16.38,81.66,65.28,398.5347985347986,2.0282982456140353,17.48,16.47,-1.0100000000000016,-5.778032036613281,-0.05566666666666668,10.503946569520343,20260122,20260225,18.2,华融化学
301293.SZ,平衡型,17.60000000000001,6.3999999999999915,-11.200000000000017,-63.636363636363704,-0.4014035087719305,8.040201005025116,50.51,70.53,20.020000000000003,39.63571569986142,1.349508771929825,81.5,76.56,-4.939999999999998,-6.061349693251531,-0.28173684210526334,3.9707419017763743,20260122,20260225,79.6,三博脑科
301221.SZ,平衡型,9.0,4.5,-4.5,-50.0,-0.1557894736842107,7.246376811594203,29.53,74.26,44.730000000000004,151.47307822553336,1.8046666666666669,60.02,59.62,-0.4000000000000057,-0.6664445184938448,-0.03977192982456142,4.159677960415975,20260122,20260225,62.1,光庭信息
301300.SZ,平衡型,4.600000000000001,4.0,-0.6000000000000014,-13.043478260869593,-0.06526315789473675,8.29875518672199,80.6,98.4,17.80000000000001,22.084367245657585,0.9858771929824565,45.41,46.3,0.8900000000000006,1.9599207223078632,0.03385964912280717,4.103671706263511,20260122,20260225,48.2,远翔新材
688190.SH,平衡型,34.2,27.0,-7.200000000000003,-21.052631578947377,-0.40421052631578963,23.255813953488374,62.66,81.83,19.17,30.59368017874242,1.8418947368421055,103.61,104.19,0.5799999999999983,0.5597915259144853,-0.010912280701754509,11.431039447163831,20260122,20260225,116.1,云路股份
301357.SZ,平衡型,12.900000000000006,9.900000000000006,-3.0,-23.25581395348836,-0.1499999999999999,7.252747252747257,46.73,81.28,34.550000000000004,73.93537342178473,3.0116491228070172,141.39,132.83,-8.559999999999974,-6.054176391541109,-0.5744561403508769,2.7629300609801906,20260122,20260225,136.5,北方长龙
301322.SZ,平衡型,7.199999999999999,4.400000000000002,-2.799999999999997,-38.88888888888885,-0.18385964912280695,13.924050632911397,68.73,89.42,20.689999999999998,30.103302778990248,2.628157894736842,29.27,29.83,0.5599999999999987,1.9132217287324862,0.026578947368421063,5.93362386858868,20260122,20260225,31.6,绿通科技
688400.SH,平衡型,7.600000000000001,6.399999999999999,-1.2000000000000028,-15.789473684210561,-0.07298245614035115,13.675213675213675,37.37,91.11,53.74,143.80519132994382,4.1165087719298254,43.66,43.74,0.0800000000000054,0.18323408153917867,-0.005140350877192895,6.9958847736625405,20260122,20260225,46.8,凌云光
301105.SZ,平衡型,9.199999999999996,4.800000000000004,-4.3999999999999915,-47.82608695652167,-0.2645614035087719,8.856088560885617,42.59,85.08,42.489999999999995,99.76520309931907,1.3464210526315787,51.87,52.01,0.14000000000000057,0.2699055330634289,-0.01440350877192985,4.210728706018083,20260122,20260225,54.2,鸿铭股份
688479.SH,平衡型,7.199999999999999,4.600000000000001,-2.599999999999998,-36.111111111111086,-0.2164912280701754,17.29323308270677,28.14,99.9,71.76,255.01066098081026,2.8628421052631574,22.93,24.24,1.3099999999999987,5.713039686000867,0.04461403508771933,9.735973597359749,20260122,20260225,26.6,友车科技
301337.SZ,平衡型,3.599999999999998,2.0,-1.5999999999999979,-44.444444444444414,-0.11403508771929827,6.17283950617284,23.26,55.24,31.98,137.48925193465175,4.01219298245614,32.14,31.5,-0.6400000000000006,-1.9912881144990684,-0.03357894736842103,2.8571428571428523,20260122,20260225,32.4,亚华电子
301323.SZ,平衡型,8.0,7.200000000000003,-0.7999999999999972,-9.999999999999964,-0.02877192982456167,11.764705882352946,63.54,93.27,29.729999999999997,46.78942398489141,0.22805263157894728,58.21,58.35,0.14000000000000057,0.24050850369352444,-0.02840350877192987,4.884318766066841,20260122,20260225,61.2,新莱福
688251.SH,平衡型,4.800000000000001,3.6000000000000014,-1.1999999999999993,-24.999999999999982,-0.07438596491228065,12.162162162162167,29.46,77.36,47.9,162.59334691106585,2.5107894736842105,27.73,27.44,-0.28999999999999915,-1.0457987738910897,-0.018789473684210477,7.871720116618077,20260122,20260225,29.6,井松智能
301360.SZ,平衡型,9.0,6.900000000000006,-2.0999999999999943,-23.333333333333268,-0.2126315789473684,7.9584775086505255,50.26,89.9,39.64000000000001,78.8698766414644,0.6242105263157895,81.58,83.36,1.7800000000000011,2.1819073302279985,-0.001052631578947508,4.006717850287912,20260122,20260225,86.7,荣旗科技
001301.SZ,平衡型,16.799999999999997,13.599999999999994,-3.200000000000003,-19.04761904761907,-0.297543859649123,15.454545454545448,10.36,55.1,44.74,431.8532818532819,2.307,84.88,80.66,-4.219999999999999,-4.9717247879359086,-0.2376491228070176,9.099925613687086,20260122,20260225,88.0,尚太科技
001255.SZ,平衡型,16.199999999999996,6.599999999999994,-9.600000000000001,-59.25925925925928,-0.5478947368421054,14.569536423841049,20.69,72.09,51.400000000000006,248.4291928467859,2.397298245614035,44.89,40.89,-4.0,-8.91067052795723,-0.18212280701754385,10.785033015407182,20260122,20260225,45.3,博菲电气
301307.SZ,平衡型,4.400000000000006,3.8000000000000043,-0.6000000000000014,-13.636363636363653,-0.027368421052631545,10.21505376344087,34.68,97.1,62.419999999999995,179.98846597462511,3.8880877192982455,36.24,35.49,-0.75,-2.0695364238410594,-0.05896491228070171,4.818258664412513,20260122,20260225,37.2,美利信
001216.SZ,平衡型,2.900000000000002,2.1999999999999993,-0.7000000000000028,-24.13793103448284,-0.038421052631578946,11.45833333333333,44.6,67.92,23.32,52.28699551569507,0.59859649122807,18.18,18.26,0.08000000000000185,0.4400440044004503,0.006157894736842108,5.147864184008749,20260122,20260225,19.2,华瓷股份
920640.BJ,平衡型,16.800000000000004,6.0,-10.800000000000004,-64.28571428571429,-0.5592982456140351,12.0,38.98,95.6,56.62,145.2539763981529,2.830719298245614,47.09,46.52,-0.5700000000000003,-1.2104480781482274,-0.0433157894736842,7.480653482373166,20260122,20260225,50.0,富士达
920670.BJ,平衡型,4.0,2.6000000000000014,-1.3999999999999986,-34.999999999999964,-0.037894736842105266,12.807881773399021,16.42,94.9,78.48,477.9537149817296,1.5579122807017545,20.12,19.53,-0.5899999999999999,-2.932405566600397,-0.04205263157894735,3.9426523297491016,20260122,20260225,20.3,数字人
001225.SZ,平衡型,13.5,11.5,-2.0,-14.814814814814813,-0.22807017543859653,13.372093023255813,79.25,96.7,17.450000000000003,22.018927444794954,1.770473684210526,76.7,79.79,3.0900000000000034,4.028683181225558,0.08733333333333342,7.782930191753344,20260122,20260225,86.0,和泰机电
920062.BJ,平衡型,2.0,1.0999999999999996,-0.9000000000000004,-45.000000000000014,-0.04701754385964915,8.730158730158728,25.42,89.14,63.72,250.6687647521636,2.5078771929824564,12.32,12.04,-0.28000000000000114,-2.272727272727282,-0.024122807017543883,4.651162790697679,20260122,20260225,12.6,科润智控
603282.SH,平衡型,3.1999999999999993,2.0,-1.1999999999999993,-37.499999999999986,-0.061403508771929884,9.00900900900901,71.42,89.89,18.47,25.86110333239989,1.092701754385965,21.36,21.45,0.08999999999999986,0.42134831460674094,0.0002982456140350471,3.4965034965034967,20260122,20260225,22.2,亚光股份
