ts_code,name,asof_trade_date,prev_open_trade_date,run_at,trade_date,turnover_rate,volume_ratio,total_mv,circ_mv,free_share,float_share,trade_date_mf,mf_net_amount,mf_net_amount_rate,mf_buy_elg_amount,mf_buy_elg_amount_rate,mf_buy_lg_amount,mf_buy_lg_amount_rate,today_trade_date,today_up_limit,today_down_limit,rt_servertime,rt_price,rt_last_close,rt_gap_pct,rt_high,rt_low,rt_pos_in_range,rt_speed_pct,rt_spread_bp,rt_imbalance,rt_bid1,rt_ask1,rt_bid_value,rt_ask_value,rt_bid_vol_5,rt_ask_vol_5,rt_vol_hand,rt_amount_yuan,rt_vwap,rt_above_vwap_pct,rt_b_vol_hand,rt_s_vol_hand,rt_b_ratio,moneyflow_source,tail_score,pass_spread,pass_imbalance,pass_vwap,pass_momentum,near_down_limit,decision
002916.SZ,深南电路,20260302,20260227,2026-03-02 16:33:14,20260227,1.8413,1.14,19444581.6209,18977650.5597,23832.0179,66480.945,20260227,14069.95,4.07,3776.26,1.09,10293.69,2.98,20260302,314.01,256.91,14:58:15.686,289.77,285.46,1.509843760947244,295.66,278.58,0.6551522248243543,0.0052,0.6902025744569367,5.998512859794769,289.77,289.79,34769.54,5796.36,120.0,20.0,126710.0,3630137088.0,286.4917597663957,1.1313249244588002,67460.0,59251.0,0.5323968116170784,moneyflow_dc,100.0,True,True,True,True,False,BUY
301398.SZ,星源卓镁,20260302,20260227,2026-03-02 16:33:14,20260227,10.9768,2.7,719488.0,239094.856,3346.0,3721.9,20260227,1090.59,4.22,81.42,0.31,1009.16,3.9,20260302,77.09,51.39,15:29:20.922,65.14,64.24,1.4009962640099716,65.48,61.52,0.9141414141414133,-0.0014000000000000002,1.535155050660902,3.613749274091128,65.14,65.15,20970.84,5803.07,322.0,89.0,37937.0,241955328.0,63.778192266125416,2.090586020685577,19898.0,18039.0,0.524501146637847,moneyflow_dc,99.95,True,True,True,True,False,BUY
000969.SZ,安泰科技,20260302,20260227,2026-03-02 16:33:14,20260227,6.0887,1.63,2679874.9817,2637086.1633,66453.4417,103374.6046,20260227,10123.19,6.36,6179.33,3.88,3943.86,2.48,20260302,28.06,22.96,14:59:50.428,26.6,25.51,4.272834182673461,26.6,25.3,1.0,0.0042,3.7593984962398537,25.18626619179685,26.6,26.61,421830.92,16748.45,15862.0,629.0,901657.0,2335730688.0,25.904869457010815,2.6132727180044615,460569.0,441088.0,0.5108028884598024,moneyflow_dc,99.25,True,True,True,True,False,BUY
600309.SH,万华化学,20260302,20260227,2026-03-02 16:33:14,20260227,1.4931,1.19,29113386.1218,29113386.1218,182051.9021,313047.1626,20260227,4915.77,1.14,2463.83,0.57,2451.94,0.57,20260302,102.3,83.7,14:59:26.408,94.32,93.0,1.41935483870967,95.2,91.88,0.7349397590361423,0.0006,1.0602205258699233,6.553572718321239,94.32,94.33,252248.98,38490.3,2675.0,408.0,513070.0,4802574336.0,93.6046608844797,0.7584172132318638,251520.0,261551.0,0.4902255052916756,moneyflow_dc,98.6,True,True,True,True,False,BUY
600362.SH,江西铜业,20260302,20260227,2026-03-02 16:33:14,20260227,2.4894,1.15,20097681.4666,12044735.9386,86976.8295,207524.7405,20260227,4188.46,1.41,7546.16,2.53,-3357.7,-1.13,20260302,63.84,52.24,14:59:39.264,59.61,58.04,2.705031013094418,60.3,55.72,0.8493449781659393,-0.0001,1.677570877369235,3.488304356475221,59.6,59.61,149751.72000000003,42929.659999999996,2513.0,720.0,892222.0,5157671424.0,57.80704156588831,3.024590562173607,428176.0,464047.0,0.479898500597385,moneyflow_dc,98.47,True,True,True,True,False,BUY
301518.SZ,长华化学,20260302,20260227,2026-03-02 16:33:14,20260227,6.3688,0.48,669887.1166,246361.2971,5265.8302,5349.8653,20260227,-16.64,-0.11,135.49,0.86,-152.12,-0.97,20260302,55.26,36.84,15:29:32.142,46.44,46.05,0.8469055374592847,46.82,43.6,0.8819875776397507,-0.0008,2.1533161068055806,6.261974984693431,46.44,46.45,35796.58,5716.5,771.0,123.0,57882.0,262347536.0,45.32454580007602,2.401925495099012,29181.0,28701.0,0.5041463667461387,moneyflow_dc,98.45,True,True,True,True,False,BUY
688375.SH,国博电子,20260302,20260227,2026-03-02 16:33:14,20260227,1.2047,1.1,7329195.2253,7329195.2253,16937.8309,59601.49,20260227,1113.65,1.28,-1677.47,-1.93,2791.13,3.21,20260302,147.56,98.38,15:28:48.906,126.5,122.97,2.8706188501260477,129.0,119.0,0.75,0.0036,0.7905138339924993,3.6849789350468467,126.5,126.51,7460.9400000000005,2024.69,59.0,16.0,117985.0,1470985216.0,124.6756126626266,1.4422034287536718,59636.0,58349.0,0.5054540831461627,moneyflow_dc,98.01,True,True,True,True,False,BUY
301070.SZ,开勒股份,20260302,20260227,2026-03-02 16:33:14,20260227,4.2367,2.0,584960.0527,384797.1684,4849.3088,5935.48,20260227,95.6,0.59,1183.71,7.36,-1088.1,-6.76,20260302,77.8,51.86,15:29:20.046,66.6,64.83,2.7302174919018913,67.46,64.01,0.7507246376811587,0.0027,1.50150150150227,4.5720843995829785,66.6,66.61,23155.230000000003,5064.4800000000005,348.0,76.0,31907.0,210739088.0,66.04791675807816,0.8289538166994521,17416.0,14492.0,0.5458363368539819,moneyflow_dc,97.67,True,True,True,True,False,BUY
603067.SH,振华股份,20260302,20260227,2026-03-02 16:33:14,20260227,4.3295,1.18,2899901.9302,2899901.9302,44594.521,71076.0277,20260227,3877.5,3.1,3817.32,3.06,60.19,0.05,20260302,44.88,36.72,14:59:45.388,42.6,40.8,4.411764705882364,43.05,41.1,0.7692307692307709,-0.0032,2.34741784037512,23.363926732910333,42.59,42.6,48789.72,2088.25,1146.0,49.0,310920.0,1317535488.0,42.37538556541876,0.5272639309418805,169536.0,141384.0,0.5452720957159398,moneyflow_dc,97.55,True,True,True,True,False,BUY
603737.SH,三棵树,20260302,20260227,2026-03-02 16:33:14,20260227,0.4071,0.58,3860261.0187,3860261.0187,24336.3845,73781.7473,20260227,77.23,0.49,-398.3,-2.54,475.52,3.03,20260302,57.55,47.09,14:59:40.585,53.94,52.32,3.0963302752293527,54.25,51.24,0.8970099667774079,-0.001,1.8539117538014678,2.5727420670106587,53.94,53.95,21674.4,8424.63,402.0,156.0,54549.0,290530016.0,53.260374342334416,1.2599659949306306,33948.0,20601.0,0.6223395479293846,moneyflow_dc,97.36,True,True,True,True,False,BUY
002792.SZ,通宇通讯,20260302,20260227,2026-03-02 16:33:14,20260227,13.0023,1.12,2512317.5999,1620206.2157,28184.0546,33782.4482,20260227,10576.52,5.01,9254.86,4.39,1321.67,0.63,20260302,52.76,43.16,14:59:42.202,49.45,47.96,3.1067556296914134,50.35,47.05,0.7272727272727281,0.001,2.0222446916072823,4.458398017524356,49.45,49.46,236098.96999999997,52956.01,4775.0,1070.0,551507.0,2711973632.0,49.1738750732085,0.5583921674246781,285431.0,266076.0,0.5175473747386706,moneyflow_dc,97.22,True,True,True,True,False,BUY
688390.SH,固德威,20260302,20260227,2026-03-02 16:33:14,20260227,6.4315,2.26,2116499.2798,2116499.2798,16279.6213,24299.6473,20260227,2734.63,2.04,1958.09,1.46,776.54,0.58,20260302,104.52,69.68,15:29:10.080,91.21,87.1,4.718714121699196,92.97,84.82,0.7840490797546007,-0.0008,1.096371011951005,3.7793372886691183,91.21,91.22,18969.93,5019.38,208.0,55.0,168480.0,1522600192.0,90.3727559354226,0.9179301223302168,90777.0,77704.0,0.5387998575498576,moneyflow_dc,96.84,True,True,True,True,False,BUY
605098.SH,行动教育,20260302,20260227,2026-03-02 16:33:14,20260227,0.9264,0.72,556664.1348,556664.1348,4897.5398,11925.11,20260227,-391.65,-7.63,54.27,1.06,-445.91,-8.69,20260302,51.35,42.01,14:59:43.876,47.8,46.68,2.399314481576687,48.2,46.05,0.8139534883720909,0.0004,2.0920502092060915,5.914748217272646,47.8,47.81,10749.7,1817.4400000000003,225.0,38.0,19449.0,92416744.0,47.5174785336007,0.5910490928855548,10367.0,9082.0,0.5330351174867602,moneyflow_dc,96.78,True,True,True,True,False,BUY
600066.SH,宇通客车,20260302,20260227,2026-03-02 16:33:14,20260227,0.8784,1.22,6573185.5531,6573185.5531,129175.5584,221393.9223,20260227,3546.01,6.16,1735.96,3.02,1810.05,3.15,20260302,32.66,26.72,14:59:50.190,30.26,29.69,1.9198383294038404,30.38,29.27,0.8918918918918941,-0.0002,3.304692663581629,4.451970727786234,30.26,30.27,48960.369999999995,10997.46,1619.0,363.0,206770.0,623447488.0,30.151738066450644,0.3577724175457949,102248.0,104523.0,0.49450113652850997,moneyflow_dc,96.45,True,True,True,True,False,BUY
301050.SZ,雷电微力,20260302,20260227,2026-03-02 16:33:14,20260227,4.3682,1.31,1369308.2152,1165215.424,16807.4482,21036.5666,20260227,1276.88,2.51,92.68,0.18,1184.2,2.33,20260302,66.47,44.31,15:29:24.846,58.6,55.39,5.79526990431486,58.87,55.77,0.9129032258064528,0.0009,1.7064846416378856,6.418465780469859,58.6,58.61,141483.91,22043.26,2415.0,376.0,255123.0,1471462400.0,57.67658737158155,1.5757894682908773,130184.0,124939.0,0.5102793554481564,moneyflow_dc,96.43,True,True,True,True,False,BUY
605389.SH,长龄液压,20260302,20260227,2026-03-02 16:33:14,20260227,0.7403,0.9,1068693.7982,1010690.5589,3394.466,13626.676,20260227,337.86,4.58,-42.9,-0.58,380.76,5.16,20260302,81.59,66.75,14:59:34.404,75.11,74.17,1.2673587703923388,75.39,72.8,0.8918918918918916,-0.0015,1.3313806417261504,2.1971904712614783,75.11,75.12,7429.469999999999,3381.35,99.0,45.0,13205.0,98208176.0,74.37196213555471,0.9826093255828637,6848.0,6358.0,0.5185914426353654,moneyflow_dc,96.25,True,True,True,True,False,BUY
601020.SH,华钰矿业,20260302,20260227,2026-03-02 16:33:14,20260227,7.4299,1.58,3174903.3107,3174903.3107,62282.7618,81996.4698,20260227,11176.81,4.89,4848.89,2.12,6327.93,2.77,20260302,42.59,34.85,14:59:45.712,40.7,38.72,5.113636363636374,41.54,37.85,0.7723577235772366,0.0007000000000000001,2.457002457001968,4.218309601112303,40.7,40.71,146205.05000000002,34659.630000000005,3593.0,851.0,814724.0,3211239424.0,39.415058645627234,3.157104064797959,408508.0,406216.0,0.5014066113186797,moneyflow_dc,96.02,True,True,True,True,False,BUY
002532.SZ,天山铝业,20260302,20260227,2026-03-02 16:33:14,20260227,1.1427,0.81,8178979.0123,7256817.1177,293123.1139,410685.7452,20260227,5687.33,6.81,1139.41,1.37,4547.91,5.45,20260302,19.44,15.9,14:59:53.369,18.43,17.67,4.3010752688171925,18.59,17.57,0.8431372549019606,-0.0026,5.425935973954427,4.202408437468793,18.42,18.43,49236.719999999994,11716.31,2676.0,635.0,801252.0,1452930816.0,18.133256653337526,1.6101103996878678,450392.0,350860.0,0.5621102973845931,moneyflow_dc,95.81,True,True,True,True,False,BUY
688359.SH,三孚新科,20260302,20260227,2026-03-02 16:33:14,20260227,3.2554,0.96,863437.0208,863437.0208,6002.8147,9833.0147,20260227,1520.7,5.45,-1392.27,-4.99,2912.97,10.43,20260302,105.37,70.25,15:29:10.890,89.86,87.81,2.334586038036667,90.8,85.0,0.837931034482759,-0.0009,1.1128421989767545,1.8158999406740124,89.85,89.86,31527.11,17361.7,351.0,193.0,36608.0,323173664.0,88.27951923076922,1.758825694670348,17824.0,18785.0,0.4868881118881119,moneyflow_dc,95.67,True,True,True,True,False,BUY
300516.SZ,久之洋,20260302,20260227,2026-03-02 16:33:14,20260227,4.4229,1.27,1271880.0,1271880.0,5759.6038,18000.0,20260227,1156.59,2.05,1316.73,2.34,-160.15,-0.28,20260302,84.79,56.53,15:29:14.622,75.64,70.66,7.047834701386929,75.65,69.8,0.9982905982905974,0.0021,1.322051824432194,8.090921003220862,75.64,75.65,142633.38999999998,17628.82,1886.0,233.0,140090.0,1030566272.0,73.56458505246627,2.7438061178394104,74195.0,65896.0,0.5296238132629024,moneyflow_dc,95.28,True,True,True,True,False,BUY
300331.SZ,苏大维格,20260302,20260227,2026-03-02 16:33:14,20260227,10.6979,2.01,1286107.3026,1041199.6994,19152.0166,21021.597,20260227,10852.39,9.98,7438.43,6.84,3413.97,3.14,20260302,59.44,39.62,15:29:30.282,49.54,49.53,0.020189783969307512,50.1,47.48,0.7862595419847324,0.0012,2.0185708518364978,2.3132207779993963,49.53,49.54,23612.71,10207.720000000001,477.0,206.0,210926.0,1032105088.0,48.932094099352376,1.2271011317069496,106173.0,104754.0,0.5033661094412258,moneyflow_dc,95.18,True,True,True,True,False,BUY
002895.SZ,川恒股份,20260302,20260227,2026-03-02 16:33:14,20260227,2.0523,0.75,2611751.4035,2564301.9133,31899.2083,59662.6783,20260227,4251.64,8.09,2348.18,4.47,1903.45,3.62,20260302,47.28,38.68,14:59:45.334,43.75,42.98,1.7915309446254146,44.0,42.08,0.8697916666666667,0.0025,2.285714285713831,1.9450867852420086,43.74,43.75,11237.699999999999,5777.48,257.0,132.0,184371.0,797445184.0,43.252202569818465,1.1378226975577945,88849.0,95523.0,0.481903336207972,moneyflow_dc,95.13,True,True,True,True,False,BUY
002837.SZ,英维克,20260302,20260227,2026-03-02 16:33:14,20260227,5.3595,0.73,10595631.157,9224615.4245,58047.8989,85019.497,20260227,-50212.6,-10.17,-29569.63,-5.99,-20642.98,-4.18,20260302,119.35,97.65,14:59:20.026,111.05,108.5,2.3502304147465414,112.72,105.03,0.7828348504551362,-0.0003,0.9004952724002806,4.611124955809654,111.05,111.06,119346.75,25882.350000000002,1075.0,233.0,508524.0,5612173824.0,110.36202468320079,0.6195185203054576,281914.0,226611.0,0.5543769812240917,moneyflow_dc,95.11,True,True,True,True,False,BUY
688305.SH,科德数控,20260302,20260227,2026-03-02 16:33:14,20260227,1.5007,0.97,828806.044,824485.1196,7336.2778,13221.3778,20260227,446.39,3.63,426.69,3.47,19.7,0.16,20260302,74.83,49.89,15:29:27.006,63.0,62.36,1.0262989095574095,63.89,60.02,0.7700258397932813,-0.0023,3.1746031746036705,3.5939121724824035,63.0,63.02,7929.5,2206.37,126.0,35.0,43198.0,268624064.0,62.18437520255567,1.294642535625919,21232.0,21966.0,0.49150423630723644,moneyflow_dc,95.1,True,True,True,True,False,BUY
301177.SZ,迪阿股份,20260302,20260227,2026-03-02 16:33:14,20260227,0.4257,0.82,1289284.3256,1288430.0358,4000.9325,40000.9325,20260227,-168.84,-3.09,-104.21,-1.91,-64.63,-1.18,20260302,38.65,25.77,15:29:39.720,33.81,32.21,4.967401428127915,34.66,31.67,0.7157190635451519,0.0018,2.95770482105827,8.905187816563275,33.81,33.82,16896.079999999998,1897.33,500.0,56.0,72964.0,242463616.0,33.230581656707415,1.7137484273664232,41081.0,31883.0,0.5630310838221588,moneyflow_dc,94.97,True,True,True,True,False,BUY
603698.SH,航天工程,20260302,20260227,2026-03-02 16:33:14,20260227,5.3769,0.94,1870069.11,1870069.11,16518.1627,53599.0,20260227,-630.38,-0.62,553.38,0.55,-1183.76,-1.17,20260302,38.38,31.4,14:59:47.630,36.37,34.89,4.241903124104319,36.95,34.27,0.7835820895522367,0.0003,2.7495188342054213,5.968262046088484,36.37,36.38,173335.22,29042.829999999998,4767.0,798.0,371223.0,1322967424.0,35.638078028570426,2.012433245613339,194497.0,176727.0,0.5239357475156442,moneyflow_dc,94.93,True,True,True,True,False,BUY
600750.SH,华润江中,20260302,20260227,2026-03-02 16:33:14,20260227,0.4431,0.77,1580134.6365,1562911.8174,35476.9329,62868.5365,20260227,311.04,4.48,269.25,3.88,41.79,0.6,20260302,27.35,22.37,14:59:52.746,25.16,24.86,1.2067578439259885,25.3,24.66,0.7812499999999993,-0.0011,3.9745627980928315,4.484284517071779,25.15,25.16,27342.88,6097.49,1088.0,242.0,63860.0,159977872.0,25.05134231130598,0.4318668072099366,33916.0,29945.0,0.5310992796742875,moneyflow_dc,94.64,True,True,True,True,False,BUY
300627.SZ,华测导航,20260302,20260227,2026-03-02 16:33:14,20260227,1.5362,1.02,2976027.2497,2451175.6688,48226.8824,64811.6253,20260227,-1139.75,-3.02,-836.8,-2.22,-302.94,-0.8,20260302,45.38,30.26,15:29:36.840,38.61,37.82,2.0888418826017956,38.76,37.58,0.8728813559322046,0.001,2.5900025900020744,4.342606407899954,38.61,38.62,120494.30000000002,27747.0,3122.0,718.0,233217.0,892008384.0,38.24800010290845,0.9375806710477864,114133.0,119085.0,0.48938542216047715,moneyflow_dc,94.63,True,True,True,True,False,BUY
302132.SZ,中航成飞,20260302,20260227,2026-03-02 16:33:14,20260227,1.3592,0.7,21259158.9875,4662768.934,26826.8497,58606.9499,20260227,-5575.4,-8.8,-6916.17,-10.91,1340.76,2.12,20260302,95.47,63.65,15:29:10.260,82.91,79.56,4.210658622423321,83.21,80.3,0.8969072164948462,-0.0004,1.2061271257996764,5.160752013493814,82.91,82.92,89035.09999999999,17252.35,1074.0,208.0,297052.0,2441839360.0,82.20242112492089,0.8534300748752957,157884.0,139169.0,0.5315029018488345,moneyflow_dc,94.57,True,True,True,True,False,BUY
601225.SH,陕西煤业,20260302,20260227,2026-03-02 16:33:14,20260227,0.4466,1.24,22977150.0,22977150.0,336903.9335,969500.0,20260227,2235.63,2.19,-766.92,-0.75,3002.56,2.94,20260302,26.07,21.33,14:59:52.512,24.81,23.7,4.683544303797467,24.95,23.87,0.8703703703703697,0.0008,4.030632809351698,3.525712799607416,24.81,24.82,76731.78,21763.48,3094.0,876.0,1080481.0,2648894208.0,24.515879575855568,1.185491431456796,549302.0,531180.0,0.5083865426601671,moneyflow_dc,94.35,True,True,True,True,False,BUY
002648.SZ,卫星化学,20260302,20260227,2026-03-02 16:33:14,20260227,1.3155,0.78,7875893.6232,7870836.0499,166886.0266,336648.2485,20260227,3442.2,3.34,945.64,0.92,2496.55,2.42,20260302,25.72,21.04,14:59:51.112,24.7,23.38,5.645851154833192,24.7,23.28,1.0,0.0037,4.048582995950611,2.8398589478305856,24.69,24.7,104524.53000000001,36806.24,4235.0,1490.0,983336.0,2364798208.0,24.048730118697982,2.6367201672146447,529238.0,454098.0,0.5382066760496921,moneyflow_dc,94.27,True,True,True,True,False,BUY
600410.SH,华胜天成,20260302,20260227,2026-03-02 16:33:14,20260227,54.9825,2.2,3173255.6126,3173255.6126,109649.4683,109649.4683,20260227,117423.08,6.66,182032.53,10.33,-64609.44,-3.67,20260302,31.83,26.05,14:59:50.291,29.98,28.94,3.5936420179682074,31.13,27.36,0.6949602122015919,0.0064,3.3355570380246866,2.092003359528328,29.98,29.99,499187.20999999996,238616.83000000002,16664.0,7953.0,4977107.0,14611156992.0,29.356726692835817,2.0789636663248268,2623331.0,2353776.0,0.5270794861352187,moneyflow_dc,94.26,True,True,True,True,False,BUY
688187.SH,时代电气,20260302,20260227,2026-03-02 16:33:14,20260227,0.4563,0.85,8066213.5673,5161310.6213,25852.6027,86890.7512,20260227,55.32,0.24,-92.8,-0.39,148.12,0.63,20260302,71.28,47.52,15:29:29.112,59.49,59.4,0.15151515151515726,60.0,58.18,0.7197802197802209,-0.0002,1.6809547823172155,4.403972802079086,59.48,59.49,28841.75,6549.03,485.0,110.0,67035.0,396772736.0,59.18889177295443,0.5061493142470574,34078.0,32957.0,0.5083613037965242,moneyflow_dc,94.26,True,True,True,True,False,BUY
301087.SZ,可孚医疗,20260302,20260227,2026-03-02 16:33:14,20260227,1.6272,1.35,1206380.175,1121776.5405,8872.0525,19424.702,20260227,2289.02,12.68,1203.64,6.66,1085.38,6.01,20260302,69.3,46.2,15:29:25.086,58.2,57.75,0.7792207792207841,58.98,56.45,0.6916996047430847,0.0007000000000000001,1.718213058420123,2.1002990820254666,58.19,58.2,7092.71,3377.0,122.0,58.0,33214.0,191724496.0,57.72400072258686,0.8178681742493895,17157.0,16058.0,0.5165592822303848,moneyflow_dc,94.18,True,True,True,True,False,BUY
002796.SZ,世嘉科技,20260302,20260227,2026-03-02 16:33:14,20260227,9.5556,0.93,1320383.8719,1191369.3181,15642.6481,22770.8203,20260227,3562.67,3.28,-2009.38,-1.85,5572.05,5.12,20260302,57.55,47.09,14:59:39.898,55.85,52.32,6.746941896024467,57.3,51.08,0.7668810289389074,0.0011,1.7905102954338423,23.132939667770124,55.84,55.85,38783.53,1676.55,695.0,30.0,226833.0,1258990464.0,55.502967557630505,0.6213651609122581,126959.0,99874.0,0.5597025124210322,moneyflow_dc,94.09,True,True,True,True,False,BUY
002273.SZ,水晶光电,20260302,20260227,2026-03-02 16:33:14,20260227,4.0469,1.23,3921582.8632,3841437.4283,123845.8581,136221.1854,20260227,12544.21,8.18,3570.44,2.33,8973.78,5.85,20260302,31.02,25.38,14:59:50.856,28.41,28.2,0.7446808510638329,28.72,27.49,0.7479674796747979,-0.0003,3.519887363604915,2.2817116323605684,28.41,28.42,74347.52,32584.100000000002,2618.0,1146.0,608519.0,1717503360.0,28.22431772878086,0.6535806801096075,321217.0,287302.0,0.5278668373542978,moneyflow_dc,93.95,True,True,True,True,False,BUY
601611.SH,中国核建,20260302,20260227,2026-03-02 16:33:14,20260227,2.1974,1.38,4936660.4393,4936660.4393,100211.0724,301383.4212,20260227,6758.06,6.26,4718.78,4.37,2039.28,1.89,20260302,18.02,14.74,14:59:54.236,17.02,16.38,3.9072039072039106,17.14,16.05,0.889908256880733,0.0006,5.875440658050272,2.5427520345588532,17.02,17.03,303115.52,119207.65999999999,17825.0,6993.0,1137721.0,1904586496.0,16.74036513345539,1.6429780643043963,602153.0,535568.0,0.5292624465927939,moneyflow_dc,93.95,True,True,True,True,False,BUY
300836.SZ,佰奥智能,20260302,20260227,2026-03-02 16:33:14,20260227,2.6789,1.09,586699.9113,400118.2682,5475.9343,6320.9837,20260227,191.34,1.8,-114.09,-1.07,305.43,2.88,20260302,75.96,50.64,15:29:21.696,63.85,63.3,0.8688783570300226,64.48,61.78,0.7666666666666659,0.0009,3.132341425215838,2.5627473495025788,63.83,63.85,11293.310000000001,4406.719999999999,177.0,69.0,21112.0,134109552.0,63.52290261462675,0.5122903451421299,12198.0,8915.0,0.5777756726032588,moneyflow_dc,93.9,True,True,True,True,False,BUY
002182.SZ,宝武镁业,20260302,20260227,2026-03-02 16:33:14,20260227,3.6287,1.05,2161113.794,1885951.6525,60242.4066,86551.2461,20260227,15428.44,23.02,13569.95,20.24,1858.49,2.77,20260302,23.97,19.61,14:59:51.778,22.85,21.79,4.864616796695743,23.14,21.3,0.8423913043478265,-0.0025,4.376367614878779,2.4289682024148376,22.85,22.86,86378.53000000001,35561.82,3784.0,1554.0,1030679.0,2294757888.0,22.264525502120446,2.5622516318580124,542613.0,488067.0,0.5264616820561979,moneyflow_dc,93.83,True,True,True,True,False,BUY
603233.SH,大参林,20260302,20260227,2026-03-02 16:33:14,20260227,0.3306,0.75,2229864.5152,2229864.5152,44991.6141,113884.8067,20260227,-114.93,-1.56,108.97,1.48,-223.9,-3.04,20260302,21.54,17.62,14:59:54.359,19.68,19.58,0.5107252298263607,19.74,19.2,0.8888888888888911,-0.0014000000000000002,5.081300813008924,3.639688461461455,19.68,19.69,10907.199999999999,2996.74,555.0,152.0,68987.0,134492976.0,19.49540870018989,0.9379639217993316,36727.0,32261.0,0.5323756649803586,moneyflow_dc,93.59,True,True,True,True,False,BUY
688668.SH,鼎通科技,20260302,20260227,2026-03-02 16:33:14,20260227,4.0427,0.78,2128054.8597,2128054.8597,7538.5317,13927.0606,20260227,4045.05,4.76,2764.61,3.26,1280.44,1.51,20260302,183.36,122.24,15:28:32.424,153.97,152.8,0.7657068062827143,154.66,148.37,0.8903020667726552,-0.0007000000000000001,1.9484315126324048,1.4772121595374677,153.97,154.0,5232.639999999999,3542.24,34.0,23.0,62436.0,946635328.0,151.61690819399064,1.5282794089818534,29900.0,32536.0,0.47889038375296306,moneyflow_dc,93.53,True,True,True,True,False,BUY
300979.SZ,华利集团,20260302,20260227,2026-03-02 16:33:14,20260227,0.1021,0.56,5560755.0,5560706.397,18108.48,116698.98,20260227,-628.8,-11.11,-130.09,-2.3,-498.71,-8.81,20260302,57.18,38.12,15:29:31.416,47.65,47.65,0.0,47.77,46.69,0.8888888888888853,0.0029,2.0986358866732444,4.485394724578247,47.65,47.66,9624.760000000002,2145.8,202.0,45.0,23655.0,111875232.0,47.29453899809766,0.7459832149052286,11507.0,12148.0,0.48645106742760513,moneyflow_dc,93.51,True,True,True,True,False,BUY
688198.SH,佰仁医疗,20260302,20260227,2026-03-02 16:33:14,20260227,0.1777,0.74,1418805.7699,1418805.7699,3685.1282,13774.8133,20260227,-341.08,-13.44,-285.49,-11.25,-55.58,-2.19,20260302,123.6,82.4,15:28:59.946,108.1,103.0,4.951456310679606,109.0,101.69,0.8768809849521196,0.001,3.700277520813325,3.047631330484636,108.06,108.1,6262.09,2054.74,58.0,19.0,7589.0,80250992.0,105.74646461984452,2.1771835154074726,5008.0,2581.0,0.6599024904466991,moneyflow_dc,93.48,True,True,True,True,False,BUY
600346.SH,恒力石化,20260302,20260227,2026-03-02 16:33:14,20260227,0.688,1.28,18090486.45,18090486.45,176098.1052,703909.9786,20260227,2231.25,1.78,-2386.08,-1.91,4617.33,3.69,20260302,28.27,23.13,14:59:51.904,26.5,25.7,3.1128404669260727,26.76,25.36,0.8142857142857135,0.0004,3.773584905660967,2.08374388649918,26.5,26.51,62796.06,30136.170000000002,2371.0,1136.0,789622.0,2051329792.0,25.97863018001018,1.967433282980446,381009.0,408614.0,0.4825207504350183,moneyflow_dc,93.29,True,True,True,True,False,BUY
301568.SZ,思泰克,20260302,20260227,2026-03-02 16:33:14,20260227,8.6163,1.06,564307.156,260130.5024,4759.936,4759.936,20260227,137.53,0.62,-359.22,-1.61,496.75,2.22,20260302,65.58,43.72,15:29:26.916,55.15,54.65,0.9149130832570906,56.25,53.03,0.6583850931677013,-0.0024,1.8132366273795124,3.836875161497362,55.14,55.15,18412.55,4798.839999999999,334.0,87.0,57586.0,316767776.0,55.00777550098982,0.2578866709160036,29368.0,28219.0,0.5099850658146077,moneyflow_dc,93.25,True,True,True,True,False,BUY
002039.SZ,黔源电力,20260302,20260227,2026-03-02 16:33:14,20260227,2.9422,2.92,771314.8593,771312.6945,25779.7481,42755.6926,20260227,1018.12,4.52,648.47,2.88,369.65,1.64,20260302,19.84,16.24,14:59:53.390,18.37,18.04,1.8292682926829371,18.47,17.82,0.8461538461538491,0.0,5.443658138267833,2.5638932662111666,18.37,18.38,79511.73999999999,31012.11,4335.0,1685.0,144461.0,264676656.0,18.32166854722036,0.2630999062582599,83023.0,61438.0,0.5747087449207745,moneyflow_dc,93.07,True,True,True,True,False,BUY
300837.SZ,浙矿股份,20260302,20260227,2026-03-02 16:33:14,20260227,5.9997,0.94,454608.2601,343629.0351,4292.6817,7558.9317,20260227,141.83,0.7,-246.63,-1.21,388.46,1.91,20260302,54.55,36.37,15:29:33.042,44.94,45.46,-1.1438627364716303,45.29,43.26,0.8275862068965512,-0.0003,2.225189141076549,3.2356840663367685,44.93,44.94,12802.889999999998,3956.7799999999997,285.0,88.0,38384.0,170507936.0,44.42161734055857,1.153499464711679,18914.0,19470.0,0.4927573989162151,moneyflow_dc,92.85,True,True,True,True,False,BUY
601088.SH,中国神华,20260302,20260227,2026-03-02 16:33:14,20260227,0.1261,0.87,83964365.3298,69691126.3978,267832.8759,1649103.7955,20260227,5875.95,6.71,5387.05,6.15,488.9,0.56,20260302,46.49,38.03,14:59:44.621,44.73,42.26,5.844770468528156,44.88,42.46,0.9380165289256175,-0.0015,2.235636038454084,1.8800000619042998,44.73,44.74,36443.35,19384.760000000002,815.0,433.0,801407.0,3526126336.0,43.999195614712626,1.633812620807894,421971.0,379436.0,0.5265377018169295,moneyflow_dc,92.81,True,True,True,True,False,BUY
002290.SZ,禾盛新材,20260302,20260227,2026-03-02 16:33:14,20260227,2.0744,0.83,1584445.3394,1579835.4456,13867.6272,24739.0455,20260227,-4292.13,-13.02,-5472.29,-16.61,1180.17,3.58,20260302,70.25,57.47,14:59:37.046,63.77,63.86,-0.14093329157531523,64.28,61.39,0.8235294117647066,-0.0001,1.5681354869057567,3.6335231999342206,63.77,63.78,56563.310000000005,15567.07,887.0,244.0,57188.0,360630144.0,63.06045743862349,1.1126588699647417,29151.0,28038.0,0.5097398055536126,moneyflow_dc,92.81,True,True,True,True,False,BUY
301396.SZ,宏景科技,20260302,20260227,2026-03-02 16:33:14,20260227,32.9088,1.5,1613469.419,799612.0877,7522.9926,7608.1074,20260227,-3720.12,-1.45,1010.67,0.39,-4730.79,-1.85,20260302,126.12,84.08,15:28:55.020,108.31,105.1,3.0542340627973434,110.48,103.11,0.705563093622795,0.0006,2.769827347428782,4.709379994434897,108.31,108.34,33680.12,7151.710000000001,311.0,66.0,174877.0,1882113152.0,107.62496794890123,0.6324735029995133,95962.0,78916.0,0.5487399715228418,moneyflow_dc,92.77,True,True,True,True,False,BUY
