symbol,name,market,breakout_date,key_level_type,key_level,breakout_price,current_price,breakout_vol_ratio,stand_days_above,min_close_ratio,trade_date
000158,常山北明,0,2025-10-17,MA60,24.0183,24.4,21.02,3.897,3,1.0038,2026-02-27
000999,华润三九,0,2026-02-09,MA60,28.5522,29.63,28.88,3.692,3,1.0115,2026-02-27
000839,国安股份,0,2026-02-24,MA60,2.7888,3.43,3.59,3.678,3,1.2837,2026-02-27
000890,法尔胜,0,2026-02-13,MA60,5.2555,6.03,7.66,3.591,3,1.2615,2026-02-27
000529,广弘控股,0,2025-11-26,MA60,6.1532,6.25,6.14,3.324,3,1.0092,2026-02-27
000869,张裕Ａ,0,2026-01-20,MA60,21.086,21.42,20.61,3.267,2,0.9988,2026-02-27
001277,速达股份,0,2026-01-28,MA60,40.2757,41.14,42.16,3.201,2,0.9981,2026-02-27
000582,北部湾港,0,2026-02-11,MA60,9.3753,10.46,11.41,3.186,3,1.0773,2026-02-27
001209,洪兴股份,0,2026-02-06,MA60,21.0427,24.8,32.52,3.136,3,1.1619,2026-02-27
000429,粤高速Ａ,0,2025-12-12,MA60,11.8022,12.09,12.23,2.984,3,1.0142,2026-02-27
002007,华兰生物,0,2026-01-27,MA60,15.6772,16.19,15.47,2.942,2,0.997,2026-02-27
000037,深南电A,0,2026-01-26,MA60,8.8712,9.48,10.11,2.939,3,1.0235,2026-02-27
000100,TCL科技,0,2026-01-14,MA60,4.3957,4.96,4.97,2.932,3,1.0988,2026-02-27
000927,中国铁物,0,2026-01-28,MA60,2.6857,2.97,2.96,2.898,3,1.0388,2026-02-27
001366,播恩集团,0,2026-02-24,MA60,13.8147,14.56,14.57,2.897,3,1.046,2026-02-27
000779,甘咨询,0,2026-02-24,MA60,8.6938,10.33,10.83,2.882,3,1.2066,2026-02-27
001211,双枪科技,0,2025-12-03,MA60,26.5293,29.28,28.74,2.805,3,1.0765,2026-02-27
001319,铭科精技,0,2026-01-21,MA60,26.6555,30.7,29.67,2.773,3,1.1198,2026-02-27
000886,海南高速,0,2025-12-10,MA60,7.2097,8.16,6.49,2.735,3,1.0209,2026-02-27
000056,皇庭国际,0,2026-02-06,MA60,2.159,2.28,2.23,2.704,3,1.0051,2026-02-27
000758,中色股份,0,2026-01-29,MA60,6.6208,8.8,9.04,2.669,3,1.0799,2026-02-27
000799,酒鬼酒,0,2026-02-02,MA60,57.1538,58.8,51.21,2.656,3,1.0122,2026-02-27
000571,新大洲A,0,2026-02-10,MA60,6.0647,7.14,7.83,2.646,3,1.1542,2026-02-27
000507,珠海港,0,2026-01-27,MA60,5.3837,5.55,5.61,2.635,3,1.0198,2026-02-27
000917,电广传媒,0,2026-02-24,MA60,10.3773,12.21,11.77,2.63,3,1.1342,2026-02-27
000501,武商集团,0,2026-01-12,MA60,10.0023,11.11,9.72,2.596,3,1.0717,2026-02-27
000829,天音控股,0,2026-01-14,MA60,10.6063,11.08,10.99,2.578,2,0.9975,2026-02-27
000166,申万宏源,0,2026-01-06,MA60,5.3235,5.49,5.01,2.561,2,0.9993,2026-02-27
000975,山金国际,0,2026-02-03,MA60,25.567,31.86,30.98,2.539,3,1.1836,2026-02-27
000833,粤桂股份,0,2026-02-13,MA60,20.2333,24.0,22.87,2.484,3,1.1694,2026-02-27
001288,运机集团,0,2026-01-29,MA60,31.6205,37.27,38.66,2.472,3,1.0911,2026-02-27
001313,粤海饲料,0,2025-11-20,MA60,7.513,7.91,7.78,2.453,3,1.0063,2026-02-27
000739,普洛药业,0,2026-01-15,MA60,16.0177,18.13,18.07,2.445,3,1.1013,2026-02-27
000650,仁和药业,0,2026-01-14,MA60,6.0442,6.32,6.02,2.44,3,1.0076,2026-02-27
000563,陕国投Ａ,0,2026-01-12,MA60,3.5462,3.63,3.61,2.431,2,0.9954,2026-02-27
001333,光华股份,0,2026-01-21,MA60,23.1863,25.3,27.39,2.421,3,1.0937,2026-02-27
001322,箭牌家居,0,2026-01-29,MA60,8.6022,9.23,9.2,2.419,3,1.0521,2026-02-27
002004,华邦健康,0,2026-01-26,MA60,4.9823,5.88,5.56,2.406,3,1.128,2026-02-27
000659,珠海中富,0,2026-02-11,MA60,3.7752,4.84,4.82,2.404,3,1.2344,2026-02-27
000059,华锦股份,0,2026-01-26,MA60,5.2903,6.09,6.14,2.401,3,1.1247,2026-02-27
000756,新华制药,0,2025-11-27,MA60,16.2855,18.07,15.88,2.389,3,1.0697,2026-02-27
000912,泸天化,0,2026-01-30,MA60,4.3817,4.79,4.86,2.364,3,1.011,2026-02-27
001234,泰慕士,0,2026-01-15,MA120,27.441,28.27,29.41,2.362,3,1.0087,2026-02-27
000423,东阿阿胶,0,2026-02-04,MA60,49.1592,54.98,54.37,2.352,3,1.106,2026-02-27
000755,山西高速,0,2026-02-04,MA60,5.2732,5.44,5.39,2.348,3,1.0127,2026-02-27
000686,东北证券,0,2026-01-06,MA60,9.2563,9.98,9.0,2.347,3,1.0296,2026-02-27
001269,欧晶科技,0,2026-02-09,MA60,24.6545,26.06,24.76,2.34,3,1.014,2026-02-27
001336,楚环科技,0,2025-12-25,MA60,24.9083,26.69,29.19,2.325,2,0.9944,2026-02-27
000548,湖南投资,0,2026-01-22,MA60,5.67,5.8,5.82,2.323,3,1.0123,2026-02-27
000713,国投丰乐,0,2026-01-29,MA60,6.8785,7.1,7.02,2.323,3,1.0089,2026-02-27
000852,石化机械,0,2026-01-14,MA60,7.3645,7.94,8.38,2.313,3,1.0347,2026-02-27
000708,中信特钢,0,2026-02-02,MA120,14.4854,14.78,18.03,2.312,3,1.0369,2026-02-27
000035,中国天楹,0,2026-02-24,MA60,5.8413,6.19,7.01,2.3,3,1.0905,2026-02-27
000590,古汉医药,0,2026-02-09,MA60,11.4432,12.28,12.2,2.294,3,1.0827,2026-02-27
000958,电投产融,0,2026-01-15,MA60,6.7008,7.03,6.65,2.255,3,1.0118,2026-02-27
001314,亿道信息,0,2026-01-27,MA60,45.7182,50.38,48.34,2.251,3,1.0348,2026-02-27
000809,和展能源,0,2026-01-06,MA60,3.4027,3.46,3.5,2.249,2,0.9992,2026-02-27
000928,中钢国际,0,2026-01-21,MA60,6.5262,6.76,7.1,2.242,3,1.042,2026-02-27
001332,锡装股份,0,2026-01-08,MA60,56.1298,62.81,59.02,2.234,3,1.0793,2026-02-27
000061,农产品,0,2026-01-30,MA120,8.9274,9.69,9.12,2.228,3,1.0429,2026-02-27
000801,四川九洲,0,2026-02-24,MA60,16.5772,17.25,17.31,2.228,3,1.0333,2026-02-27
000532,华金资本,0,2026-01-12,MA60,14.9957,18.23,16.67,2.227,3,1.1157,2026-02-27
000605,渤海股份,0,2025-11-28,MA60,7.2063,7.39,7.35,2.221,3,1.0116,2026-02-27
000528,柳工,0,2025-12-29,MA60,11.8675,12.1,11.94,2.217,3,1.0002,2026-02-27
001283,豪鹏科技,0,2026-01-06,MA60,71.1708,72.98,67.9,2.208,3,1.0013,2026-02-27
001387,雪祺电气,0,2026-01-14,MA60,14.296,14.77,14.84,2.208,3,1.0129,2026-02-27
000798,中水渔业,0,2026-02-24,MA60,11.6092,12.39,11.93,2.205,3,1.0276,2026-02-27
000596,古井贡酒,0,2025-11-10,MA60,159.3057,162.5,121.21,2.192,3,1.026,2026-02-27
000803,山高环能,0,2026-01-20,MA60,7.3585,9.57,9.52,2.186,3,1.2965,2026-02-27
000983,山西焦煤,0,2026-02-04,MA60,6.8,7.36,7.34,2.184,3,1.0147,2026-02-27
000785,居然智家,0,2026-01-15,MA60,3.0158,3.34,2.96,2.183,3,1.0578,2026-02-27
000025,特力Ａ,0,2026-01-26,MA60,18.4713,19.29,18.25,2.182,3,1.0145,2026-02-27
000859,国风新材,0,2026-02-24,MA60,10.6167,12.2,11.89,2.179,3,1.1199,2026-02-27
001228,永泰运,0,2026-01-19,MA60,27.0357,29.71,32.92,2.173,3,1.0819,2026-02-27
002010,传化智联,0,2026-01-23,MA60,6.0732,7.11,6.83,2.163,3,1.1065,2026-02-27
000767,晋控电力,0,2026-02-24,MA60,2.9682,3.6,3.78,2.16,3,1.223,2026-02-27
001359,平安电工,0,2026-02-12,MA60,68.8352,79.91,81.13,2.157,3,1.1023,2026-02-27
000897,津滨发展,0,2025-11-13,MA60,2.3667,2.58,2.29,2.154,3,1.0563,2026-02-27
000953,河化股份,0,2025-12-10,MA60,7.5557,8.15,7.5,2.15,3,1.0469,2026-02-27
000901,航天科技,0,2025-12-16,MA60,18.884,25.5,27.05,2.145,3,1.2497,2026-02-27
001259,利仁科技,0,2026-01-22,MA60,29.9577,32.48,36.35,2.143,3,1.0632,2026-02-27
001696,宗申动力,0,2026-01-15,MA60,22.194,23.22,21.2,2.142,3,1.0039,2026-02-27
001323,慕思股份,0,2026-02-05,MA60,26.683,29.26,27.07,2.14,3,1.0554,2026-02-27
000338,潍柴动力,0,2026-01-26,MA60,18.081,24.32,27.86,2.139,3,1.2848,2026-02-27
000089,深圳机场,0,2026-02-02,MA60,7.0697,7.24,7.29,2.129,3,1.0184,2026-02-27
000652,泰达股份,0,2026-01-26,MA60,4.3275,4.47,4.21,2.128,3,1.0352,2026-02-27
000665,湖北广电,0,2026-01-12,MA60,5.9643,6.19,5.5,2.128,3,1.001,2026-02-27
000919,金陵药业,0,2025-12-31,MA60,7.2402,7.95,7.54,2.116,3,1.0635,2026-02-27
000017,深中华A,0,2026-01-26,MA60,7.7367,8.22,7.7,2.113,3,1.0224,2026-02-27
000725,京东方Ａ,0,2026-01-14,MA60,4.0867,4.6,4.48,2.1,3,1.0914,2026-02-27
000544,中原环保,0,2025-10-21,MA60,8.5748,8.98,8.97,2.091,3,1.0333,2026-02-27
000921,海信家电,0,2025-11-12,MA60,25.4517,27.71,23.74,2.09,3,1.0322,2026-02-27
000600,建投能源,0,2026-01-21,MA60,8.5582,8.92,9.5,2.089,3,1.0107,2026-02-27
000637,茂化实华,0,2026-01-30,MA60,4.5605,4.8,4.93,2.086,2,0.9977,2026-02-27
000016,深康佳Ａ,0,2025-10-28,MA60,5.3893,5.67,3.82,2.078,3,1.0038,2026-02-27
002001,新和成,0,2026-02-06,MA60,25.5085,29.75,31.5,2.078,3,1.1694,2026-02-27
000802,北京文化,0,2026-02-09,MA60,4.7423,4.92,4.45,2.074,3,1.0122,2026-02-27
000027,深圳能源,0,2026-01-16,MA60,6.7965,7.01,7.02,2.072,3,1.0211,2026-02-27
000523,红棉股份,0,2026-02-06,MA60,3.705,4.07,3.9,2.071,3,1.0499,2026-02-27
000965,天保基建,0,2025-11-28,MA60,4.363,4.52,4.1,2.069,3,1.0314,2026-02-27
000525,红太阳,0,2026-02-12,MA60,5.8133,6.24,6.85,2.063,3,1.0442,2026-02-27
001368,通达创智,0,2026-02-10,MA60,26.936,28.2,27.87,2.063,3,1.0217,2026-02-27
000905,厦门港务,0,2025-12-15,MA60,10.4178,14.15,12.74,2.062,3,1.2143,2026-02-27
001226,拓山重工,0,2026-02-13,MA60,45.6588,48.86,45.52,2.059,2,0.9974,2026-02-27
000526,学大教育,0,2026-01-14,MA60,39.6128,42.38,37.2,2.057,3,1.0219,2026-02-27
000968,蓝焰控股,0,2026-01-30,MA60,7.122,8.17,8.6,2.052,3,1.0882,2026-02-27
000726,鲁泰Ａ,0,2026-01-26,MA60,7.2068,7.71,7.74,2.051,3,1.0601,2026-02-27
000078,海王生物,0,2026-01-27,MA60,3.5712,4.15,3.52,2.049,3,1.0333,2026-02-27
000906,浙商中拓,0,2026-01-27,MA60,6.0525,6.27,6.26,2.048,3,1.026,2026-02-27
000513,丽珠集团,0,2026-01-13,MA60,35.9972,36.72,35.44,2.046,2,0.9948,2026-02-27
000727,冠捷科技,0,2026-01-12,MA60,2.6662,2.74,2.65,2.046,2,0.9902,2026-02-27
001258,立新能源,0,2026-02-24,MA60,7.4555,7.9,8.03,2.045,3,1.0516,2026-02-27
000411,英特集团,0,2026-01-14,MA60,12.0635,13.78,12.26,2.041,3,1.1149,2026-02-27
000682,东方电子,0,2026-01-21,MA60,12.2015,14.03,14.08,2.039,3,1.1285,2026-02-27
001218,丽臣实业,0,2026-02-03,MA60,23.432,26.65,26.19,2.039,3,1.0959,2026-02-27
000831,中国稀土,0,2026-01-29,MA60,48.851,58.61,64.98,2.031,3,1.0444,2026-02-27
001367,海森药业,0,2026-01-26,MA60,22.9083,24.77,23.57,2.03,3,1.0511,2026-02-27
000948,南天信息,0,2026-01-14,MA60,17.7927,19.01,17.37,2.024,3,1.0145,2026-02-27
000931,中关村,0,2025-11-14,MA60,5.3372,5.55,5.23,2.021,2,0.9949,2026-02-27
000591,太阳能,0,2026-01-27,MA60,4.69,5.73,5.83,2.02,3,1.145,2026-02-27
000952,广济药业,0,2026-01-27,MA60,7.8823,8.26,8.05,2.012,3,1.0099,2026-02-27
000795,英洛华,0,2026-01-19,MA60,10.173,10.53,10.94,2.009,3,1.0292,2026-02-27
000060,中金岭南,0,2026-01-29,MA60,5.9303,8.55,8.26,2.008,3,1.1686,2026-02-27
001379,腾达科技,0,2026-01-26,MA60,23.4373,25.77,24.86,2.006,3,1.0317,2026-02-27
000723,美锦能源,0,2026-02-05,MA60,4.9247,5.02,5.24,2.002,3,1.0011,2026-02-27
001238,浙江正特,0,2026-01-21,MA60,50.8873,56.22,54.2,1.998,3,1.1026,2026-02-27
000402,金融街,0,2026-02-04,MA60,2.856,2.92,2.83,1.99,3,1.0084,2026-02-27
001337,四川黄金,0,2026-01-23,MA60,29.5825,50.23,50.67,1.988,3,1.8677,2026-02-27
000628,高新发展,0,2026-02-24,MA60,47.2937,52.68,57.31,1.987,3,1.0932,2026-02-27
001388,信通电子,0,2026-01-19,MA60,44.1978,45.91,45.39,1.987,3,1.0279,2026-02-27
000531,穗恒运Ａ,0,2026-01-12,MA60,6.7702,6.95,6.92,1.985,3,1.0103,2026-02-27
001299,美能能源,0,2026-01-06,MA60,12.2883,13.02,13.79,1.985,3,1.04,2026-02-27
000930,中粮科技,0,2026-02-02,MA60,5.9843,6.31,6.77,1.984,3,1.0695,2026-02-27
000006,深振业Ａ,0,2026-01-12,MA120,9.3963,9.87,9.28,1.98,2,0.9908,2026-02-27
000050,深天马Ａ,0,2026-01-14,MA60,9.3003,10.14,10.15,1.979,3,1.0871,2026-02-27
000506,招金黄金,0,2026-02-03,MA60,14.6822,22.34,20.3,1.979,3,1.3247,2026-02-27
000620,盈新发展,0,2026-01-29,MA60,3.1643,3.72,3.12,1.978,3,1.0208,2026-02-27
000880,潍柴重机,0,2026-01-26,MA60,28.77,36.96,37.78,1.969,3,1.1759,2026-02-27
001202,炬申股份,0,2026-01-26,MA60,16.5058,18.27,18.42,1.968,3,1.0481,2026-02-27
000426,兴业银锡,0,2026-02-03,MA60,40.5095,51.45,55.19,1.962,3,1.1854,2026-02-27
000069,华侨城Ａ,0,2026-01-20,MA60,2.5797,2.71,2.61,1.961,3,1.0428,2026-02-27
000735,罗牛山,0,2026-01-30,MA120,7.7025,8.45,7.84,1.96,3,1.0217,2026-02-27
000957,中通客车,0,2026-02-06,MA60,11.3492,12.03,12.12,1.958,3,1.0529,2026-02-27
000011,深物业A,0,2025-10-29,MA60,9.4452,11.17,8.89,1.957,3,1.136,2026-02-27
000788,北大医药,0,2026-01-14,MA60,6.4937,6.74,6.29,1.956,2,0.9902,2026-02-27
000516,国际医学,0,2026-01-16,MA60,4.8103,5.19,4.81,1.954,3,1.0519,2026-02-27
000900,现代投资,0,2025-11-13,MA60,4.248,4.4,4.36,1.951,3,1.0311,2026-02-27
000157,中联重科,0,2026-02-03,MA60,8.4987,9.35,9.99,1.948,3,1.0978,2026-02-27
000685,中山公用,0,2026-02-02,MA60,12.0973,12.53,12.1,1.948,3,1.0151,2026-02-27
001255,博菲电气,0,2026-01-21,MA60,35.0658,40.25,41.5,1.946,3,1.1296,2026-02-27
000630,铜陵有色,0,2026-02-03,MA60,5.8588,7.84,7.93,1.944,3,1.2136,2026-02-27
000538,云南白药,0,2026-01-05,MA60,56.3772,57.32,56.05,1.943,3,1.0148,2026-02-27
001382,新亚电缆,0,2026-01-20,MA60,20.944,21.6,21.3,1.94,3,1.0199,2026-02-27
000530,冰山冷热,0,2025-12-12,MA60,6.7455,8.19,6.97,1.939,3,1.1148,2026-02-27
000007,全新好,0,2026-02-06,MA60,10.9365,11.82,13.62,1.938,3,1.1064,2026-02-27
000415,渤海租赁,0,2026-02-09,MA60,4.0477,5.39,5.26,1.936,3,1.2723,2026-02-27
000883,湖北能源,0,2025-10-31,MA60,4.6373,4.73,4.75,1.936,3,1.0157,2026-02-27
000555,神州信息,0,2026-01-14,MA60,17.3843,18.69,18.27,1.931,3,1.0193,2026-02-27
000822,山东海化,0,2026-02-11,MA60,5.5898,6.65,6.62,1.931,3,1.1163,2026-02-27
000998,隆平高科,0,2026-02-04,MA60,9.643,10.12,10.0,1.926,3,1.0235,2026-02-27
001256,炜冈科技,0,2025-10-31,MA60,23.0928,23.48,22.7,1.923,3,1.0051,2026-02-27
001331,胜通能源,0,2026-01-14,MA60,22.2107,58.26,55.17,1.917,3,2.2422,2026-02-27
000581,威孚高科,0,2026-01-29,MA60,20.8143,22.22,25.4,1.917,2,0.9935,2026-02-27
000670,盈方微,0,2026-01-29,MA60,7.9782,8.68,8.62,1.916,3,1.0541,2026-02-27
000790,华神科技,0,2025-11-18,MA60,4.038,4.45,4.11,1.914,3,1.003,2026-02-27
000012,南玻Ａ,0,2026-02-04,MA60,4.614,4.77,5.03,1.912,3,1.0078,2026-02-27
000813,德展健康,0,2025-10-31,MA60,4.2445,4.38,3.89,1.909,3,1.039,2026-02-27
000598,兴蓉环境,0,2026-01-20,MA60,7.1347,7.31,7.38,1.907,3,1.0232,2026-02-27
000603,盛达资源,0,2026-01-27,MA60,31.109,61.16,52.0,1.907,3,1.9615,2026-02-27
000911,广农糖业,0,2025-10-23,MA60,7.5808,7.76,6.59,1.906,3,1.0157,2026-02-27
000679,大连友谊,0,2025-10-29,MA60,8.9173,9.68,7.36,1.905,3,1.0205,2026-02-27
001378,德冠新材,0,2026-01-19,MA60,23.2373,24.95,25.85,1.904,3,1.0625,2026-02-27
000678,襄阳轴承,0,2026-01-08,MA60,14.0217,15.87,13.63,1.896,3,1.0733,2026-02-27
000042,中洲控股,0,2026-02-04,MA60,8.0638,9.0,9.06,1.891,3,1.1136,2026-02-27
001330,博纳影业,0,2026-01-14,MA60,7.9333,9.62,9.07,1.89,3,1.0374,2026-02-27
000856,冀东装备,0,2026-02-06,MA60,10.6005,11.04,11.34,1.889,3,1.0594,2026-02-27
000034,神州数码,0,2026-01-14,MA60,40.529,41.88,40.63,1.885,2,0.9966,2026-02-27
000601,韶能股份,0,2026-02-24,MA60,5.0037,5.33,5.66,1.884,3,1.0772,2026-02-27
000690,宝新能源,0,2025-10-30,MA60,4.7108,4.87,4.68,1.884,3,1.0104,2026-02-27
000153,丰原药业,0,2025-11-14,MA60,6.7425,7.03,6.77,1.88,3,1.0115,2026-02-27
000995,皇台酒业,0,2026-02-10,MA60,13.5488,17.03,15.92,1.876,3,1.1566,2026-02-27
000514,渝开发,0,2025-11-12,MA60,5.5735,6.0,5.12,1.873,3,1.0532,2026-02-27
000066,中国长城,0,2026-01-26,MA60,15.425,17.23,16.59,1.87,3,1.0645,2026-02-27
000707,双环科技,0,2026-01-26,MA60,6.3618,6.59,6.77,1.87,3,1.0264,2026-02-27
000889,中嘉博创,0,2025-11-18,MA60,3.7727,4.22,3.75,1.867,2,0.9966,2026-02-27
000559,万向钱潮,0,2026-02-11,MA60,15.2777,20.21,20.07,1.861,3,1.2842,2026-02-27
000655,金岭矿业,0,2026-01-30,MA60,9.7215,10.56,11.31,1.852,3,1.0184,2026-02-27
001286,陕西能源,0,2026-01-12,MA120,9.4907,9.68,10.66,1.852,3,1.0041,2026-02-27
000509,华塑控股,0,2025-11-28,MA60,3.4792,4.06,3.53,1.851,3,1.1325,2026-02-27
000716,黑芝麻,0,2026-01-19,MA60,6.3205,6.63,6.08,1.85,3,1.0237,2026-02-27
001231,农心科技,0,2026-02-11,MA60,23.7187,25.78,25.99,1.85,3,1.0625,2026-02-27
000876,新希望,0,2025-11-10,MA60,9.8852,10.05,8.71,1.849,3,1.0096,2026-02-27
000932,华菱钢铁,0,2026-01-20,MA60,5.6983,5.9,6.71,1.845,3,1.0529,2026-02-27
001229,魅视科技,0,2026-01-12,MA60,38.994,42.3,37.22,1.84,3,1.0438,2026-02-27
000428,华天酒店,0,2026-02-03,MA60,3.4482,3.81,3.88,1.838,3,1.1165,2026-02-27
000564,供销大集,0,2025-11-14,MA60,2.629,2.81,2.31,1.832,3,1.0004,2026-02-27
000065,北方国际,0,2026-01-23,MA60,12.1052,12.98,12.86,1.83,3,1.0549,2026-02-27
000407,胜利股份,0,2026-01-29,MA60,4.9885,5.58,5.21,1.829,3,1.0023,2026-02-27
000503,国新健康,0,2026-01-15,MA60,9.7828,10.81,9.19,1.828,3,1.0161,2026-02-27
001205,盛航股份,0,2025-12-09,MA60,16.8328,18.17,16.95,1.828,3,1.0289,2026-02-27
000815,美利云,0,2026-02-13,MA60,12.2622,14.75,15.0,1.826,3,1.1425,2026-02-27
000096,广聚能源,0,2026-02-24,MA60,10.7502,11.11,10.96,1.824,3,1.0028,2026-02-27
000766,通化金马,0,2026-01-13,MA120,25.9233,27.15,23.01,1.824,3,1.0184,2026-02-27
000777,中核科技,0,2026-01-08,MA60,22.2955,28.34,26.18,1.823,3,1.2559,2026-02-27
000159,国际实业,0,2026-01-26,MA60,6.1073,7.18,7.14,1.822,3,1.1543,2026-02-27
000539,粤电力Ａ,0,2026-01-26,MA60,4.6605,4.9,5.1,1.821,3,1.0364,2026-02-27
000719,中原传媒,0,2026-02-10,MA60,12.2798,13.63,13.49,1.819,3,1.0749,2026-02-27
000786,北新建材,0,2026-02-04,MA60,25.5362,29.55,27.99,1.817,3,1.12,2026-02-27
000009,中国宝安,0,2025-11-17,MA60,10.7982,11.43,9.55,1.816,3,1.0122,2026-02-27
000552,甘肃能化,0,2026-02-04,MA60,2.4388,2.54,2.62,1.816,3,1.0128,2026-02-27
000070,特发信息,0,2026-02-24,MA60,13.0278,18.2,17.87,1.807,3,1.3717,2026-02-27
001300,三柏硕,0,2026-01-05,MA60,15.5655,16.25,16.95,1.805,3,1.0427,2026-02-27
000850,华茂股份,0,2026-02-11,MA60,5.3613,5.95,5.83,1.801,3,1.0445,2026-02-27
000753,漳州发展,0,2025-12-23,MA60,8.3622,8.53,7.53,1.797,2,0.9997,2026-02-27
001390,古麒绒材,0,2025-11-21,MA60,26.5063,30.01,23.52,1.796,3,1.0828,2026-02-27
001373,翔腾新材,0,2026-01-23,MA60,33.1028,44.35,42.42,1.795,3,1.2627,2026-02-27
000632,三木集团,0,2026-02-05,MA120,5.1148,5.27,5.21,1.795,2,0.9912,2026-02-27
000722,湖南发展,0,2026-01-29,MA60,12.4868,12.98,13.54,1.793,3,1.0195,2026-02-27
001239,永达股份,0,2026-01-16,MA60,16.4473,16.83,16.6,1.793,3,1.0293,2026-02-27
001328,登康口腔,0,2026-02-05,MA60,38.413,43.55,38.24,1.792,3,1.1093,2026-02-27
000517,荣安地产,0,2026-02-12,MA60,1.9115,2.25,2.15,1.788,3,1.1562,2026-02-27
000533,顺钠股份,0,2026-02-09,MA60,8.879,11.5,11.68,1.788,3,1.2299,2026-02-27
000710,贝瑞基因,0,2026-01-16,MA60,12.4515,12.77,12.43,1.786,3,1.0151,2026-02-27
000967,盈峰环境,0,2026-01-22,MA60,6.8823,7.55,8.37,1.785,3,1.0476,2026-02-27
000810,创维数字,0,2026-01-12,MA60,12.3372,12.92,11.88,1.784,3,1.0173,2026-02-27
000778,新兴铸管,0,2026-02-02,MA60,4.2572,4.75,5.24,1.783,3,1.1393,2026-02-27
000560,我爱我家,0,2026-02-04,MA60,3.0313,3.61,3.41,1.782,3,1.1711,2026-02-27
000792,盐湖股份,0,2026-01-13,MA60,26.494,33.8,38.2,1.781,3,1.2486,2026-02-27
000922,佳电股份,0,2026-02-24,MA60,13.686,15.56,15.73,1.78,3,1.1143,2026-02-27
000019,深粮控股,0,2026-02-02,MA120,7.001,7.12,7.2,1.779,3,1.0141,2026-02-27
001380,华纬科技,0,2026-01-20,MA60,23.4447,24.79,23.43,1.777,3,1.0548,2026-02-27
000026,飞亚达,0,2026-01-12,MA60,15.8293,17.41,15.83,1.775,3,1.0487,2026-02-27
000973,佛塑科技,0,2026-02-09,MA60,12.9793,13.48,13.54,1.773,3,1.0155,2026-02-27
000717,中南股份,0,2026-01-22,MA60,2.6415,2.71,2.78,1.772,3,1.0221,2026-02-27
000021,深科技,0,2026-02-24,MA60,26.749,33.77,34.4,1.77,3,1.2442,2026-02-27
001268,联合精密,0,2026-02-02,MA60,35.2673,37.41,33.62,1.77,3,1.0301,2026-02-27
000937,冀中能源,0,2025-10-23,MA60,6.0573,6.37,5.76,1.769,3,1.0103,2026-02-27
002006,精工科技,0,2026-01-12,MA60,21.6395,23.78,20.82,1.768,3,1.0116,2026-02-27
000892,欢瑞世纪,0,2026-02-24,MA120,7.0147,7.38,7.14,1.762,3,1.0179,2026-02-27
000981,山子高科,0,2026-01-14,MA60,3.7185,5.67,4.96,1.762,3,1.3581,2026-02-27
000955,欣龙控股,0,2025-12-23,MA60,6.376,6.71,5.87,1.761,3,1.0445,2026-02-27
001212,中旗新材,0,2026-01-16,MA60,47.3578,53.28,53.8,1.76,3,1.1407,2026-02-27
000848,承德露露,0,2025-11-04,MA60,8.7582,9.06,8.4,1.759,3,1.0139,2026-02-27
000617,中油资本,0,2026-01-12,MA60,9.6008,9.97,9.09,1.758,3,1.001,2026-02-27
000623,吉林敖东,0,2026-01-14,MA120,19.8247,20.19,19.03,1.758,3,1.0134,2026-02-27
000862,银星能源,0,2026-02-04,MA60,5.9922,6.5,6.88,1.755,3,1.038,2026-02-27
001400,江顺科技,0,2026-01-15,MA60,70.9393,112.56,121.32,1.755,3,1.6534,2026-02-27
000014,沙河股份,0,2026-02-13,MA60,14.0137,14.26,13.83,1.751,2,0.999,2026-02-27
000049,德赛电池,0,2026-01-12,MA120,26.2568,27.14,26.53,1.75,3,1.0154,2026-02-27
000676,智度股份,0,2026-01-16,MA60,8.9555,9.64,8.97,1.75,3,1.0463,2026-02-27
000898,鞍钢股份,0,2026-01-26,MA60,2.5822,2.69,2.7,1.75,3,1.0185,2026-02-27
000058,深赛格,0,2025-10-28,MA60,9.4443,9.78,9.09,1.748,3,1.0345,2026-02-27
000969,安泰科技,0,2026-01-15,MA60,20.5615,27.56,25.51,1.748,3,1.2353,2026-02-27
001207,联科科技,0,2026-01-26,MA60,24.064,28.75,27.74,1.745,3,1.1303,2026-02-27
001339,智微智能,0,2026-01-28,MA60,52.738,57.19,61.06,1.744,3,1.0469,2026-02-27
000796,凯撒旅业,0,2025-12-26,MA60,6.7965,7.56,5.86,1.739,2,0.999,2026-02-27
000783,长江证券,0,2026-01-14,MA60,8.3932,8.69,7.95,1.738,3,1.0139,2026-02-27
000728,国元证券,0,2026-01-12,MA60,8.5278,8.69,8.32,1.738,2,0.992,2026-02-27
000036,华联控股,0,2026-01-06,MA60,4.7982,6.49,5.38,1.737,3,1.3088,2026-02-27
001221,悍高集团,0,2026-02-06,MA60,61.0007,72.86,69.68,1.735,3,1.212,2026-02-27
000599,青岛双星,0,2026-02-09,MA60,6.4688,6.79,7.21,1.73,3,1.0095,2026-02-27
000421,南京公用,0,2026-01-21,MA60,7.1335,7.39,7.09,1.727,3,1.0205,2026-02-27
000151,中成股份,0,2026-01-26,MA60,12.548,13.57,13.74,1.726,3,1.0639,2026-02-27
001338,永顺泰,0,2026-01-30,MA60,12.2485,12.77,12.88,1.723,3,1.023,2026-02-27
000068,华控赛格,0,2025-10-30,MA60,3.6917,3.81,3.59,1.722,3,1.0321,2026-02-27
000099,中信海直,0,2026-01-15,MA60,20.8987,22.23,20.39,1.722,3,1.0058,2026-02-27
000800,一汽解放,0,2025-11-18,MA60,7.1467,7.33,6.93,1.72,3,1.0005,2026-02-27
001225,和泰机电,0,2026-02-11,MA60,64.7028,79.33,81.95,1.72,3,1.2309,2026-02-27
000639,西王食品,0,2025-12-22,MA60,3.3028,3.67,2.92,1.718,3,1.0627,2026-02-27
000738,航发控制,0,2026-02-04,MA60,21.2138,27.42,27.86,1.718,3,1.2539,2026-02-27
000812,陕西金叶,0,2025-12-08,MA60,4.7613,5.18,4.47,1.718,3,1.0165,2026-02-27
000028,国药一致,0,2026-01-28,MA60,25.1808,26.33,25.83,1.715,3,1.0345,2026-02-27
000977,浪潮信息,0,2026-01-14,MA60,63.9928,69.55,63.88,1.714,3,1.0282,2026-02-27
001217,华尔泰,0,2026-02-13,MA60,13.6265,14.7,14.44,1.714,3,1.0883,2026-02-27
000990,诚志股份,0,2026-02-02,MA60,7.9742,8.24,8.9,1.713,3,1.0271,2026-02-27
001324,长青科技,0,2026-02-13,MA60,18.8925,20.05,20.55,1.713,3,1.0554,2026-02-27
000960,锡业股份,0,2026-01-15,MA60,26.365,40.6,44.36,1.71,3,1.4227,2026-02-27
000913,钱江摩托,0,2026-01-15,MA60,15.7322,16.1,15.85,1.707,3,1.0151,2026-02-27
000988,华工科技,0,2026-02-24,MA60,77.6075,82.42,89.86,1.705,3,1.1094,2026-02-27
000950,重药控股,0,2026-01-23,MA60,5.8642,6.43,5.92,1.704,3,1.059,2026-02-27
000959,首钢股份,0,2025-12-23,MA60,4.3127,4.87,5.72,1.703,3,1.1362,2026-02-27
000593,德龙汇能,0,2026-01-19,MA60,11.3557,15.2,15.74,1.702,3,1.2707,2026-02-27
000597,东北制药,0,2025-11-13,MA60,5.6308,5.86,5.23,1.699,3,1.0123,2026-02-27
000978,桂林旅游,0,2026-01-30,MA60,6.929,7.33,7.17,1.699,3,1.0362,2026-02-27
000966,长源电力,0,2026-02-24,MA60,4.3815,4.62,4.8,1.695,3,1.0544,2026-02-27
000619,海螺新材,0,2026-01-27,MA60,6.4285,6.6,6.5,1.694,3,1.008,2026-02-27
000789,万年青,0,2026-02-03,MA60,5.4818,5.61,5.83,1.693,3,1.0307,2026-02-27
000635,英力特,0,2026-02-24,MA60,9.6253,10.69,9.96,1.692,3,1.0348,2026-02-27
000888,峨眉山Ａ,0,2026-02-05,MA60,13.2405,14.23,13.54,1.692,3,1.0626,2026-02-27
000554,泰山石油,0,2026-02-02,MA60,6.8902,7.75,8.96,1.69,3,1.1248,2026-02-27
000733,振华科技,0,2026-01-13,MA60,50.0992,55.4,57.74,1.688,3,1.0982,2026-02-27
000791,甘肃能源,0,2026-02-24,MA60,6.6592,6.8,7.71,1.688,3,1.0332,2026-02-27
002009,天奇股份,0,2026-02-24,MA60,21.8922,35.87,31.42,1.688,3,1.4188,2026-02-27
000422,湖北宜化,0,2026-01-26,MA60,14.8575,16.57,18.14,1.686,3,1.1085,2026-02-27
001219,青岛食品,0,2026-01-14,MA60,14.613,14.86,14.99,1.685,2,0.9909,2026-02-27
000938,紫光股份,0,2026-01-20,MA60,25.6635,26.75,25.95,1.684,3,1.0283,2026-02-27
000819,岳阳兴长,0,2025-11-11,MA60,17.6808,19.58,16.43,1.68,3,1.0808,2026-02-27
001979,招商蛇口,0,2026-01-29,MA60,9.2805,10.88,9.91,1.68,3,1.0861,2026-02-27
001301,尚太科技,0,2026-01-16,MA120,75.6557,82.73,79.85,1.679,3,1.0548,2026-02-27
000589,贵州轮胎,0,2026-02-04,MA60,5.0745,5.17,5.2,1.678,3,1.009,2026-02-27
001914,招商积余,0,2026-02-05,MA60,11.2982,12.0,11.66,1.678,3,1.0311,2026-02-27
000737,北方铜业,0,2026-02-03,MA60,15.3197,17.99,18.0,1.677,3,1.0575,2026-02-27
000695,滨海能源,0,2026-01-07,MA60,13.3427,13.66,13.32,1.676,3,1.0035,2026-02-27
000524,岭南控股,0,2026-01-20,MA60,12.5433,13.11,12.64,1.674,3,1.0133,2026-02-27
000410,沈阳机床,0,2026-01-27,MA60,7.6408,8.19,7.79,1.674,2,0.992,2026-02-27
000510,新金路,0,2025-12-08,MA60,6.3155,9.71,20.41,1.672,3,1.4061,2026-02-27
000576,甘化科工,0,2026-01-26,MA60,10.5812,11.65,11.32,1.671,3,1.0245,2026-02-27
001296,长江材料,0,2026-01-23,MA60,26.6,30.0,28.64,1.671,3,1.1004,2026-02-27
001203,大中矿业,0,2026-01-26,MA60,28.0628,32.42,40.6,1.668,3,1.0762,2026-02-27
000715,中兴商业,0,2025-12-23,MA60,6.0553,6.82,6.5,1.667,3,1.085,2026-02-27
000970,中科三环,0,2026-01-30,MA60,13.4647,14.34,15.31,1.666,3,1.0011,2026-02-27
000301,东方盛虹,0,2026-01-28,MA60,10.2855,12.7,13.02,1.664,3,1.1842,2026-02-27
000546,金圆股份,0,2025-12-23,MA60,5.751,7.36,6.71,1.664,3,1.1859,2026-02-27
000705,浙江震元,0,2025-11-17,MA60,9.6672,10.07,9.38,1.663,3,1.0086,2026-02-27
000925,众合科技,0,2026-01-20,MA60,8.53,9.3,8.56,1.663,3,1.068,2026-02-27
000818,航锦科技,0,2026-02-13,MA60,20.5912,24.3,23.84,1.661,3,1.1,2026-02-27
000701,厦门信达,0,2025-12-09,MA60,6.2955,8.14,6.29,1.66,3,1.0785,2026-02-27
000536,华映科技,0,2025-12-08,MA60,5.1015,6.18,4.74,1.657,3,1.0134,2026-02-27
000762,西藏矿业,0,2026-01-14,MA60,26.8195,28.11,31.44,1.656,3,1.0317,2026-02-27
000592,平潭发展,0,2026-02-06,MA120,8.1921,11.62,11.82,1.652,3,1.3232,2026-02-27
000936,华西股份,0,2025-12-30,MA60,7.576,8.58,8.4,1.652,3,1.0863,2026-02-27
000951,中国重汽,0,2026-02-12,MA60,17.5245,21.65,20.66,1.652,3,1.1755,2026-02-27
000570,苏常柴Ａ,0,2026-01-30,MA60,5.8082,5.93,6.11,1.651,3,1.002,2026-02-27
000029,深深房Ａ,0,2026-02-11,MA60,22.789,23.21,23.21,1.648,3,1.011,2026-02-27
000672,上峰水泥,0,2026-02-02,MA60,11.8475,14.49,14.09,1.646,3,1.261,2026-02-27
001282,三联锻造,0,2026-01-13,MA120,21.5522,21.99,23.4,1.645,3,1.0143,2026-02-27
000680,山推股份,0,2026-01-05,MA60,11.017,12.27,13.46,1.643,3,1.0965,2026-02-27
000688,国城矿业,0,2026-01-26,MA60,25.0073,32.33,37.39,1.643,3,1.1653,2026-02-27
001210,金房能源,0,2026-02-24,MA60,19.805,23.54,23.26,1.643,3,1.1694,2026-02-27
000882,华联股份,0,2025-12-19,MA60,2.0415,2.26,1.95,1.642,3,1.0531,2026-02-27
001311,多利科技,0,2026-02-05,MA60,31.9428,44.69,40.23,1.642,3,1.277,2026-02-27
000537,绿发电力,0,2026-02-12,MA60,8.444,8.77,9.0,1.639,3,1.0185,2026-02-27
000997,新大陆,0,2026-01-16,MA60,26.6202,29.08,25.17,1.635,3,1.0747,2026-02-27
001317,三羊马,0,2026-02-06,MA60,48.848,51.94,52.92,1.635,3,1.0789,2026-02-27
000828,东莞控股,0,2025-10-14,MA60,11.381,12.05,11.02,1.632,3,1.0438,2026-02-27
000031,大悦城,0,2026-02-03,MA60,3.101,3.69,3.46,1.63,3,1.2028,2026-02-27
000893,亚钾国际,0,2026-01-06,MA60,43.9707,52.05,56.5,1.628,3,1.1576,2026-02-27
001298,好上好,0,2026-01-22,MA60,31.661,33.62,31.73,1.627,3,1.0079,2026-02-27
002008,大族激光,0,2026-02-24,MA60,43.4448,58.83,72.3,1.625,3,1.4589,2026-02-27
000545,金浦钛业,0,2026-01-09,MA60,2.9443,3.16,3.52,1.617,3,1.0597,2026-02-27
000761,本钢板材,0,2026-02-05,MA60,3.4037,3.78,3.8,1.615,3,1.09,2026-02-27
000962,东方钽业,0,2026-02-12,MA60,33.7422,48.99,58.81,1.615,3,1.3825,2026-02-27
001278,一彬科技,0,2026-02-02,MA60,19.856,23.2,24.63,1.615,3,1.2288,2026-02-27
000729,燕京啤酒,0,2025-11-12,MA60,12.173,12.73,12.92,1.614,3,1.0219,2026-02-27
000782,恒申新材,0,2026-02-24,MA60,5.4043,6.44,6.47,1.614,3,1.1972,2026-02-27
001318,阳光乳业,0,2025-12-19,MA60,14.779,16.91,15.03,1.614,3,1.0968,2026-02-27
000090,天健集团,0,2025-11-19,MA60,3.7917,4.27,3.99,1.613,3,1.0655,2026-02-27
000534,万泽股份,0,2026-01-20,MA60,21.3745,24.96,41.85,1.61,3,1.2183,2026-02-27
000400,许继电气,0,2026-01-21,MA60,27.0547,31.82,31.9,1.609,3,1.1532,2026-02-27
000566,海南海药,0,2026-01-08,MA60,7.1052,7.47,6.03,1.608,3,1.0007,2026-02-27
000830,鲁西化工,0,2026-02-03,MA60,16.457,17.47,18.69,1.608,3,1.0385,2026-02-27
001309,德明利,0,2025-12-29,MA60,221.074,240.76,255.95,1.608,3,1.0489,2026-02-27
001335,信凯科技,0,2026-02-09,MA60,47.1955,56.7,51.28,1.606,3,1.0914,2026-02-27
000541,佛山照明,0,2026-01-23,MA60,6.2205,6.48,6.4,1.603,3,1.0224,2026-02-27
000001,平安银行,0,2025-11-20,MA60,11.641,11.85,10.9,1.6,2,0.9965,2026-02-27
000519,中兵红箭,0,2026-02-24,MA60,18.5172,19.68,20.28,1.598,3,1.0677,2026-02-27
000933,神火股份,0,2026-02-02,MA60,27.8195,30.78,32.45,1.598,3,1.1334,2026-02-27
001266,宏英智能,0,2026-02-11,MA60,32.6577,35.05,35.7,1.598,3,1.0595,2026-02-27
001260,坤泰股份,0,2026-01-21,MA60,20.8513,24.56,22.9,1.597,3,1.127,2026-02-27
000048,京基智农,0,2026-01-23,MA60,15.185,18.98,19.06,1.596,3,1.2453,2026-02-27
001896,豫能控股,0,2026-01-20,MA60,5.748,6.53,13.34,1.596,3,1.103,2026-02-27
000910,大亚圣象,0,2026-01-23,MA60,7.634,7.78,7.69,1.595,3,1.0126,2026-02-27
000987,越秀资本,0,2026-01-26,MA60,8.249,11.69,9.64,1.595,3,1.2608,2026-02-27
001316,润贝航科,0,2026-02-05,MA60,40.1068,62.7,51.03,1.595,3,1.4172,2026-02-27
002003,伟星股份,0,2025-11-13,MA60,10.6865,11.63,10.34,1.595,3,1.0415,2026-02-27
001208,华菱线缆,0,2025-12-31,MA60,14.4112,24.04,23.3,1.594,3,1.6272,2026-02-27
000408,藏格矿业,0,2026-01-27,MA60,73.6213,90.0,86.16,1.593,3,1.1722,2026-02-27
001389,广合科技,0,2026-01-27,MA60,77.4665,105.92,119.74,1.592,3,1.3389,2026-02-27
000567,海德股份,0,2025-11-06,MA60,6.767,7.73,5.81,1.59,3,1.1379,2026-02-27
000020,深华发Ａ,0,2025-12-03,MA60,14.862,16.81,15.09,1.587,3,1.0517,2026-02-27
000333,美的集团,0,2026-01-14,MA120,75.7848,77.15,78.64,1.584,3,1.0189,2026-02-27
000633,合金投资,0,2026-01-26,MA60,7.6832,8.13,8.1,1.584,3,1.0256,2026-02-27
000045,深纺织Ａ,0,2026-01-26,MA60,12.4893,13.42,13.19,1.582,3,1.0113,2026-02-27
000692,惠天热电,0,2026-01-30,MA120,3.7029,3.78,4.04,1.582,3,1.0046,2026-02-27
000750,国海证券,0,2025-10-29,MA60,4.5162,4.66,4.21,1.582,3,1.0075,2026-02-27
000993,闽东电力,0,2026-02-12,MA120,11.8549,12.57,14.43,1.582,3,1.0367,2026-02-27
000505,京粮控股,0,2025-12-29,MA60,7.409,9.01,7.09,1.581,3,1.073,2026-02-27
000568,泸州老窖,0,2025-11-11,MA60,133.405,141.64,110.5,1.581,3,1.0466,2026-02-27
000626,远大控股,0,2026-01-27,MA120,7.6928,8.15,7.73,1.581,3,1.0321,2026-02-27
000629,钒钛股份,0,2026-01-29,MA60,3.2863,4.19,4.25,1.579,3,1.0985,2026-02-27
000899,赣能股份,0,2026-02-24,MA60,10.296,10.97,14.61,1.579,3,1.1723,2026-02-27
001360,南矿集团,0,2026-01-22,MA60,19.9008,27.05,27.88,1.578,3,1.3512,2026-02-27
000731,四川美丰,0,2026-01-22,MA60,6.7605,6.91,7.89,1.576,3,1.0251,2026-02-27
001358,兴欣新材,0,2026-01-28,MA60,26.9227,29.49,30.64,1.575,3,1.0467,2026-02-27
000610,西安旅游,0,2026-01-20,MA60,12.5908,13.45,9.84,1.574,3,1.0317,2026-02-27
000838,财信发展,0,2025-12-05,MA60,3.0648,3.79,2.63,1.574,3,1.1811,2026-02-27
000721,西安饮食,0,2026-01-16,MA60,9.191,9.88,8.73,1.573,3,1.0217,2026-02-27
000683,博源化工,0,2026-02-02,MA60,7.4823,7.71,9.37,1.571,3,1.0826,2026-02-27
001230,劲旅环境,0,2026-02-10,MA60,22.7518,26.14,27.18,1.571,3,1.1489,2026-02-27
000881,中广核技,0,2026-01-08,MA60,8.52,9.38,8.61,1.57,3,1.0634,2026-02-27
000920,沃顿科技,0,2026-01-26,MA60,12.7438,13.67,13.31,1.57,3,1.0366,2026-02-27
001267,汇绿生态,0,2026-01-09,MA60,19.736,23.45,30.5,1.569,3,1.1259,2026-02-27
000573,粤宏远Ａ,0,2026-01-19,MA60,4.2665,4.35,4.52,1.567,3,1.036,2026-02-27
000703,恒逸石化,0,2026-02-02,MA60,9.1403,11.09,12.84,1.566,3,1.2647,2026-02-27
000923,河钢资源,0,2026-01-29,MA60,20.4443,26.42,24.5,1.566,3,1.1309,2026-02-27
000949,新乡化纤,0,2026-01-23,MA60,5.324,7.25,7.26,1.566,3,1.3242,2026-02-27
000063,中兴通讯,0,2025-10-14,MA60,40.4422,50.2,38.65,1.564,3,1.2025,2026-02-27
000935,四川双马,0,2026-02-24,MA60,25.8805,27.89,29.01,1.564,3,1.0974,2026-02-27
001216,华瓷股份,0,2026-01-15,MA60,17.0578,19.0,20.66,1.563,3,1.0716,2026-02-27
000420,吉林化纤,0,2026-01-08,MA60,4.1113,4.65,4.72,1.559,3,1.1043,2026-02-27
000825,太钢不锈,0,2026-01-07,MA60,4.4187,5.35,5.29,1.558,3,1.2244,2026-02-27
000875,电投绿能,0,2026-02-04,MA60,5.9742,7.36,7.93,1.556,3,1.1399,2026-02-27
000543,皖能电力,0,2026-01-12,MA60,8.1878,8.63,8.62,1.555,3,1.0381,2026-02-27
000887,中鼎股份,0,2026-01-14,MA60,21.8742,22.69,21.8,1.555,3,1.0373,2026-02-27
000816,智慧农业,0,2026-01-30,MA60,3.7407,4.03,4.04,1.55,2,0.9971,2026-02-27
000980,众泰汽车,0,2026-01-26,MA120,3.3491,3.53,3.08,1.55,2,0.9973,2026-02-27
000826,启迪环境,0,2025-11-04,MA60,2.2003,2.53,2.81,1.549,3,1.1316,2026-02-27
000878,云南铜业,0,2026-01-14,MA60,18.2267,22.87,25.6,1.549,3,1.2004,2026-02-27
000700,模塑科技,0,2026-01-07,MA60,10.5538,15.03,13.95,1.547,3,1.3265,2026-02-27
000837,秦川机床,0,2026-01-12,MA60,12.7308,13.52,12.47,1.547,3,1.0274,2026-02-27
001326,联域股份,0,2026-02-10,MA60,47.828,63.66,65.45,1.547,3,1.2522,2026-02-27
000155,川能动力,0,2026-01-26,MA60,12.3038,13.73,14.45,1.543,3,1.0883,2026-02-27
001287,中电港,0,2026-01-27,MA60,23.5708,26.19,24.64,1.543,3,1.1158,2026-02-27
000631,顺发恒能,0,2026-02-05,MA60,3.4972,3.84,3.86,1.541,3,1.1123,2026-02-27
000768,中航西飞,0,2026-01-19,MA60,25.5568,30.19,30.83,1.541,3,1.1746,2026-02-27
000712,锦龙股份,0,2026-02-13,MA60,12.4882,12.94,12.96,1.54,3,1.0298,2026-02-27
001206,依依股份,0,2025-11-19,MA60,28.665,34.01,23.73,1.54,3,1.0884,2026-02-27
000915,华特达因,0,2025-11-07,MA60,33.2032,34.93,32.25,1.539,3,1.0508,2026-02-27
000401,金隅冀东,0,2026-02-05,MA60,4.6673,5.3,5.17,1.538,3,1.1098,2026-02-27
001289,龙源电力,0,2026-02-24,MA60,15.5888,15.91,16.58,1.537,3,1.0142,2026-02-27
000797,中国武夷,0,2025-12-10,MA60,3.2402,4.46,3.17,1.535,3,1.1543,2026-02-27
000565,渝三峡Ａ,0,2026-01-28,MA60,7.8258,8.39,8.72,1.533,3,1.0261,2026-02-27
000895,双汇发展,0,2025-11-10,MA60,25.3048,26.82,26.28,1.533,3,1.0591,2026-02-27
000586,汇源通信,0,2026-02-10,MA60,13.7278,15.65,15.82,1.532,3,1.0876,2026-02-27
000612,焦作万方,0,2026-01-29,MA60,11.1593,14.96,14.87,1.532,3,1.1488,2026-02-27
000553,安道麦A,0,2026-02-24,MA60,5.9647,6.19,6.23,1.531,3,1.0344,2026-02-27
000008,神州高铁,0,2026-01-13,MA60,3.0047,3.1,3.01,1.529,3,1.0018,2026-02-27
000032,深桑达Ａ,0,2026-01-15,MA60,20.0803,21.83,20.65,1.529,3,1.0378,2026-02-27
000547,航天发展,0,2026-02-04,MA60,23.3305,32.5,30.75,1.529,3,1.3004,2026-02-27
000572,海马汽车,0,2025-12-23,MA60,8.0932,9.16,6.89,1.529,3,1.075,2026-02-27
000811,冰轮环境,0,2026-02-24,MA60,16.4253,19.03,20.41,1.527,3,1.1647,2026-02-27
000985,大庆华科,0,2026-01-29,MA60,19.8885,22.3,21.3,1.527,3,1.0549,2026-02-27
000417,合百集团,0,2026-01-21,MA60,7.5875,8.93,7.88,1.524,3,1.1189,2026-02-27
000681,视觉中国,0,2026-02-11,MA60,25.1072,29.27,26.04,1.524,3,1.0591,2026-02-27
000720,新能泰山,0,2026-01-22,MA60,3.5392,3.74,3.97,1.523,3,1.0398,2026-02-27
000823,超声电子,0,2026-02-10,MA60,13.8133,14.81,15.96,1.521,3,1.0808,2026-02-27
000425,徐工机械,0,2026-02-03,MA60,10.8677,11.3,12.26,1.52,3,1.0536,2026-02-27
000776,广发证券,0,2026-01-14,MA60,22.1508,22.49,20.84,1.52,3,1.0126,2026-02-27
000156,华数传媒,0,2026-02-12,MA60,8.0667,9.07,8.55,1.519,3,1.0686,2026-02-27
001222,源飞宠物,0,2025-12-03,MA60,24.4615,26.21,21.76,1.517,3,1.0788,2026-02-27
000039,中集集团,0,2026-02-24,MA60,9.721,12.06,13.5,1.515,3,1.2684,2026-02-27
000607,华媒控股,0,2026-02-04,MA60,4.5055,5.17,4.66,1.515,3,1.1297,2026-02-27
000409,云鼎科技,0,2026-01-19,MA60,11.5477,11.85,11.91,1.513,3,1.0097,2026-02-27
000551,创元科技,0,2026-01-06,MA60,11.807,15.17,15.36,1.513,3,1.2357,2026-02-27
000863,三湘印象,0,2026-01-30,MA60,5.375,6.71,5.79,1.513,3,1.1423,2026-02-27
000663,永安林业,0,2026-01-30,MA120,7.4663,7.83,8.52,1.512,3,1.0166,2026-02-27
000902,新洋丰,0,2026-02-24,MA60,16.0258,17.96,18.3,1.512,3,1.1207,2026-02-27
000657,中钨高新,0,2026-01-27,MA60,28.2128,50.49,66.22,1.51,3,1.7191,2026-02-27
000561,烽火电子,0,2026-01-15,MA60,11.5733,12.39,11.37,1.509,3,1.0109,2026-02-27
000636,风华高科,0,2026-02-06,MA60,17.5595,21.28,26.0,1.508,3,1.1994,2026-02-27
000759,中百集团,0,2025-12-25,MA60,7.5717,8.51,6.91,1.508,3,1.0236,2026-02-27
001213,中铁特货,0,2026-01-28,MA60,4.1413,4.22,4.21,1.508,2,0.9924,2026-02-27
000419,通程控股,0,2025-12-24,MA60,6.1997,6.69,6.45,1.507,3,1.0597,2026-02-27
000807,云铝股份,0,2026-01-30,MA60,29.007,33.64,31.2,1.507,3,1.1108,2026-02-27
002011,盾安环境,0,2025-10-27,MA60,13.11,14.05,13.35,1.506,3,1.0534,2026-02-27
000520,凤凰航运,0,2025-12-22,MA60,4.7233,5.27,4.64,1.505,3,1.0692,2026-02-27
001376,百通能源,0,2026-01-22,MA60,14.7512,21.52,20.9,1.505,3,1.3735,2026-02-27
000751,锌业股份,0,2026-02-03,MA60,4.4938,6.26,7.11,1.504,3,1.235,2026-02-27
001215,千味央厨,0,2026-02-09,MA60,40.8263,43.81,41.29,1.504,3,1.0172,2026-02-27
000498,山东路桥,0,2026-01-28,MA60,6.1008,6.29,6.31,1.501,3,1.0097,2026-02-27
001223,欧克科技,0,2026-02-04,MA60,53.1037,60.83,55.68,1.501,3,1.1016,2026-02-27
